id,source,source_id,url,project_name,developer,unit_number,district,subdistrict,lat,lon,property_type,ownership_type,leasehold_years,title_deed,bedrooms,bathrooms,area_sqm,land_sqm,floor,total_floors,price_thb,price_per_sqm_thb,cam_fee_per_sqm,sinking_fund_per_sqm,furniture_package_thb,monthly_rent_thb,rental_type,rental_yield_claimed,rental_program,rental_pool_split,has_hotel_license,has_pool,has_garden,has_gym,parking_spaces,occupancy_status,is_off_plan,completion_date,year_built,days_on_market,price_drop_count,zone_type,raw_data,scraped_at,updated_at,is_active
1,fazwaz,1-bedroom-condo-for-sale-at-arise-vibe-in-si-sunthon-phuket-u6192574,https://www.fazwaz.com/property-sales/1-bedroom-condo-for-sale-at-arise-vibe-in-si-sunthon-phuket-u6192574,Arise Vibe,,,layan,"Si Sunthon, Thalang, Phuket",,,condo,unknown,,,1.0,,,,,,4600000.0,,,,,,unknown,,0,,0,1,0,0,,,1,,,,,,"{""card_text"": ""see all arise vibe listed 4 days ago updated 3 days ago si sunthon, thalang, phuket ฿4,600,000 (฿116,000/sqm) 1 bedroom condo for sale at arise vibe the only top floor 1 bed+ unit in building a at arise vibe! don't miss this exceptional chance to own a 1 bedroom plus unit at arise vibe - a sold-out unit type within one of phuket's most sought-afte... details: 1 bedroom(s) 1 bathroom(s) 39.70 sqm p"", ""tags"": [""cam fee:฿1,985/mo"", ""sinking fund:฿19,850"", ""updated: 3 days ago""], ""location_text"": ""Si Sunthon, Thalang, Phuket"", ""url"": ""https://www.fazwaz.com/property-sales/1-bedroom-condo-for-sale-at-arise-vibe-in-si-sunthon-phuket-u6192574""}",2026-04-21 09:02:24.832931,2026-04-21 09:02:24.832931,1
2,fazwaz,2-bedroom-penthouse-for-sale-at-nai-harn-beach-condominium-in-rawai-phuket-u1967238,https://www.fazwaz.com/property-sales/2-bedroom-penthouse-for-sale-at-nai-harn-beach-condominium-in-rawai-phuket-u1967238,Nai Harn Beach Condominium,,,rawai,"Rawai, Phuket Town, Phuket",,,house,leasehold,,,,,,,,,7500000.0,,,,,,unknown,,0,,0,0,0,0,,,0,,,,,,"{""card_text"": ""nai harn beach condominium updated 3 days ago rawai, phuket town, phuket ฿7,500,000 ฿8,999,999 (฿66,500/sqm) 2 bedroom penthouse for sale at nai harn beach condominium experience true tropical living at nai harn beach condominium, one of rawai’s most desirable low-rise residences just walking distance to the world-famous nai harn beach.\nthis exceptional 6th-fl... details: 2 bedroom(s) 2 bathroom(s"", ""tags"": [""cam fee:฿7,889/mo"", ""updated: 3 days ago""], ""location_text"": ""Rawai, Phuket Town, Phuket"", ""url"": ""https://www.fazwaz.com/property-sales/2-bedroom-penthouse-for-sale-at-nai-harn-beach-condominium-in-rawai-phuket-u1967238""}",2026-04-21 09:02:24.842349,2026-04-21 09:02:24.842349,1
3,fazwaz,2-bedroom-penthouse-for-sale-at-diamond-condominium-bang-tao-in-choeng-thale-phuket-u6145848,https://www.fazwaz.com/property-sales/2-bedroom-penthouse-for-sale-at-diamond-condominium-bang-tao-in-choeng-thale-phuket-u6145848,Diamond Condominium Bang Tao,,,cherng-talay,"Choeng Thale, Thalang, Phuket",,,house,unknown,,,,,,,,,18000000.0,,,,,,unknown,,0,,0,1,0,0,,,0,,,,,,"{""card_text"": ""see all diamond condominium bang tao 5% guar. return for 5 years listed 2 weeks ago updated 3 days ago choeng thale, thalang, phuket ฿18,000,000 (฿135,000/sqm) 2 bedroom penthouse for sale at diamond condominium bang tao discover luxury tropical living just moments from the beach at diamond condominium bang tao, located in one of phuket’s most sought-after lifestyle destinations.\nthis exceptional "", ""tags"": [""cam fee:฿9,314/mo"", ""sinking fund:฿66,525"", ""updated: 3 days ago""], ""location_text"": ""Choeng Thale, Thalang, Phuket"", ""url"": ""https://www.fazwaz.com/property-sales/2-bedroom-penthouse-for-sale-at-diamond-condominium-bang-tao-in-choeng-thale-phuket-u6145848""}",2026-04-21 09:02:24.842349,2026-04-21 09:02:24.842349,1
4,fazwaz,2-bedroom-condo-for-sale-at-nai-harn-beach-condominium-in-rawai-phuket-u5346015,https://www.fazwaz.com/property-sales/2-bedroom-condo-for-sale-at-nai-harn-beach-condominium-in-rawai-phuket-u5346015,Nai Harn Beach Condominium,,,rawai,"Rawai, Phuket Town, Phuket",,,condo,leasehold,,,,,,,,,6500000.0,,,,,,unknown,,0,,0,1,1,0,,,0,,,,,,"{""card_text"": ""nai harn beach condominium updated 3 days ago rawai, phuket town, phuket ฿6,500,000 ฿8,499,999 (฿57,700/sqm) 2 bedroom condo for sale at nai harn beach condominium live the ultimate phuket beach lifestyle at nai harn beach condominium — a spacious and beautifully renovated 2-bedroom corner unit just walking distance to one of phuket’s most stunning b... details: 2 bedroom(s) 2 bathroom(s) 112.70 s"", ""tags"": [""est. rent:฿56,300/mo| roi:10%"", ""cam fee:฿7,889/mo"", ""updated: 3 days ago""], ""location_text"": ""Rawai, Phuket Town, Phuket"", ""url"": ""https://www.fazwaz.com/property-sales/2-bedroom-condo-for-sale-at-nai-harn-beach-condominium-in-rawai-phuket-u5346015""}",2026-04-21 09:02:24.842349,2026-04-21 09:02:24.842349,1
5,fazwaz,14-bedroom-hotel-for-sale-in-patong-phuket-u5803265,https://www.fazwaz.com/property-sales/14-bedroom-hotel-for-sale-in-patong-phuket-u5803265,Hotel Commercial Opportunity For Sale In Patong,,,patong,"Patong, Kathu, Phuket",,,condo,unknown,,,,,,,,,80000000.0,,,,,,unknown,,0,,0,0,0,0,,,0,,,,,,"{""card_text"": ""see all hotel commercial opportunity for sale in patong updated 5 hours ago patong, kathu, phuket ฿80,000,000 ฿90,000,000 (฿26,700/sqm) 14 bedroom hotel for sale in patong, phuket prime commercial building for sale – 14-room boutique hotel opportunity near patong beach perfectly positioned on the main road from patong to karon, this well-maintained 4-storey commercial pro... details: 14 bedroom(s)"", ""tags"": [""updated: 5 hours ago""], ""location_text"": ""Patong, Kathu, Phuket"", ""url"": ""https://www.fazwaz.com/property-sales/14-bedroom-hotel-for-sale-in-patong-phuket-u5803265""}",2026-04-21 09:02:24.851870,2026-04-21 09:02:24.851870,1
6,fazwaz,1-bedroom-condo-for-sale-at-utopia-naiharn-in-rawai-phuket-u6195146,https://www.fazwaz.com/property-sales/1-bedroom-condo-for-sale-at-utopia-naiharn-in-rawai-phuket-u6195146,Utopia Naiharn,,,rawai,"Rawai, Phuket Town, Phuket",,,condo,leasehold,,,,,,,,,3180000.0,,,,,,unknown,,0,,0,0,1,0,,,0,,,,,,"{""card_text"": ""see all utopia naiharn 8% guar. return for 3 years listed 4 hours ago rawai, phuket town, phuket ฿3,180,000 (฿72,800/sqm) 1 bedroom condo for sale at utopia naiharn this is a one-bedroom condominium unit with a total floor area of 42 square meters. the space is thoughtfully designed, featuring a comfortable bedroom, a modern bathroom, and an open-concept living a... details: 1 bedroom(s) 1 bathroo"", ""tags"": [""cam fee:฿2,184/mo"", ""sinking fund:฿21,835""], ""location_text"": ""Rawai, Phuket Town, Phuket"", ""url"": ""https://www.fazwaz.com/property-sales/1-bedroom-condo-for-sale-at-utopia-naiharn-in-rawai-phuket-u6195146""}",2026-04-21 09:02:24.854217,2026-04-21 09:02:24.854217,1
7,fazwaz,1-bedroom-condo-for-sale-at-nai-harn-beach-condominium-in-rawai-phuket-u5628030,https://www.fazwaz.com/property-sales/1-bedroom-condo-for-sale-at-nai-harn-beach-condominium-in-rawai-phuket-u5628030,Nai Harn Beach Condominium,,,rawai,"Rawai, Phuket Town, Phuket",,,condo,leasehold,,,,,2.0,,,,4200000.0,2100000.0,,,,,unknown,,0,,0,1,0,0,,,0,,,,,,"{""card_text"": ""see all nai harn beach condominium updated 3 days ago rawai, phuket town, phuket ฿4,200,000 ฿4,500,000 (฿73,400/sqm) 1 bedroom condo for sale at nai harn beach condominium discover a rare opportunity to own a spacious unit near one of phuket’s most beautiful beaches at nai harn beach condominium.\nthis generously sized unit (57.2 sqm) is located on the 5th floor, o... details: 1 bedroom(s) 1 bathro"", ""tags"": [""est. rent:฿39,800/mo| roi:11%"", ""cam fee:฿4,004/mo"", ""updated: 3 days ago""], ""location_text"": ""Rawai, Phuket Town, Phuket"", ""url"": ""https://www.fazwaz.com/property-sales/1-bedroom-condo-for-sale-at-nai-harn-beach-condominium-in-rawai-phuket-u5628030""}",2026-04-21 09:02:24.854217,2026-04-21 09:02:24.854217,1
8,fazwaz,1-bedroom-condo-for-sale-at-the-title-halo-1-in-sakhu-phuket-u5946968,https://www.fazwaz.com/property-sales/1-bedroom-condo-for-sale-at-the-title-halo-1-in-sakhu-phuket-u5946968,The Title Halo 1,,,mai-khao,"Sakhu, Thalang, Phuket",,,condo,leasehold,,,,,,,,,4500000.0,,,,,,unknown,,0,,0,0,0,0,,,0,,,,,,"{""card_text"": ""see all the title halo 1 updated 5 hours ago sakhu, thalang, phuket ฿4,500,000 ฿6,000,000 (฿99,300/sqm) 1 bedroom condo for sale at the title halo 1 discover a rare opportunity to own a highest-floor sea view unit at the title halo 1 — one of phuket’s most sought-after lifestyle developments, located just moments from naiyang beach.\nth... details: 1 bedroom(s) 1 bathroom(s) 45.31 sqm property type"", ""tags"": [""est. rent:฿49,400/mo| roi:13%"", ""cam fee:฿2,719/mo"", ""sinking fund:฿27,186"", ""updated: 5 hours ago""], ""location_text"": ""Sakhu, Thalang, Phuket"", ""url"": ""https://www.fazwaz.com/property-sales/1-bedroom-condo-for-sale-at-the-title-halo-1-in-sakhu-phuket-u5946968""}",2026-04-21 09:02:24.854217,2026-04-21 09:02:24.854217,1
9,fazwaz,1-bedroom-condo-for-sale-at-space-cherngtalay-condominium-in-choeng-thale-phuket-u6153834,https://www.fazwaz.com/property-sales/1-bedroom-condo-for-sale-at-space-cherngtalay-condominium-in-choeng-thale-phuket-u6153834,Space Cherngtalay Condominium,,,cherng-talay,"Choeng Thale, Thalang, Phuket",,,condo,unknown,,,,,,,,,3500000.0,,,,,,unknown,,0,,0,0,0,0,,,0,,,,,,"{""card_text"": ""see all space cherngtalay condominium listed 2 weeks ago choeng thale, thalang, phuket ฿3,500,000 (฿123,000/sqm) 1 bedroom condo for sale at space cherngtalay condominium welcome to space cherngtalay condominium, a modern residential project located near the beautiful bang tao beach in phuket. designed with a deep understanding of your needs, the condominium offers the... details: 1 bedroom(s) 1 b"", ""tags"": [""est. rent:฿27,400/mo| roi:9%"", ""cam fee:฿1,428/mo""], ""location_text"": ""Choeng Thale, Thalang, Phuket"", ""url"": ""https://www.fazwaz.com/property-sales/1-bedroom-condo-for-sale-at-space-cherngtalay-condominium-in-choeng-thale-phuket-u6153834""}",2026-04-21 09:02:24.854217,2026-04-21 09:02:24.854217,1
10,fazwaz,2-bedroom-condo-for-sale-at-the-deck-patong-in-patong-phuket-u5606032,https://www.fazwaz.com/property-sales/2-bedroom-condo-for-sale-at-the-deck-patong-in-patong-phuket-u5606032,The Deck Patong,,,patong,"Patong, Kathu, Phuket",,,condo,unknown,,,,,32.0,,,,8900000.0,278125.0,,,,,unknown,,0,,0,1,0,0,,,0,,,,,,"{""card_text"": ""the deck patong updated 2 days ago patong, kathu, phuket ฿8,900,000 ฿9,590,000 (฿136,000/sqm) 2 bedroom condo for sale at the deck patong discover a rare opportunity to own a 2-bedroom, 2-bathroom condominium at the deck patong, located on the 7th floor (building b) with a generous 65.32 sqm of well-planned living space.\nthe unit enjoys... details: 2 bedroom(s) 2 bathroom(s) 65.32 sqm property typ"", ""tags"": [""rent:฿70,000/mo| roi:9%"", ""cam fee:฿3,593/mo"", ""sinking fund:฿39,192"", ""updated: 2 days ago""], ""location_text"": ""Patong, Kathu, Phuket"", ""url"": ""https://www.fazwaz.com/property-sales/2-bedroom-condo-for-sale-at-the-deck-patong-in-patong-phuket-u5606032""}",2026-04-21 09:02:24.854217,2026-04-21 09:02:24.854217,1
11,fazwaz,5-bedroom-villa-for-sale-at-jungle-village-in-kamala-phuket-u5897850,https://www.fazwaz.com/property-sales/5-bedroom-villa-for-sale-at-jungle-village-in-kamala-phuket-u5897850,Jungle Village,,,kamala,"Kamala, Kathu, Phuket",,,villa,unknown,,,,,,,,,15250000.0,,,,,,unknown,,0,,0,1,1,0,,,0,,,,,,"{""card_text"": ""see all jungle village updated 37 minutes ago kamala, kathu, phuket ฿15,250,000 ฿16,000,000 (฿92,100/sqm) 5 bedroom villa for sale at jungle village welcome to this spacious 5-bedroom, 3-bathroom private pool villa located in jungle village, kamala, one of phuket’s most peaceful and family-friendly residential communities.this beautiful 2-st... details: 5 bedroom(s) 3 bathroom(s) 165.68 sqm proper"", ""tags"": [""updated: 37 minutes ago""], ""location_text"": ""Kamala, Kathu, Phuket"", ""url"": ""https://www.fazwaz.com/property-sales/5-bedroom-villa-for-sale-at-jungle-village-in-kamala-phuket-u5897850""}",2026-04-21 09:02:24.865068,2026-04-21 09:02:24.865068,1
12,fazwaz,2-bedroom-condo-for-sale-at-the-view-luxury-condominium-in-karon-phuket-u1393422,https://www.fazwaz.com/property-sales/2-bedroom-condo-for-sale-at-the-view-luxury-condominium-in-karon-phuket-u1393422,The View Luxury Condominium,,,karon,"Karon, Phuket Town, Phuket",,,land,leasehold,,,,,,,,,13900000.0,,,,,,unknown,,0,,0,1,1,0,,,0,,,,,,"{""card_text"": ""the view luxury condominium updated 6 hours ago karon, phuket town, phuket ฿13,900,000 ฿21,000,000 (฿90,300/sqm) 2 bedroom condo for sale at the view luxury condominium superb ultimate seaview apartment with optimum space on the south west coast of the island, offering very comfortable living for those who appreciate the finer things in life - this apartment comes wi... details: 2 bedroom(s) 2 bat"", ""tags"": [""rent:฿150,000/mo| roi:13%"", ""cam fee:฿10,010/mo"", ""sinking fund:฿1,830"", ""updated: 6 hours ago""], ""location_text"": ""Karon, Phuket Town, Phuket"", ""url"": ""https://www.fazwaz.com/property-sales/2-bedroom-condo-for-sale-at-the-view-luxury-condominium-in-karon-phuket-u1393422""}",2026-04-21 09:02:24.867944,2026-04-21 09:02:24.867944,1
13,fazwaz,1-bedroom-condo-for-sale-at-fantasea-condo-kamala-in-kamala-phuket-u6171538,https://www.fazwaz.com/property-sales/1-bedroom-condo-for-sale-at-fantasea-condo-kamala-in-kamala-phuket-u6171538,Fantasea Condo Kamala,,,kamala,"Kamala, Kathu, Phuket",,,condo,leasehold,,,,,75.0,,,,2589000.0,34520.0,,,,,unknown,,0,,0,0,0,0,,,0,,,,,,"{""card_text"": ""see all fantasea condo kamala listed 6 hours ago kamala, kathu, phuket ฿2,589,000 ฿2,899,000 (฿96,800/sqm) 1 bedroom condo for sale at fantasea condo kamala discover this modern 1-bedroom condo of 26.75 sqm located in the sought-after fantasea condo kamala, one of the newest developments in phuket, completed in 2024.\nperfectly designed for comfortable liv... details: 1 bedroom(s) 1 bathroom(s) 26."", ""tags"": [""est. rent:฿22,800/mo| roi:11%"", ""cam fee:฿1,338/mo"", ""sinking fund:฿13,375""], ""location_text"": ""Kamala, Kathu, Phuket"", ""url"": ""https://www.fazwaz.com/property-sales/1-bedroom-condo-for-sale-at-fantasea-condo-kamala-in-kamala-phuket-u6171538""}",2026-04-21 09:02:24.867944,2026-04-21 09:02:24.867944,1
14,fazwaz,land-for-sale-in-kathu-phuket-u6184702,https://www.fazwaz.com/property-sales/land-for-sale-in-kathu-phuket-u6184702,Land for Villa Development 21+ Rai | 10 Min Patong & Central,,,kathu,"Kathu, Kathu, Phuket",,,villa,unknown,,,,,8.0,,,,300000000.0,37500000.0,,,,,unknown,,0,,0,0,0,0,,,0,,,,,,"{""card_text"": ""see all land for villa development 21+ rai | 10 min patong & central listed 1 week ago updated 1 week ago kathu, kathu, phuket ฿300,000,000 (฿8,790/sqm) land for sale in kathu, phuket executive summary\nprime land plot of 21 rai 1 ngan 35.7 sq.wah (~34,142.8 sqm) located in kathu, ideal for low-density villa development under green zoning.\n\n10 mins to central phuket\n10 mins to paton... details: 34,"", ""tags"": [""updated: 1 week ago""], ""location_text"": ""Kathu, Kathu, Phuket"", ""url"": ""https://www.fazwaz.com/property-sales/land-for-sale-in-kathu-phuket-u6184702""}",2026-04-21 09:02:24.870926,2026-04-21 09:02:24.870926,1
15,fazwaz,5-bedroom-villa-for-sale-in-choeng-thale-phuket-u6193586,https://www.fazwaz.com/property-sales/5-bedroom-villa-for-sale-in-choeng-thale-phuket-u6193586,Kok Tanod Villa Chengthalay for Sale,,,cherng-talay,"Choeng Thale, Thalang, Phuket",,,villa,unknown,,,4.0,4.0,2440.0,,,,55000000.0,22540.98,,,,,unknown,,0,,0,1,1,0,,,0,,,,,,"{""card_text"": ""see all kok tanod villa chengthalay for sale listed 1 hour ago choeng thale, thalang, phuket ฿55,000,000 (฿120,000/sqm) 5 bedroom villa for sale in choeng thale, phuket land 1-2-10.9 rai (2440sqm) both buillding and land registration under thai company \nthere is 1 big villa 4bed with 4bath plus 1 bedroom (mini condo guest room with bathroom and living, planty) l... details: 5 bedroom(s) 4 bathroom"", ""tags"": [], ""location_text"": ""Choeng Thale, Thalang, Phuket"", ""url"": ""https://www.fazwaz.com/property-sales/5-bedroom-villa-for-sale-in-choeng-thale-phuket-u6193586""}",2026-04-21 09:02:24.870926,2026-04-21 09:02:24.870926,1
16,fazwaz,1-bedroom-condo-for-sale-at-aristo-2-in-choeng-thale-phuket-u6200105,https://www.fazwaz.com/property-sales/1-bedroom-condo-for-sale-at-aristo-2-in-choeng-thale-phuket-u6200105,Aristo 2,,,cherng-talay,"Choeng Thale, Thalang, Phuket",,,condo,unknown,,,,,,,,,6900000.0,,,,,,unknown,,0,,0,0,0,0,,,0,,,,,,"{""card_text"": ""see all aristo 2 listed 1 hour ago choeng thale, thalang, phuket ฿6,900,000 (฿121,000/sqm) 1 bedroom condo for sale at aristo 2 beautiful 1-bedroom seaview condo, fully furnished and move-in ready, located within walking distance to surin and bangtao beaches. situated in one of phuket’s most prestigious and upscale areas... details: 1 bedroom(s) 1 bathroom(s) 57 sqm property type: condo beach 0.73"", ""tags"": [""rent:฿35,000/mo| roi:6%"", ""cam fee:฿2,850/mo"", ""sinking fund:฿9,690""], ""location_text"": ""Choeng Thale, Thalang, Phuket"", ""url"": ""https://www.fazwaz.com/property-sales/1-bedroom-condo-for-sale-at-aristo-2-in-choeng-thale-phuket-u6200105""}",2026-04-21 09:02:24.870926,2026-04-21 09:02:24.870926,1
17,fazwaz,3-bedroom-apartment-for-sale-at-sansuri-in-choeng-thale-phuket-u6196723,https://www.fazwaz.com/property-sales/3-bedroom-apartment-for-sale-at-sansuri-in-choeng-thale-phuket-u6196723,Sansuri,,,cherng-talay,"Choeng Thale, Thalang, Phuket",,,condo,leasehold,,,,,,,,,15900000.0,,,,,,unknown,,0,,0,1,1,0,,,0,,,,,,"{""card_text"": ""see all sansuri listed 22 hours ago choeng thale, thalang, phuket ฿15,900,000 (฿88,300/sqm) 3 bedroom apartment for sale at sansuri sansuri phuket – just 6 minutes to surin beach\nproperty highlights  \nbuilt in 2014\n📌 leasehold under thai company  \n➡️ option to convert to freehold for 700,000 thb\n• spacious 18... details: 3 bedroom(s) 2 bathroom(s) 180 sqm property type: apartment beach 1.14 km lea"", ""tags"": [""cam fee:฿9,900/mo"", ""sinking fund:฿90,000""], ""location_text"": ""Choeng Thale, Thalang, Phuket"", ""url"": ""https://www.fazwaz.com/property-sales/3-bedroom-apartment-for-sale-at-sansuri-in-choeng-thale-phuket-u6196723""}",2026-04-21 09:02:24.878078,2026-04-21 09:02:24.878078,1
18,fazwaz,2-bedroom-apartment-for-sale-at-skypark-celeste-laguna-in-choeng-thale-phuket-u6181165,https://www.fazwaz.com/property-sales/2-bedroom-apartment-for-sale-at-skypark-celeste-laguna-in-choeng-thale-phuket-u6181165,Skypark Celeste Laguna,,,cherng-talay,"Choeng Thale, Thalang, Phuket",,,condo,unknown,,,,,,,,,13700000.0,,,,,,unknown,,0,,0,0,0,0,,,0,,,,,,"{""card_text"": ""see all skypark celeste laguna listed 2 days ago choeng thale, thalang, phuket ฿13,700,000 (฿229,000/sqm) 2 bedroom apartment for sale at skypark celeste laguna a living space where architecture and nature work together: airy transitions between buildings, panoramic views of the lagoon and green hills, and a sense of resort privacy without compromising comfor... details: 2 bedroom(s) 2 bathroom(s)"", ""tags"": [""est. rent:฿70,100/mo| roi:6%"", ""cam fee:฿303/mo""], ""location_text"": ""Choeng Thale, Thalang, Phuket"", ""url"": ""https://www.fazwaz.com/property-sales/2-bedroom-apartment-for-sale-at-skypark-celeste-laguna-in-choeng-thale-phuket-u6181165""}",2026-04-21 09:02:24.878078,2026-04-21 09:02:24.878078,1
19,fazwaz,1-bedroom-condo-for-sale-at-citygate-in-kamala-phuket-u6196178,https://www.fazwaz.com/property-sales/1-bedroom-condo-for-sale-at-citygate-in-kamala-phuket-u6196178,CITYGATE,,,kamala,"Kamala, Kathu, Phuket",,,condo,leasehold,,,,,,,,,4100000.0,,,,,,unknown,,0,,0,0,0,0,,,0,,,,,,"{""card_text"": ""see all citygate listed 22 hours ago updated 22 hours ago kamala, kathu, phuket ฿4,100,000 (฿124,000/sqm) 1 bedroom condo for sale at citygate a cozy corner apartment with a very well-positioned layout inside the complex - quiet, private, no direct neighbors, with a pleasant view over the internal area.\n- hardly ever lived in- one owner, rar... details: 1 bedroom(s) 1 bathroom(s) 33 sqm property t"", ""tags"": [""est. rent:฿31,800/mo| roi:9%"", ""cam fee:฿1,980/mo"", ""sinking fund:฿19,800"", ""updated: 22 hours ago""], ""location_text"": ""Kamala, Kathu, Phuket"", ""url"": ""https://www.fazwaz.com/property-sales/1-bedroom-condo-for-sale-at-citygate-in-kamala-phuket-u6196178""}",2026-04-21 09:02:24.878078,2026-04-21 09:02:24.878078,1
20,fazwaz,2-bedroom-condo-for-sale-at-layan-green-park-phase-2-in-choeng-thale-phuket-u6190132,https://www.fazwaz.com/property-sales/2-bedroom-condo-for-sale-at-layan-green-park-phase-2-in-choeng-thale-phuket-u6190132,Layan Green Park Phase 2,,,cherng-talay,"Choeng Thale, Thalang, Phuket",,,condo,unknown,,,,,,,,,14250000.0,,,,,,unknown,,0,,0,1,0,0,,,1,,,,,,"{""card_text"": ""see all layan green park phase 2 listed 4 days ago choeng thale, thalang, phuket ฿14,250,000 (฿190,000/sqm) 2 bedroom condo for sale at layan green park phase 2 2-bedroom apartment for sale at layan green park, phuket\ndiscover a brand-new residence in one of phuket’s most promising developments, located in the prestigious laguna area—an exce... details: 2 bedroom(s) 1 bathroom(s) 75 sqm property t"", ""tags"": [""cam fee:฿5,625/mo"", ""sinking fund:฿48,750""], ""location_text"": ""Choeng Thale, Thalang, Phuket"", ""url"": ""https://www.fazwaz.com/property-sales/2-bedroom-condo-for-sale-at-layan-green-park-phase-2-in-choeng-thale-phuket-u6190132""}",2026-04-21 09:02:24.883950,2026-04-21 09:02:24.883950,1
21,fazwaz,1-bedroom-apartment-for-sale-at-sky-park-in-choeng-thale-phuket-u6189887,https://www.fazwaz.com/property-sales/1-bedroom-apartment-for-sale-at-sky-park-in-choeng-thale-phuket-u6189887,Sky Park,,,cherng-talay,"Choeng Thale, Thalang, Phuket",,,condo,leasehold,,,,,35.0,,,,4500000.0,128571.43,,,,,unknown,,0,,0,0,0,0,,,0,,,,,,"{""card_text"": ""see all sky park listed 5 days ago choeng thale, thalang, phuket ฿4,500,000 (฿129,000/sqm) 1 bedroom apartment for sale at sky park own your piece of paradise in phuket\n1-bedroom condo | 35 sqm | leaseholdlocated in the prestigious skypark aurora laguna phuket, one of phuket’s most sought-after resort communities.\nthis... details: 1 bedroom(s) 1 bathroom(s) 35 sqm property type: apartment beach 0."", ""tags"": [""est. rent:฿22,600/mo| roi:6%"", ""cam fee:฿2,100/mo"", ""sinking fund:฿3,500""], ""location_text"": ""Choeng Thale, Thalang, Phuket"", ""url"": ""https://www.fazwaz.com/property-sales/1-bedroom-apartment-for-sale-at-sky-park-in-choeng-thale-phuket-u6189887""}",2026-04-21 09:02:24.885390,2026-04-21 09:02:24.885390,1
22,fazwaz,1-bedroom-condo-for-sale-at-citygate-in-kamala-phuket-u6192486,https://www.fazwaz.com/property-sales/1-bedroom-condo-for-sale-at-citygate-in-kamala-phuket-u6192486,CITYGATE,,,kamala,"Kamala, Kathu, Phuket",,,condo,unknown,,,1.0,,35.0,,,,4500000.0,128571.43,,,,,unknown,,0,,0,0,0,0,,,0,,,,,,"{""card_text"": ""see all citygate listed 2 days ago kamala, kathu, phuket ฿4,500,000 (฿129,000/sqm) 1 bedroom condo for sale at citygate lovely 1-bedroom unit at citygate, located on the 8th floor with a great layout and practical use of space. \nproperty details: - project: citygate- type: 1 bedroom - size: 35 sq.m. ... details: 1 bedroom(s) 1 bathroom(s) 35 sqm property type: condo beach 1.17 km year built 2019 l"", ""tags"": [""est. rent:฿34,800/mo| roi:9%"", ""cam fee:฿2,100/mo"", ""sinking fund:฿21,000""], ""location_text"": ""Kamala, Kathu, Phuket"", ""url"": ""https://www.fazwaz.com/property-sales/1-bedroom-condo-for-sale-at-citygate-in-kamala-phuket-u6192486""}",2026-04-21 09:02:24.888771,2026-04-21 09:02:24.888771,1
23,fazwaz,1-bedroom-condo-for-sale-at-citygate-de-phuket-in-kamala-phuket-u6195064,https://www.fazwaz.com/property-sales/1-bedroom-condo-for-sale-at-citygate-de-phuket-in-kamala-phuket-u6195064,Citygate De Phuket,,,kamala,"Kamala, Kathu, Phuket",,,condo,unknown,,,,,,,,,6210000.0,,,,,,unknown,,0,,0,1,0,0,,,1,,,,,,"{""card_text"": ""see all citygate de phuket listed 2 days ago kamala, kathu, phuket ฿6,210,000 (฿135,000/sqm) 1 bedroom condo for sale at citygate de phuket citygate de phuket is a development that features condominiums within the same project. located near the sea, it offers an ideal setting for relaxation and comfortable living in the heart of kamala. t... details: 1 bedroom(s) 1 bathroom(s) 46 sqm property type"", ""tags"": [""cam fee:฿3,680/mo"", ""sinking fund:฿46,000""], ""location_text"": ""Kamala, Kathu, Phuket"", ""url"": ""https://www.fazwaz.com/property-sales/1-bedroom-condo-for-sale-at-citygate-de-phuket-in-kamala-phuket-u6195064""}",2026-04-21 09:02:24.890533,2026-04-21 09:02:24.890533,1
24,fazwaz,2-bedroom-apartment-for-sale-at-katabello-in-karon-phuket-u6188270,https://www.fazwaz.com/property-sales/2-bedroom-apartment-for-sale-at-katabello-in-karon-phuket-u6188270,Katabello,,,karon,"Karon, Phuket Town, Phuket",,,condo,unknown,,,,,37.0,,,,5550000.0,150000.0,,,,,unknown,,0,,0,0,0,0,,,1,,,,,,"{""card_text"": ""see all katabello listed 2 days ago karon, phuket town, phuket ฿5,550,000 (฿150,000/sqm) 2 bedroom apartment for sale at katabello the title katabello — an investment with comfort by the sea!\napartment — 37 m²price: 5,500,000 thb = 12,400,000 rub (developer’s price — 5,735,000 thb = 14,300,000 rub)gro... details: 2 bedroom(s) 1 bathroom(s) 37 sqm property type: apartment beach 1.6 km off plan 2027"", ""tags"": [""cam fee:฿112,000/mo"", ""sinking fund:฿1,120,000""], ""location_text"": ""Karon, Phuket Town, Phuket"", ""url"": ""https://www.fazwaz.com/property-sales/2-bedroom-apartment-for-sale-at-katabello-in-karon-phuket-u6188270""}",2026-04-21 09:02:24.892234,2026-04-21 09:02:24.892234,1
25,fazwaz,3-bedroom-villa-for-sale-at-tanode-estate-in-choeng-thale-phuket-u5729211,https://www.fazwaz.com/property-sales/3-bedroom-villa-for-sale-at-tanode-estate-in-choeng-thale-phuket-u5729211,Tanode Estate,,,cherng-talay,"Choeng Thale, Thalang, Phuket",,,villa,unknown,,,,,,,,,22890000.0,,,,,,unknown,,0,,0,1,1,0,,,0,,,,,,"{""card_text"": ""see all tanode estate listed 5 days ago updated 4 days ago choeng thale, thalang, phuket ฿22,890,000 (฿86,100/sqm) 3 bedroom villa for sale at tanode estate minutes away from the action and miles away from the noise.  imagine a home that breathes with you. tucked away in an exclusive enclave of just 13 villas, this property offers the intimacy and qu... details: 3 bedroom(s) 3.5 bathroom(s) 266 sq"", ""tags"": [""rent:฿170,000/mo| roi:9%"", ""cam fee:฿8,500/mo"", ""sinking fund:฿100,000"", ""updated: 4 days ago""], ""location_text"": ""Choeng Thale, Thalang, Phuket"", ""url"": ""https://www.fazwaz.com/property-sales/3-bedroom-villa-for-sale-at-tanode-estate-in-choeng-thale-phuket-u5729211""}",2026-04-21 09:02:24.892234,2026-04-21 09:02:24.892234,1
26,fazwaz,3-bedroom-villa-for-sale-in-rawai-phuket-u6151088,https://www.fazwaz.com/property-sales/3-bedroom-villa-for-sale-in-rawai-phuket-u6151088,14 Mil Thb Rawai Villa for Sale,,,rawai,"Rawai, Phuket Town, Phuket",,,villa,unknown,,,,,490.0,,,,14000000.0,28571.43,,,,,unknown,,0,,0,1,1,0,,,0,,,,,,"{""card_text"": ""see all 14 mil thb rawai villa for sale listed 1 day ago rawai, phuket town, phuket ฿14,000,000 (฿62,200/sqm) 3 bedroom villa for sale in rawai, phuket • bedrooms: 3\n\n\n• bathrooms: 4\n• bathtub\n• view: garden, swimming pool\n• land area : 490 sqm\n• living area : 225 sqm\n• covered parking\n• pool: 9m x 4m\n• o... details: 3 bedroom(s) 4 bathroom(s) 225 sqm property type: villa year built 2016 pool view"", ""tags"": [], ""location_text"": ""Rawai, Phuket Town, Phuket"", ""url"": ""https://www.fazwaz.com/property-sales/3-bedroom-villa-for-sale-in-rawai-phuket-u6151088""}",2026-04-21 09:02:24.892234,2026-04-21 09:02:24.892234,1
27,fazwaz,6-bedroom-villa-for-sale-at-cape-amarin-in-kamala-phuket-u1946970,https://www.fazwaz.com/property-sales/6-bedroom-villa-for-sale-at-cape-amarin-in-kamala-phuket-u1946970,Cape Amarin,,,kamala,"Kamala, Kathu, Phuket",,,villa,unknown,,,,,,,,,161000000.0,,,,,,unknown,,0,,0,1,0,0,,,0,,,,,,"{""card_text"": ""see all cape amarin updated 5 days ago kamala, kathu, phuket ฿161,000,000 (฿89,200/sqm) 6 bedroom villa for sale at cape amarin recently discounted villa now on sale. this villa is also a great investment becuase the rental pool is very good all year round. details: 6 bedroom(s) 7 bathroom(s) 1,800 sqm property type: villa year built 2015 sea view mountain view beachfront beach access oceanfront p"", ""tags"": [""updated: 5 days ago""], ""location_text"": ""Kamala, Kathu, Phuket"", ""url"": ""https://www.fazwaz.com/property-sales/6-bedroom-villa-for-sale-at-cape-amarin-in-kamala-phuket-u1946970""}",2026-04-21 09:02:24.892234,2026-04-21 09:02:24.892234,1
28,fazwaz,3-bedroom-villa-for-sale-at-vista-del-mar-phuket-in-sakhu-phuket-u6189898,https://www.fazwaz.com/property-sales/3-bedroom-villa-for-sale-at-vista-del-mar-phuket-in-sakhu-phuket-u6189898,Vista Del Mar Phuket,,,mai-khao,"Sakhu, Thalang, Phuket",,,villa,unknown,,,,,,,,,35700000.0,,,,,,unknown,,0,,0,1,0,0,,,0,,,,,,"{""card_text"": ""see all vista del mar phuket listed 4 days ago sakhu, thalang, phuket ฿35,700,000 (฿119,000/sqm) 3 bedroom villa for sale at vista del mar phuket vista del mar, a luxury pool villa close to naithon beach, which is only 600 meters away and is only a 10-minute drive from phuket international airport. the villa is in a quiet and private atmosphere... details: 3 bedroom(s) 3 bathroom(s) 300 sqm proper"", ""tags"": [""est. rent:฿129,000/mo| roi:4%"", ""cam fee:฿15,000/mo"", ""sinking fund:฿90,000""], ""location_text"": ""Sakhu, Thalang, Phuket"", ""url"": ""https://www.fazwaz.com/property-sales/3-bedroom-villa-for-sale-at-vista-del-mar-phuket-in-sakhu-phuket-u6189898""}",2026-04-21 09:02:24.899609,2026-04-21 09:02:24.899609,1
29,fazwaz,3-bedroom-villa-for-sale-at-botanica-modern-loft-ii-in-si-sunthon-phuket-u5947589,https://www.fazwaz.com/property-sales/3-bedroom-villa-for-sale-at-botanica-modern-loft-ii-in-si-sunthon-phuket-u5947589,Botanica Modern Loft II,,,layan,"Si Sunthon, Thalang, Phuket",,,villa,unknown,,,3.0,3.0,,,,,24900000.0,,,,,,unknown,,0,,0,1,1,1,,,0,,,,,,"{""card_text"": ""see all botanica modern loft ii listed 1 day ago si sunthon, thalang, phuket ฿24,900,000 (฿151,000/sqm) 3 bedroom villa for sale at botanica modern loft ii premium complex: botanica modern loft 2, bang tao 3 bedrooms | 3 bathrooms \n\nprivate 10m swimming pool\na gym will be built on the territory of the complex\n24/7 security\nlaundry room and storage\ngreen... details: 3 bedroom(s) 3 bathroom(s) 165 s"", ""tags"": [""est. rent:฿180,000/mo| roi:9%"", ""cam fee:฿5,300/mo"", ""sinking fund:฿100,000""], ""location_text"": ""Si Sunthon, Thalang, Phuket"", ""url"": ""https://www.fazwaz.com/property-sales/3-bedroom-villa-for-sale-at-botanica-modern-loft-ii-in-si-sunthon-phuket-u5947589""}",2026-04-21 09:02:24.899609,2026-04-21 09:02:24.899609,1
30,fazwaz,4-bedroom-house-for-sale-at-setthasiri-kohkaew-retreat-in-ko-kaeo-phuket-u6121177,https://www.fazwaz.com/property-sales/4-bedroom-house-for-sale-at-setthasiri-kohkaew-retreat-in-ko-kaeo-phuket-u6121177,Setthasiri Kohkaew Retreat,,,phuket-town,"Ko Kaeo, Phuket Town, Phuket",,,house,unknown,,,,,,,,,28900000.0,,,,,,unknown,,0,,0,1,1,0,,,0,,,,,,"{""card_text"": ""see all setthasiri kohkaew retreat listed 1 day ago ko kaeo, phuket town, phuket ฿28,900,000 ฿29,900,000 (฿101,000/sqm) 4 bedroom house for sale at setthasiri kohkaew retreat setthasiri koh kaew retreat – directly opposite british international school phuket(bisp)discover the epitome of luxury living in this exquisitely crafted modern classic show house.every detail... details: 4 bedroom(s) 5 bath"", ""tags"": [""est. rent:฿182,000/mo| roi:8%"", ""cam fee:฿21,408/mo""], ""location_text"": ""Ko Kaeo, Phuket Town, Phuket"", ""url"": ""https://www.fazwaz.com/property-sales/4-bedroom-house-for-sale-at-setthasiri-kohkaew-retreat-in-ko-kaeo-phuket-u6121177""}",2026-04-21 09:02:24.899609,2026-04-21 09:02:24.899609,1
31,fazwaz,2-bedroom-condo-for-sale-at-the-base-central-phuket-in-wichit-phuket-u6194032,https://www.fazwaz.com/property-sales/2-bedroom-condo-for-sale-at-the-base-central-phuket-in-wichit-phuket-u6194032,THE BASE Central Phuket,,,phuket-town,"Wichit, Phuket Town, Phuket",,,condo,unknown,,,2.0,1.0,,,,,4400000.0,,,,,,unknown,,0,,0,0,0,0,,,0,,,,,,"{""card_text"": ""see all the base central phuket listed 2 days ago wichit, phuket town, phuket ฿4,400,000 (฿94,100/sqm) 2 bedroom condo for sale at the base central phuket 2 bedroom/ 1 bathroom corner roominclude furniture and electrical appliance, washing machinenear headstart international school phuketnear central phuketnear phuket townnear bangkok international... details: 2 bedroom(s) 1 bathroom(s) 46.75 sqm "", ""tags"": [""est. rent:฿29,200/mo| roi:8%"", ""cam fee:฿2,712/mo"", ""sinking fund:฿23,375""], ""location_text"": ""Wichit, Phuket Town, Phuket"", ""url"": ""https://www.fazwaz.com/property-sales/2-bedroom-condo-for-sale-at-the-base-central-phuket-in-wichit-phuket-u6194032""}",2026-04-21 09:02:32.132227,2026-04-21 09:02:32.132227,1
32,fazwaz,2-bedroom-condo-for-sale-at-the-title-halo-1-in-sakhu-phuket-u6193023,https://www.fazwaz.com/property-sales/2-bedroom-condo-for-sale-at-the-title-halo-1-in-sakhu-phuket-u6193023,The Title Halo 1,,,mai-khao,"Sakhu, Thalang, Phuket",,,condo,unknown,,,,,,,,,7900000.0,,,,,,unknown,,0,,0,1,0,0,,,0,,,,,,"{""card_text"": ""see all the title halo 1 listed 2 days ago sakhu, thalang, phuket ฿7,900,000 (฿134,000/sqm) 2 bedroom condo for sale at the title halo 1 enjoy a stylish and comfortable stay in this modern 2-bedroom condo at the title halo 1, just minutes from naiyang beach and phuket international airport. perfect for couples, families, or remote work... details: 2 bedroom(s) 2 bathroom(s) 59 sqm property type: c"", ""tags"": [""rent:฿59,000/mo| roi:9%"", ""cam fee:฿3,540/mo"", ""sinking fund:฿35,400""], ""location_text"": ""Sakhu, Thalang, Phuket"", ""url"": ""https://www.fazwaz.com/property-sales/2-bedroom-condo-for-sale-at-the-title-halo-1-in-sakhu-phuket-u6193023""}",2026-04-21 09:02:32.135145,2026-04-21 09:02:32.135145,1
33,fazwaz,4-bedroom-villa-for-sale-at-vista-del-mar-phuket-in-sakhu-phuket-u6189894,https://www.fazwaz.com/property-sales/4-bedroom-villa-for-sale-at-vista-del-mar-phuket-in-sakhu-phuket-u6189894,Vista Del Mar Phuket,,,mai-khao,"Sakhu, Thalang, Phuket",,,villa,unknown,,,,,,,,,42000000.0,,,,,,unknown,,0,,0,1,0,0,,,0,,,,,,"{""card_text"": ""see all vista del mar phuket listed 4 days ago sakhu, thalang, phuket ฿42,000,000 (฿127,000/sqm) 4 bedroom villa for sale at vista del mar phuket vista del mar, a luxury pool villa close to naithon beach, which is only 600 meters away and is only a 10-minute drive from phuket international airport. the villa is in a quiet and private atmosphere... details: 4 bedroom(s) 4 bathroom(s) 330 sqm proper"", ""tags"": [""cam fee:฿16,500/mo"", ""sinking fund:฿99,000""], ""location_text"": ""Sakhu, Thalang, Phuket"", ""url"": ""https://www.fazwaz.com/property-sales/4-bedroom-villa-for-sale-at-vista-del-mar-phuket-in-sakhu-phuket-u6189894""}",2026-04-21 09:02:32.137223,2026-04-21 09:02:32.137223,1
34,fazwaz,1-bedroom-apartment-for-sale-at-ayana-heights-seaview-residence-in-choeng-thale-phuket-u6199907,https://www.fazwaz.com/property-sales/1-bedroom-apartment-for-sale-at-ayana-heights-seaview-residence-in-choeng-thale-phuket-u6199907,AYANA Heights Seaview Residence,,,cherng-talay,"Choeng Thale, Thalang, Phuket",,,condo,unknown,,,,,,,,,9490000.0,,,,,,unknown,,0,,0,1,0,0,,,1,,,,,,"{""card_text"": ""see all ayana heights seaview residence listed 1 hour ago choeng thale, thalang, phuket ฿9,490,000 (฿165,000/sqm) 1 bedroom apartment for sale at ayana heights seaview residence the price of the apartment includes a furniture package. another advantage is that you will only have neighbors on the floor below. this is a corner apartment on the top floor with a view of the pool. details: 1 bedroom(s)"", ""tags"": [""cam fee:฿3,454/mo"", ""sinking fund:฿46,056""], ""location_text"": ""Choeng Thale, Thalang, Phuket"", ""url"": ""https://www.fazwaz.com/property-sales/1-bedroom-apartment-for-sale-at-ayana-heights-seaview-residence-in-choeng-thale-phuket-u6199907""}",2026-04-21 09:02:32.140193,2026-04-21 09:02:32.140193,1
35,fazwaz,1-bedroom-condo-for-sale-at-the-title-legendary-bang-tao-in-choeng-thale-phuket-u6186092,https://www.fazwaz.com/property-sales/1-bedroom-condo-for-sale-at-the-title-legendary-bang-tao-in-choeng-thale-phuket-u6186092,The Title Legendary-Bang Tao,,,cherng-talay,"Choeng Thale, Thalang, Phuket",,,condo,leasehold,,,,,,,,,5790000.0,,,,,,unknown,,0,,0,0,0,0,,,0,,,,,,"{""card_text"": ""see all the title legendary-bang tao listed 6 days ago updated 5 days ago choeng thale, thalang, phuket ฿5,790,000 (฿145,000/sqm) 1 bedroom condo for sale at the title legendary-bang tao exclusive 1-bedroom apartment at the title legendary bangtao — mountain view | building h | 4th floor | zero construction noisea rare opportunity to own one of the most peaceful and well-positio... details: 1 bedr"", ""tags"": [""rent:฿42,000/mo| roi:9%"", ""cam fee:฿3,000/mo"", ""sinking fund:฿28,000"", ""updated: 5 days ago""], ""location_text"": ""Choeng Thale, Thalang, Phuket"", ""url"": ""https://www.fazwaz.com/property-sales/1-bedroom-condo-for-sale-at-the-title-legendary-bang-tao-in-choeng-thale-phuket-u6186092""}",2026-04-21 09:02:32.142216,2026-04-21 09:02:32.142216,1
36,fazwaz,3-bedroom-house-for-sale-at-the-plant-kathu-patong-in-kathu-phuket-u5999801,https://www.fazwaz.com/property-sales/3-bedroom-house-for-sale-at-the-plant-kathu-patong-in-kathu-phuket-u5999801,The Plant Kathu-Patong,,,kathu,"Kathu, Kathu, Phuket",,,house,unknown,,,,,,,,,7290000.0,,,,,,unknown,,0,,0,0,1,0,,,0,,,,,,"{""card_text"": ""see all the plant kathu-patong listed 4 days ago kathu, kathu, phuket ฿7,290,000 ฿7,500,000 (฿52,100/sqm) 3 bedroom house for sale at the plant kathu-patong the house is on renovation process and scheduled to be completed around march 2026\nthe completed house includes built-in furniture details: 3 bedroom(s) 2 bathroom(s) 140 sqm property type: house garden view private garden terrace balcony est."", ""tags"": [""est. rent:฿35,500/mo| roi:6%""], ""location_text"": ""Kathu, Kathu, Phuket"", ""url"": ""https://www.fazwaz.com/property-sales/3-bedroom-house-for-sale-at-the-plant-kathu-patong-in-kathu-phuket-u5999801""}",2026-04-21 09:02:32.143202,2026-04-21 09:02:32.143202,1
37,fazwaz,2-bedroom-villa-for-sale-at-villa-cheloni-in-kamala-phuket-u638430,https://www.fazwaz.com/property-sales/2-bedroom-villa-for-sale-at-villa-cheloni-in-kamala-phuket-u638430,Villa Cheloni,,,kamala,"Kamala, Kathu, Phuket",,,villa,unknown,,,,,120.0,,,,10000000.0,83333.33,,,,,unknown,,0,,0,1,1,0,,,0,,,,,,"{""card_text"": ""see all villa cheloni updated 3 days ago kamala, kathu, phuket ฿10,000,000 (฿83,300/sqm) 2 bedroom villa for sale at villa cheloni discover serene tropical living in this elegant single-storey private pool villa at villa cheloni.with 120 sqm of indoor space set on a generous 400 sqm land plot, this beautifully designed 2-bedroom,... details: 2 bedroom(s) 3 bathroom(s) 120 sqm property type: villa "", ""tags"": [""est. rent:฿22,200/mo| roi:3%"", ""updated: 3 days ago""], ""location_text"": ""Kamala, Kathu, Phuket"", ""url"": ""https://www.fazwaz.com/property-sales/2-bedroom-villa-for-sale-at-villa-cheloni-in-kamala-phuket-u638430""}",2026-04-21 09:02:32.146721,2026-04-21 09:02:32.146721,1
38,fazwaz,studio-condo-for-sale-at-vip-great-hill-condominium-in-sakhu-phuket-u6192593,https://www.fazwaz.com/property-sales/studio-condo-for-sale-at-vip-great-hill-condominium-in-sakhu-phuket-u6192593,VIP Great Hill Condominium,,,mai-khao,"Sakhu, Thalang, Phuket",,,condo,unknown,,,,,,,,,2105263.0,,,,,,short_term,,0,,0,1,0,0,,,0,,,,,,"{""card_text"": ""see all vip great hill condominium 6% guar. return for 2 years listed 2 days ago sakhu, thalang, phuket ฿2,105,263 (฿95,700/sqm) studio condo for sale at vip great hill condominium the condo includes - jym, pool with kids zone, underground parking, 2 elevators, rooftop terrace with ocean view. 10 minutes walk to naiyang beach!near: 24/7 tops daily, exchanges, laundry, cafe, rest... details: studio"", ""tags"": [""cam fee:฿660/mo"", ""sinking fund:฿8,800""], ""location_text"": ""Sakhu, Thalang, Phuket"", ""url"": ""https://www.fazwaz.com/property-sales/studio-condo-for-sale-at-vip-great-hill-condominium-in-sakhu-phuket-u6192593""}",2026-04-21 09:02:32.148729,2026-04-21 09:02:32.148729,1
39,fazwaz,3-bedroom-house-for-sale-at-habitia-kohkaew-phuket-in-ko-kaeo-phuket-u6193909,https://www.fazwaz.com/property-sales/3-bedroom-house-for-sale-at-habitia-kohkaew-phuket-in-ko-kaeo-phuket-u6193909,Habitia Kohkaew Phuket,,,phuket-town,"Ko Kaeo, Phuket Town, Phuket",,,house,unknown,,,,,,,,,5590000.0,,,,,,unknown,,0,,0,0,1,0,,,0,,,,,,"{""card_text"": ""see all habitia kohkaew phuket listed 2 days ago ko kaeo, phuket town, phuket ฿5,590,000 (฿38,000/sqm) 3 bedroom house for sale at habitia kohkaew phuket located in the peaceful habitia koh kaew community, this fully furnished 3-bedroom home is perfect for families with children studying at bisp. 3 minutes to british international school 10 minutes to... details: 3 bedroom(s) 1.5 bathroom(s) 147 s"", ""tags"": [""est. rent:฿51,700/mo| roi:11%"", ""cam fee:฿1,404/mo""], ""location_text"": ""Ko Kaeo, Phuket Town, Phuket"", ""url"": ""https://www.fazwaz.com/property-sales/3-bedroom-house-for-sale-at-habitia-kohkaew-phuket-in-ko-kaeo-phuket-u6193909""}",2026-04-21 09:02:32.151836,2026-04-21 09:02:32.151836,1
40,fazwaz,4-bedroom-villa-for-sale-at-the-regent-pool-villa-in-kamala-phuket-u18668,https://www.fazwaz.com/property-sales/4-bedroom-villa-for-sale-at-the-regent-pool-villa-in-kamala-phuket-u18668,The Regent Pool Villa,,,kamala,"Kamala, Kathu, Phuket",,,villa,unknown,,,,,,,,,12000000.0,,,,,,unknown,,0,,0,1,1,0,,,0,,,,,,"{""card_text"": ""see all the regent pool villa updated 4 days ago kamala, kathu, phuket ฿12,000,000 ฿13,800,000 (฿47,200/sqm) 4 bedroom villa for sale at the regent pool villa discover the perfect balance of luxury, privacy, and tropical comfort with this beautifully designed 4-bedroom, 3-bathroom private pool villa at the regent pool villas, kamala. offering a generous 254... details: 4 bedroom(s) 3 bathroom(s) 2"", ""tags"": [""cam fee:฿2,400/mo"", ""sinking fund:฿80,000"", ""updated: 4 days ago""], ""location_text"": ""Kamala, Kathu, Phuket"", ""url"": ""https://www.fazwaz.com/property-sales/4-bedroom-villa-for-sale-at-the-regent-pool-villa-in-kamala-phuket-u18668""}",2026-04-21 09:02:32.153822,2026-04-21 09:02:32.153822,1
41,fazwaz,4-bedroom-villa-for-sale-at-surin-heights-in-choeng-thale-phuket-u5587039,https://www.fazwaz.com/property-sales/4-bedroom-villa-for-sale-at-surin-heights-in-choeng-thale-phuket-u5587039,Surin Heights,,,cherng-talay,"Choeng Thale, Thalang, Phuket",,,villa,unknown,,,,,,,,,103000000.0,,,,,,unknown,,0,,0,1,0,0,,,0,,,,,,"{""card_text"": ""see all surin heights updated 5 days ago choeng thale, thalang, phuket ฿103,000,000 (฿206,000/sqm) 4 bedroom villa for sale at surin heights this villa features two master bedrooms and two other large sized rooms perfectly situated at the top of surin beach. the villa has unmatched ocean views with stunning sunsets. other features:- c... details: 4 bedroom(s) 4.5 bathroom(s) 500 sqm property type:"", ""tags"": [""cam fee:฿562,000/mo"", ""updated: 5 days ago""], ""location_text"": ""Choeng Thale, Thalang, Phuket"", ""url"": ""https://www.fazwaz.com/property-sales/4-bedroom-villa-for-sale-at-surin-heights-in-choeng-thale-phuket-u5587039""}",2026-04-21 09:02:32.156829,2026-04-21 09:02:32.156829,1
42,fazwaz,1-bedroom-condo-for-sale-at-utopia-naiharn-in-rawai-phuket-u6121543,https://www.fazwaz.com/property-sales/1-bedroom-condo-for-sale-at-utopia-naiharn-in-rawai-phuket-u6121543,Utopia Naiharn,,,rawai,"Rawai, Phuket Town, Phuket",,,condo,unknown,,,,,,,,,7100000.0,,,,,,unknown,,0,,0,0,0,1,,,0,,,,,,"{""card_text"": ""see all utopia naiharn 8% guar. return for 3 years listed 3 weeks ago updated 3 hours ago rawai, phuket town, phuket ฿7,100,000 (฿113,000/sqm) 1 bedroom condo for sale at utopia naiharn exclusive unit features huge 65 inch lg oled tv \n\n5.1 sound system (home cinema) \ngreat panoramic view \nbar table \nyour personal gym on the terrace \nwashing machine \n2 te... details: 1 bedroom(s) 1 bathroom(s) 63 s"", ""tags"": [""cam fee:฿3,150/mo"", ""sinking fund:฿31,500"", ""updated: 3 hours ago""], ""location_text"": ""Rawai, Phuket Town, Phuket"", ""url"": ""https://www.fazwaz.com/property-sales/1-bedroom-condo-for-sale-at-utopia-naiharn-in-rawai-phuket-u6121543""}",2026-04-21 09:02:32.158820,2026-04-21 09:02:32.158820,1
43,fazwaz,3-bedroom-villa-for-sale-at-the-elegance-by-phirunda-in-chalong-phuket-u6091928,https://www.fazwaz.com/property-sales/3-bedroom-villa-for-sale-at-the-elegance-by-phirunda-in-chalong-phuket-u6091928,The Elegance by Phirunda,,,chalong,"Chalong, Phuket Town, Phuket",,,villa,unknown,,,3.0,,,,,,7990000.0,,,,,,unknown,,0,,0,1,1,0,,,1,,,,,,"{""card_text"": ""see all the elegance by phirunda listed 4 hours ago chalong, phuket town, phuket ฿7,990,000 (฿40,000/sqm) 3 bedroom villa for sale at the elegance by phirunda 3 bedroom pool villa for sale\n\n\n3 bedroom private pool villa for sale in chalong – ideal investment opportunity\nthis 3-bedroom, 3.5-bathroom private pool villa is located in a peaceful residenti... details: 3 bedroom(s) 3.5 bathroom(s) 200 s"", ""tags"": [], ""location_text"": ""Chalong, Phuket Town, Phuket"", ""url"": ""https://www.fazwaz.com/property-sales/3-bedroom-villa-for-sale-at-the-elegance-by-phirunda-in-chalong-phuket-u6091928""}",2026-04-21 09:02:32.160747,2026-04-21 09:02:32.160747,1
44,fazwaz,1-bedroom-condo-for-sale-at-ayana-heights-seaview-residence-in-choeng-thale-phuket-u6172029,https://www.fazwaz.com/property-sales/1-bedroom-condo-for-sale-at-ayana-heights-seaview-residence-in-choeng-thale-phuket-u6172029,AYANA Heights Seaview Residence,,,cherng-talay,"Choeng Thale, Thalang, Phuket",,,condo,unknown,,,,,,,,,5000000.0,,,,,,unknown,,0,,0,1,0,0,,,1,,,,,,"{""card_text"": ""see all ayana heights seaview residence listed 1 week ago choeng thale, thalang, phuket ฿5,000,000 (฿114,000/sqm) 1 bedroom condo for sale at ayana heights seaview residence discover ayana heights seaview residence: a haven of luxury living \nabout the project: nestled in the scenic bang tao area of phuket, thailand, ayana heights seaview residence stands as an e... details: 1 bedroom(s) 1 bathroom"", ""tags"": [""cam fee:฿2,640/mo"", ""sinking fund:฿35,200""], ""location_text"": ""Choeng Thale, Thalang, Phuket"", ""url"": ""https://www.fazwaz.com/property-sales/1-bedroom-condo-for-sale-at-ayana-heights-seaview-residence-in-choeng-thale-phuket-u6172029""}",2026-04-21 09:02:32.163717,2026-04-21 09:02:32.163717,1
45,fazwaz,4-bedroom-house-for-sale-at-supalai-palm-spring-banpon-phuket-in-si-sunthon-phuket-u6175630,https://www.fazwaz.com/property-sales/4-bedroom-house-for-sale-at-supalai-palm-spring-banpon-phuket-in-si-sunthon-phuket-u6175630,Supalai Palm Spring Banpon Phuket,,,layan,"Si Sunthon, Thalang, Phuket",,,house,unknown,,,4.0,6.0,,,,,16000000.0,,,,,,unknown,,0,,0,0,1,0,,,0,,,,,,"{""card_text"": ""see all supalai palm spring banpon phuket listed 4 days ago updated 4 days ago si sunthon, thalang, phuket ฿16,000,000 (฿47,100/sqm) 4 bedroom house for sale at supalai palm spring banpon phuket ready to move in fully firnished and equipped the biggest house for a big family in supalai palm spring\n4 beds | 6 baths | 2 living spaces | maid roomhouse area 340 sq m | land plot 523 sq m details: 4 bed"", ""tags"": [""est. rent:฿124,000/mo| roi:9%"", ""cam fee:฿3,400/mo"", ""updated: 4 days ago""], ""location_text"": ""Si Sunthon, Thalang, Phuket"", ""url"": ""https://www.fazwaz.com/property-sales/4-bedroom-house-for-sale-at-supalai-palm-spring-banpon-phuket-in-si-sunthon-phuket-u6175630""}",2026-04-21 09:02:32.165769,2026-04-21 09:02:32.165769,1
46,fazwaz,2-bedroom-condo-for-sale-at-ayana-heights-seaview-residence-in-choeng-thale-phuket-u6179223,https://www.fazwaz.com/property-sales/2-bedroom-condo-for-sale-at-ayana-heights-seaview-residence-in-choeng-thale-phuket-u6179223,AYANA Heights Seaview Residence,,,cherng-talay,"Choeng Thale, Thalang, Phuket",,,condo,unknown,,,,,,,,,13900000.0,,,,,,unknown,,0,,0,1,0,0,,,1,,,,,,"{""card_text"": ""see all ayana heights seaview residence listed 1 week ago choeng thale, thalang, phuket ฿13,900,000 (฿185,000/sqm) 2 bedroom condo for sale at ayana heights seaview residence discover ayana heights seaview residence: a haven of luxury living \nabout the project: nestled in the scenic bang tao area of phuket, thailand, ayana heights seaview residence stands as an e... details: 2 bedroom(s) 2 bathroo"", ""tags"": [""cam fee:฿4,500/mo"", ""sinking fund:฿60,000""], ""location_text"": ""Choeng Thale, Thalang, Phuket"", ""url"": ""https://www.fazwaz.com/property-sales/2-bedroom-condo-for-sale-at-ayana-heights-seaview-residence-in-choeng-thale-phuket-u6179223""}",2026-04-21 09:02:32.167726,2026-04-21 09:02:32.167726,1
47,fazwaz,5-bedroom-villa-for-sale-at-the-pavilions-phuket-in-choeng-thale-phuket-u6074610,https://www.fazwaz.com/property-sales/5-bedroom-villa-for-sale-at-the-pavilions-phuket-in-choeng-thale-phuket-u6074610,The Pavilions Phuket,,,cherng-talay,"Choeng Thale, Thalang, Phuket",,,villa,unknown,,,,,,,,,59000000.0,,,,,,unknown,,0,,0,1,1,0,,,0,,,,,,"{""card_text"": ""see all the pavilions phuket updated 10 hours ago choeng thale, thalang, phuket ฿59,000,000 ฿69,000,000 (฿125,000/sqm) 5 bedroom villa for sale at the pavilions phuket this is not a speculative luxury villa.this is a performing 5-bedroom hospitality asset inside the pavilions phuket generating documented rental income across multiple established booking channels.\nof... details: 5 bedroom(s) 5.5 ba"", ""tags"": [""cam fee:฿35,000/mo"", ""updated: 10 hours ago""], ""location_text"": ""Choeng Thale, Thalang, Phuket"", ""url"": ""https://www.fazwaz.com/property-sales/5-bedroom-villa-for-sale-at-the-pavilions-phuket-in-choeng-thale-phuket-u6074610""}",2026-04-21 09:02:32.170736,2026-04-21 09:02:32.170736,1
48,fazwaz,land-for-sale-in-pa-khlok-phuket-u6137768,https://www.fazwaz.com/property-sales/land-for-sale-in-pa-khlok-phuket-u6137768,1-3-80 Rai Land for Sale in Pa Khlok,,,pa-khlok,"Pa Khlok, Thalang, Phuket",,,land,unknown,,,,,3120.0,,,,12000000.0,3846.15,,,,,unknown,,0,,0,0,1,0,,,0,,,,,,"{""card_text"": ""see all 1-3-80 rai land for sale in pa khlok listed 1 day ago pa khlok, thalang, phuket ฿12,000,000 (฿3,850/sqm) land for sale in pa khlok, phuket this property is a 3,120 sqm land plot that is available for sale. it is located in pa khlok, phuket. you can buy this land for a base price of ฿12,000,000 (฿3,850/sqm). details: 3,120 sqm property type: land pier 1.36 km river or canal view garden view"", ""tags"": [], ""location_text"": ""Pa Khlok, Thalang, Phuket"", ""url"": ""https://www.fazwaz.com/property-sales/land-for-sale-in-pa-khlok-phuket-u6137768""}",2026-04-21 09:02:32.171737,2026-04-21 09:02:32.171737,1
49,fazwaz,4-bedroom-villa-for-sale-at-trichada-breeze-in-choeng-thale-phuket-u6180310,https://www.fazwaz.com/property-sales/4-bedroom-villa-for-sale-at-trichada-breeze-in-choeng-thale-phuket-u6180310,Trichada Breeze,,,cherng-talay,"Choeng Thale, Thalang, Phuket",,,villa,unknown,,,,,,,,,29500000.0,,,,,,unknown,,0,,0,1,1,0,,,0,,,,,,"{""card_text"": ""see all trichada breeze listed 5 days ago choeng thale, thalang, phuket ฿29,500,000 (฿70,200/sqm) 4 bedroom villa for sale at trichada breeze a new villa development project in phuket from the same well-known developer who has consistently attracted a large number of buyers’ demands in over three previous overwhelming successful trich... details: 4 bedroom(s) 4 bathroom(s) 420 sqm property type: v"", ""tags"": [""est. rent:฿218,000/mo| roi:9%""], ""location_text"": ""Choeng Thale, Thalang, Phuket"", ""url"": ""https://www.fazwaz.com/property-sales/4-bedroom-villa-for-sale-at-trichada-breeze-in-choeng-thale-phuket-u6180310""}",2026-04-21 09:02:32.173737,2026-04-21 09:02:32.173737,1
50,fazwaz,6-bedroom-villa-for-sale-at-peykaa-estate-villas-in-thep-krasattri-phuket-u6193818,https://www.fazwaz.com/property-sales/6-bedroom-villa-for-sale-at-peykaa-estate-villas-in-thep-krasattri-phuket-u6193818,Peykaa Estate Villas,,,thalang,"Thep Krasattri, Thalang, Phuket",,,villa,unknown,,,,,,,,,39500000.0,,,,,,unknown,,0,,0,1,1,0,,,0,,,,,,"{""card_text"": ""see all peykaa estate villas listed 3 days ago updated 1 day ago thep krasattri, thalang, phuket ฿39,500,000 (฿95,400/sqm) 6 bedroom villa for sale at peykaa estate villas peykaa estate villas, a luxury pool villa project on expansive land with an extra communal area and lush garden. the project is also secured with a security system for 24 hours to deliver residents' p... details: 6 bedroom(s) 6."", ""tags"": [""cam fee:฿13,462/mo"", ""sinking fund:฿100,000"", ""updated: 1 day ago""], ""location_text"": ""Thep Krasattri, Thalang, Phuket"", ""url"": ""https://www.fazwaz.com/property-sales/6-bedroom-villa-for-sale-at-peykaa-estate-villas-in-thep-krasattri-phuket-u6193818""}",2026-04-21 09:02:32.176736,2026-04-21 09:02:32.176736,1
51,fazwaz,5-bedroom-villa-for-sale-at-layan-residences-by-anantara-in-choeng-thale-phuket-u6186952,https://www.fazwaz.com/property-sales/5-bedroom-villa-for-sale-at-layan-residences-by-anantara-in-choeng-thale-phuket-u6186952,Layan Residences by Anantara,,,cherng-talay,"Choeng Thale, Thalang, Phuket",,,villa,unknown,,,,,,,,,320000000.0,,,,,,unknown,,0,,0,1,0,0,,,0,,,,,,"{""card_text"": ""see all layan residences by anantara listed 1 week ago updated 1 week ago choeng thale, thalang, phuket ฿320,000,000 (฿149,000/sqm) 5 bedroom villa for sale at layan residences by anantara experience the pinnacle of island living\nperched on the pristine hillside of layan beach, villa 12a offers an unparalleled blend of contemporary thai architecture and absolute privacy. as part of the... details:"", ""tags"": [""cam fee:฿85,880/mo"", ""updated: 1 week ago""], ""location_text"": ""Choeng Thale, Thalang, Phuket"", ""url"": ""https://www.fazwaz.com/property-sales/5-bedroom-villa-for-sale-at-layan-residences-by-anantara-in-choeng-thale-phuket-u6186952""}",2026-04-21 09:02:32.186378,2026-04-21 09:02:32.186378,1
52,fazwaz,1-bedroom-condo-for-sale-at-the-standard-residences-in-choeng-thale-phuket-u6199867,https://www.fazwaz.com/property-sales/1-bedroom-condo-for-sale-at-the-standard-residences-in-choeng-thale-phuket-u6199867,The Standard Residences,,,cherng-talay,"Choeng Thale, Thalang, Phuket",,,land,unknown,,,,,27200.0,,,,13800000.0,507.35,,,,,unknown,,0,,0,1,0,0,,,1,,,,,,"{""card_text"": ""see all the standard residences listed 6 hours ago choeng thale, thalang, phuket ฿13,800,000 (฿184,000/sqm) 1 bedroom condo for sale at the standard residences the standard residences\nnestled within a sprawling 17-rai (27,200 sq.m.) lifestyle compound, the standard residences offer a harmonious blend of contemporary elegance and relaxed resort living. boasti... details: 1 bedroom(s) 1 bathroom(s) "", ""tags"": [""cam fee:฿6,000/mo"", ""sinking fund:฿37,500""], ""location_text"": ""Choeng Thale, Thalang, Phuket"", ""url"": ""https://www.fazwaz.com/property-sales/1-bedroom-condo-for-sale-at-the-standard-residences-in-choeng-thale-phuket-u6199867""}",2026-04-21 09:02:32.189347,2026-04-21 09:02:32.189347,1
53,fazwaz,4-bedroom-villa-for-sale-at-botanica-foresta-in-thep-krasattri-phuket-u6190690,https://www.fazwaz.com/property-sales/4-bedroom-villa-for-sale-at-botanica-foresta-in-thep-krasattri-phuket-u6190690,Botanica Foresta,,,thalang,"Thep Krasattri, Thalang, Phuket",,,villa,unknown,,,,,,,,,41700000.0,,,,,,unknown,,0,,0,1,1,0,,,0,,,,,,"{""card_text"": ""see all botanica foresta listed 5 days ago thep krasattri, thalang, phuket ฿41,700,000 (฿92,700/sqm) 4 bedroom villa for sale at botanica foresta no matter you are looking for luxury, privacy, tranquility, relaxation, comfort, or modernity, your search has ended here at botanica foresta phase 10, a luxurious pool villa. guaranteed by many quali... details: 4 bedroom(s) 4 bathroom(s) 450 sqm proper"", ""tags"": [""est. rent:฿296,000/mo| roi:9%"", ""cam fee:฿15,540/mo"", ""sinking fund:฿100,000""], ""location_text"": ""Thep Krasattri, Thalang, Phuket"", ""url"": ""https://www.fazwaz.com/property-sales/4-bedroom-villa-for-sale-at-botanica-foresta-in-thep-krasattri-phuket-u6190690""}",2026-04-21 09:02:32.192361,2026-04-21 09:02:32.192361,1
54,fazwaz,1-bedroom-apartment-for-sale-at-wekata-luxury-in-karon-phuket-u6188858,https://www.fazwaz.com/property-sales/1-bedroom-apartment-for-sale-at-wekata-luxury-in-karon-phuket-u6188858,Wekata Luxury,,,karon,"Karon, Phuket Town, Phuket",,,condo,leasehold,,,1.0,1.0,66.0,,,,5800008.0,87878.91,,,,,unknown,,0,,0,0,0,0,,,0,,,,,,"{""card_text"": ""see all wekata luxury listed 2 days ago karon, phuket town, phuket ฿5,800,008 (฿167,000/sqm) 1 bedroom apartment for sale at wekata luxury this property is a 34.66 sqm condo with 1 bedroom and 1 bathroom that is available for sale. it is part of the wekata luxury project in karon, phuket and was completed in jan 2022. details: 1 bedroom(s) 1 bathroom(s) 34.66 sqm property type: apartment beach 0.5"", ""tags"": [""cam fee:฿2,080/mo"", ""sinking fund:฿13,864""], ""location_text"": ""Karon, Phuket Town, Phuket"", ""url"": ""https://www.fazwaz.com/property-sales/1-bedroom-apartment-for-sale-at-wekata-luxury-in-karon-phuket-u6188858""}",2026-04-21 09:02:32.194361,2026-04-21 09:02:32.194361,1
55,fazwaz,1-bedroom-condo-for-sale-at-the-modeva-in-choeng-thale-phuket-u6180890,https://www.fazwaz.com/property-sales/1-bedroom-condo-for-sale-at-the-modeva-in-choeng-thale-phuket-u6180890,The Modeva,,,cherng-talay,"Choeng Thale, Thalang, Phuket",,,land,unknown,,,,,,,,,5286100.0,,,,,,unknown,,0,,0,0,1,0,,,1,,,,,,"{""card_text"": ""see all the modeva listed 5 days ago choeng thale, thalang, phuket ฿5,286,100 (฿160,000/sqm) 1 bedroom condo for sale at the modeva discover the modeva, a revolutionary residential complex in phuket that redefines modern living. nestled amidst lush landscapes and breathtaking scenery, the modeva combines state-of-the-art architect... details: 1 bedroom(s) 1 bathroom(s) 33 sqm property type: condo "", ""tags"": [""cam fee:฿2,805/mo"", ""sinking fund:฿28,050""], ""location_text"": ""Choeng Thale, Thalang, Phuket"", ""url"": ""https://www.fazwaz.com/property-sales/1-bedroom-condo-for-sale-at-the-modeva-in-choeng-thale-phuket-u6180890""}",2026-04-21 09:02:32.196361,2026-04-21 09:02:32.196361,1
56,fazwaz,2-bedroom-condo-for-sale-at-phuket-golf-view-condominium-in-kathu-phuket-u6186062,https://www.fazwaz.com/property-sales/2-bedroom-condo-for-sale-at-phuket-golf-view-condominium-in-kathu-phuket-u6186062,Phuket Golf View Condominium,,,kathu,"Kathu, Kathu, Phuket",,,condo,unknown,,,,,,,,,2890000.0,,,,,,unknown,,0,,0,0,1,0,,,0,,,,,,"{""card_text"": ""see all phuket golf view condominium listed 6 days ago updated 5 days ago kathu, kathu, phuket ฿2,890,000 (฿48,900/sqm) 2 bedroom condo for sale at phuket golf view condominium experience a unique lifestyle in a serene surrounding that is surrounded by a number of amenities at the green golf condo. the project provides 360-degree views of green spaces hidden in the tranquil... details: 2 bedroom(s"", ""tags"": [""cam fee:฿1,006/mo"", ""updated: 5 days ago""], ""location_text"": ""Kathu, Kathu, Phuket"", ""url"": ""https://www.fazwaz.com/property-sales/2-bedroom-condo-for-sale-at-phuket-golf-view-condominium-in-kathu-phuket-u6186062""}",2026-04-21 09:02:32.198362,2026-04-21 09:02:32.198362,1
57,fazwaz,3-bedroom-villa-for-sale-at-gold-chariot-in-choeng-thale-phuket-u6176760,https://www.fazwaz.com/property-sales/3-bedroom-villa-for-sale-at-gold-chariot-in-choeng-thale-phuket-u6176760,Gold Chariot,,,cherng-talay,"Choeng Thale, Thalang, Phuket",,,villa,unknown,,,,,,,,,24900000.0,,,,,,unknown,,0,,0,1,1,0,,,0,,,,,,"{""card_text"": ""see all gold chariot listed 1 week ago updated 1 week ago choeng thale, thalang, phuket ฿24,900,000 (฿66,800/sqm) 3 bedroom villa for sale at gold chariot gold chariot villas — ready-to-move community living in phuket\ngold chariot is not just a villa project — it is a thoughtfully designed residential community with its own infrastructure, c... details: 3 bedroom(s) 4 bathroom(s) 373 sqm property "", ""tags"": [""updated: 1 week ago""], ""location_text"": ""Choeng Thale, Thalang, Phuket"", ""url"": ""https://www.fazwaz.com/property-sales/3-bedroom-villa-for-sale-at-gold-chariot-in-choeng-thale-phuket-u6176760""}",2026-04-21 09:02:32.200349,2026-04-21 09:02:32.200349,1
58,fazwaz,1-bedroom-apartment-for-sale-at-above-element-in-choeng-thale-phuket-u6171562,https://www.fazwaz.com/property-sales/1-bedroom-apartment-for-sale-at-above-element-in-choeng-thale-phuket-u6171562,Above Element,,,cherng-talay,"Choeng Thale, Thalang, Phuket",,,condo,leasehold,,,,,,,,,5850000.0,,,,,,unknown,,0,,0,0,1,0,,,1,,,,,,"{""card_text"": ""see all above element listed 1 week ago updated 1 week ago choeng thale, thalang, phuket ฿5,850,000 (฿154,000/sqm) 1 bedroom apartment for sale at above element for sale one-bedroom corner apartment 38 m2 in the residential complex above element.\n\narea: 38 m2\nthe residential complex is located 2.5 km. from bang tao beach.\n\nnearby are:\n\nblue tree water park\nla... details: 1 bedroom(s) 1 bathroom(s)"", ""tags"": [""cam fee:฿3,040/mo"", ""sinking fund:฿30,400"", ""updated: 1 week ago""], ""location_text"": ""Choeng Thale, Thalang, Phuket"", ""url"": ""https://www.fazwaz.com/property-sales/1-bedroom-apartment-for-sale-at-above-element-in-choeng-thale-phuket-u6171562""}",2026-04-21 09:02:32.203361,2026-04-21 09:02:32.203361,1
59,fazwaz,2-bedroom-villa-for-sale-in-rawai-phuket-u6165294,https://www.fazwaz.com/property-sales/2-bedroom-villa-for-sale-in-rawai-phuket-u6165294,Exclusive 3 Bedroom Villa in Rawai,,,rawai,"Rawai, Phuket Town, Phuket",,,villa,unknown,,,,,,,,,32500000.0,,,,,,unknown,,0,,0,1,1,0,,,0,,,,,,"{""card_text"": ""see all exclusive 3 bedroom villa in rawai listed 4 days ago updated 11 minutes ago rawai, phuket town, phuket ฿32,500,000 (฿137,000/sqm) 2 bedroom villa for sale in rawai, phuket exclusive 3-bedroom villa for sale in rawai\nthis fully renovated 3-bedroom villa in rawai combines modern luxury with exceptional design. every detail has been crafted by the owner with premium finish... details: 2 bedro"", ""tags"": [""updated: 11 minutes ago""], ""location_text"": ""Rawai, Phuket Town, Phuket"", ""url"": ""https://www.fazwaz.com/property-sales/2-bedroom-villa-for-sale-in-rawai-phuket-u6165294""}",2026-04-21 09:02:32.205361,2026-04-21 09:02:32.205361,1
60,fazwaz,studio-retail-space-for-sale-in-chalong-phuket-u6190149,https://www.fazwaz.com/property-sales/studio-retail-space-for-sale-in-chalong-phuket-u6190149,Beauty Salon Opportunity for Sale in Chalong,,,chalong,"Chalong, Phuket Town, Phuket",,,condo,unknown,,,,,,,,,3500000.0,,,,,,unknown,,0,,0,0,0,0,,,0,,,,,,"{""card_text"": ""see all beauty salon opportunity for sale in chalong listed 6 days ago updated 4 days ago chalong, phuket town, phuket ฿3,500,000 (฿30,400/sqm) studio retail space for sale in chalong, phuket turnkey beauty salon for sale – prime chalong location \na fully designed beauty salon and lifestyle boutique located close to robinson chalong and soi tai eid, offering high visibility and... details: studio "", ""tags"": [""updated: 4 days ago""], ""location_text"": ""Chalong, Phuket Town, Phuket"", ""url"": ""https://www.fazwaz.com/property-sales/studio-retail-space-for-sale-in-chalong-phuket-u6190149""}",2026-04-21 09:02:32.207360,2026-04-21 09:02:32.207360,1
61,fazwaz,1-bedroom-condo-for-sale-at-zcape-i-in-choeng-thale-phuket-u6171840,https://www.fazwaz.com/property-sales/1-bedroom-condo-for-sale-at-zcape-i-in-choeng-thale-phuket-u6171840,Zcape I,,,cherng-talay,"Choeng Thale, Thalang, Phuket",,,condo,unknown,,,,,,,,,4800000.0,,,,,,unknown,,0,,0,0,0,0,,,0,,,,,,"{""card_text"": ""see all zcape i listed 1 week ago choeng thale, thalang, phuket ฿4,800,000 (฿110,000/sqm) 1 bedroom condo for sale at zcape i if you are looking for a condominium that matches all your needs in the cherngtalay area, it cannot be anywhere except \""zcape i\"". it is located in a well-known international district surrounded by sho... details: 1 bedroom(s) 1 bathroom(s) 43.44 sqm property type: condo bea"", ""tags"": [""rent:฿35,000/mo| roi:9%"", ""cam fee:฿1,651/mo""], ""location_text"": ""Choeng Thale, Thalang, Phuket"", ""url"": ""https://www.fazwaz.com/property-sales/1-bedroom-condo-for-sale-at-zcape-i-in-choeng-thale-phuket-u6171840""}",2026-04-21 09:02:39.152618,2026-04-21 09:02:39.152618,1
62,fazwaz,4-bedroom-villa-for-sale-at-botanica-foresta-ii-in-thep-krasattri-phuket-u6172024,https://www.fazwaz.com/property-sales/4-bedroom-villa-for-sale-at-botanica-foresta-ii-in-thep-krasattri-phuket-u6172024,Botanica Foresta II,,,thalang,"Thep Krasattri, Thalang, Phuket",,,villa,unknown,,,,,,,,,34800000.0,,,,,,unknown,,0,,0,1,0,0,,,1,,,,,,"{""card_text"": ""see all botanica foresta ii listed 1 week ago thep krasattri, thalang, phuket ฿34,800,000 (฿98,000/sqm) 4 bedroom villa for sale at botanica foresta ii welcome to botanica foresta ii, the second phase of the esteemed botanica villas development. nestled in the serene and picturesque locale of layan, this residential haven offers an idyllic escape fro... details: 4 bedroom(s) 4 bathroom(s) 355 sqm "", ""tags"": [""rent:฿300,000/mo| roi:10%"", ""cam fee:฿10,400/mo"", ""sinking fund:฿100,000""], ""location_text"": ""Thep Krasattri, Thalang, Phuket"", ""url"": ""https://www.fazwaz.com/property-sales/4-bedroom-villa-for-sale-at-botanica-foresta-ii-in-thep-krasattri-phuket-u6172024""}",2026-04-21 09:02:39.152618,2026-04-21 09:02:39.152618,1
63,fazwaz,3-bedroom-villa-for-sale-in-rawai-phuket-u6167290,https://www.fazwaz.com/property-sales/3-bedroom-villa-for-sale-in-rawai-phuket-u6167290,3 Bedrooms Pool Villa for Sale,,,rawai,"Rawai, Phuket Town, Phuket",,,villa,unknown,,,,,600.0,,,,15500000.0,25833.33,,,,,unknown,,0,,0,1,1,0,,,0,,,,,,"{""card_text"": ""see all 3 bedrooms pool villa for sale listed 1 week ago rawai, phuket town, phuket ฿15,500,000 (฿70,500/sqm) 3 bedroom villa for sale in rawai, phuket a beautifully maintained villa located just a few kilometers from one of phuket’s best beaches, offering the perfect balance between lifestyle and investment.\nset on a spacious 600 sqm land plot... details: 3 bedroom(s) 3 bathroom(s) 220 sqm proper"", ""tags"": [], ""location_text"": ""Rawai, Phuket Town, Phuket"", ""url"": ""https://www.fazwaz.com/property-sales/3-bedroom-villa-for-sale-in-rawai-phuket-u6167290""}",2026-04-21 09:02:39.152618,2026-04-21 09:02:39.152618,1
64,fazwaz,3-bedroom-villa-for-sale-at-gold-chariot-in-choeng-thale-phuket-u6180260,https://www.fazwaz.com/property-sales/3-bedroom-villa-for-sale-at-gold-chariot-in-choeng-thale-phuket-u6180260,Gold Chariot,,,cherng-talay,"Choeng Thale, Thalang, Phuket",,,villa,unknown,,,,,,,,,26200000.0,,,,,,unknown,,0,,0,1,1,0,,,0,,,,,,"{""card_text"": ""see all gold chariot listed 1 week ago updated 1 week ago choeng thale, thalang, phuket ฿26,200,000 (฿83,200/sqm) 3 bedroom villa for sale at gold chariot key advantages\ncommunity living concept\na well-planned gated development with its own infrastructure, providing a comfortable and private living environment rather than standalone villas.\nattractive p... details: 3 bedroom(s) 4 bathroom(s) 315 s"", ""tags"": [""updated: 1 week ago""], ""location_text"": ""Choeng Thale, Thalang, Phuket"", ""url"": ""https://www.fazwaz.com/property-sales/3-bedroom-villa-for-sale-at-gold-chariot-in-choeng-thale-phuket-u6180260""}",2026-04-21 09:02:39.152618,2026-04-21 09:02:39.152618,1
65,fazwaz,1-bedroom-condo-for-sale-at-vip-venus-karon-in-karon-phuket-u6165304,https://www.fazwaz.com/property-sales/1-bedroom-condo-for-sale-at-vip-venus-karon-in-karon-phuket-u6165304,VIP Venus Karon,,,karon,"Karon, Phuket Town, Phuket",,,land,unknown,,,,,,,,,3499000.0,,,,,,unknown,,0,,0,1,0,0,,,1,,,,,,"{""card_text"": ""see all vip venus karon 6% guar. return for 3 years listed 1 week ago karon, phuket town, phuket ฿3,499,000 (฿117,000/sqm) 1 bedroom condo for sale at vip venus karon vip venus karon residential complex is a premium condominium located in karon resort on phuket island, thailand. this complex combines a high level of comfort, stylish design and amenities that make i... details: 1 bedroom(s) 1 bathr"", ""tags"": [""cam fee:฿1,800/mo"", ""sinking fund:฿12,000""], ""location_text"": ""Karon, Phuket Town, Phuket"", ""url"": ""https://www.fazwaz.com/property-sales/1-bedroom-condo-for-sale-at-vip-venus-karon-in-karon-phuket-u6165304""}",2026-04-21 09:02:39.164711,2026-04-21 09:02:39.164711,1
66,fazwaz,5-bedroom-villa-for-sale-in-chalong-phuket-u1952778,https://www.fazwaz.com/property-sales/5-bedroom-villa-for-sale-in-chalong-phuket-u1952778,5 Bedroom customizable Sea View villa for Sale,,,chalong,"Chalong, Phuket Town, Phuket",,,villa,unknown,,,5.0,,,,,,80000000.0,,,,,,unknown,,0,,0,0,1,1,,,0,,,,,,"{""card_text"": ""see all 5 bedroom customizable sea view villa for sale updated 3 days ago chalong, phuket town, phuket ฿80,000,000 (฿291,000/sqm) 5 bedroom villa for sale in chalong, phuket this 5 bedroom villa is available to customize to buyers needs. there is a large mixed use room available to be made into gym, golf simulator, kids room, spa.option to add sauna & ice bath. l... details: 5 bedroom(s) 6 bathroo"", ""tags"": [""updated: 3 days ago""], ""location_text"": ""Chalong, Phuket Town, Phuket"", ""url"": ""https://www.fazwaz.com/property-sales/5-bedroom-villa-for-sale-in-chalong-phuket-u1952778""}",2026-04-21 09:02:39.166800,2026-04-21 09:02:39.166800,1
67,fazwaz,5-bedroom-villa-for-sale-at-land-and-houses-park-in-chalong-phuket-u5962958,https://www.fazwaz.com/property-sales/5-bedroom-villa-for-sale-at-land-and-houses-park-in-chalong-phuket-u5962958,Land and Houses Park,,,chalong,"Chalong, Phuket Town, Phuket",,,villa,unknown,,,4.0,5.0,,,,,18900000.0,,,,,,unknown,,0,,0,1,1,0,,,0,,,,,,"{""card_text"": ""see all land and houses park listed 3 weeks ago updated 1 week ago chalong, phuket town, phuket ฿18,900,000 (฿47,600/sqm) 5 bedroom villa for sale at land and houses park luxury 2-storey villa with private swimming pool – land & house chalong, phuket\nproperty details• premium-quality 2-storey villa• 4 bedrooms | 5 bathrooms | 1 multi-purpose room |... details: 5 bedroom(s) 5 bathroom(s) 397 sqm pr"", ""tags"": [""rent:฿160,000/mo| roi:10%"", ""cam fee:฿1,437/mo"", ""updated: 1 week ago""], ""location_text"": ""Chalong, Phuket Town, Phuket"", ""url"": ""https://www.fazwaz.com/property-sales/5-bedroom-villa-for-sale-at-land-and-houses-park-in-chalong-phuket-u5962958""}",2026-04-21 09:02:39.168326,2026-04-21 09:02:39.168326,1
68,fazwaz,studio-condo-for-sale-at-chic-condo-in-karon-phuket-u6149683,https://www.fazwaz.com/property-sales/studio-condo-for-sale-at-chic-condo-in-karon-phuket-u6149683,Chic Condo,,,karon,"Karon, Phuket Town, Phuket",,,condo,unknown,,,,,,,,,3590000.0,,,,,,unknown,,0,,0,0,0,0,,,0,,,,,,"{""card_text"": ""see all chic condo 7% guar. return for 3 years listed 2 weeks ago karon, phuket town, phuket ฿3,590,000 (฿80,300/sqm) studio condo for sale at chic condo find the finest modern condominium at chic condo, a  condominium project uniquely designed for residents to totally appreciate the breathtaking view of karon bay and the mountains. the project provide... details: studio 1 bathroom(s) 44.70 sqm pr"", ""tags"": [""cam fee:฿2,012/mo"", ""sinking fund:฿22,350""], ""location_text"": ""Karon, Phuket Town, Phuket"", ""url"": ""https://www.fazwaz.com/property-sales/studio-condo-for-sale-at-chic-condo-in-karon-phuket-u6149683""}",2026-04-21 09:02:39.168326,2026-04-21 09:02:39.168326,1
69,fazwaz,1-bedroom-condo-for-sale-at-cassia-residence-phuket-in-choeng-thale-phuket-u6175413,https://www.fazwaz.com/property-sales/1-bedroom-condo-for-sale-at-cassia-residence-phuket-in-choeng-thale-phuket-u6175413,Cassia Residence Phuket,,,cherng-talay,"Choeng Thale, Thalang, Phuket",,,condo,leasehold,,,,,,,,,8500000.0,,,,,,unknown,,0,,0,0,0,0,,,0,,,,,,"{""card_text"": ""see all cassia residence phuket listed 1 week ago choeng thale, thalang, phuket ฿8,500,000 (฿170,000/sqm) 1 bedroom condo for sale at cassia residence phuket the apartment has been renovated, is in good condition, and is fully ready for living or rental.\nthe windows offer a pleasant and peaceful view towards the lagoon/lake/road. there is no noise from the... details: 1 bedroom(s) 1 bathroom(s) 50"", ""tags"": [""est. rent:฿59,200/mo| roi:8%""], ""location_text"": ""Choeng Thale, Thalang, Phuket"", ""url"": ""https://www.fazwaz.com/property-sales/1-bedroom-condo-for-sale-at-cassia-residence-phuket-in-choeng-thale-phuket-u6175413""}",2026-04-21 09:02:39.168326,2026-04-21 09:02:39.168326,1
70,fazwaz,3-bedroom-villa-for-sale-at-gold-chariot-in-choeng-thale-phuket-u6180276,https://www.fazwaz.com/property-sales/3-bedroom-villa-for-sale-at-gold-chariot-in-choeng-thale-phuket-u6180276,Gold Chariot,,,cherng-talay,"Choeng Thale, Thalang, Phuket",,,villa,unknown,,,,,,,,,30000000.0,,,,,,unknown,,0,,0,1,1,0,,,0,,,,,,"{""card_text"": ""see all gold chariot listed 1 week ago updated 1 week ago choeng thale, thalang, phuket ฿30,000,000 (฿86,200/sqm) 3 bedroom villa for sale at gold chariot key advantages\ncommunity living concept\na well-planned gated development with its own infrastructure, providing a comfortable and private living environment rather than standalone villas.\nattractive p... details: 3 bedroom(s) 4 bathroom(s) 348 s"", ""tags"": [""updated: 1 week ago""], ""location_text"": ""Choeng Thale, Thalang, Phuket"", ""url"": ""https://www.fazwaz.com/property-sales/3-bedroom-villa-for-sale-at-gold-chariot-in-choeng-thale-phuket-u6180276""}",2026-04-21 09:02:39.177603,2026-04-21 09:02:39.177603,1
71,fazwaz,2-bedroom-villa-for-sale-at-the-niche-in-rawai-phuket-u6192445,https://www.fazwaz.com/property-sales/2-bedroom-villa-for-sale-at-the-niche-in-rawai-phuket-u6192445,The Niche,,,rawai,"Rawai, Phuket Town, Phuket",,,villa,unknown,,,,,,,,,13900000.0,,,,,,unknown,,0,,0,1,1,0,,,0,,,,,,"{""card_text"": ""see all the niche listed 4 days ago updated 3 days ago rawai, phuket town, phuket ฿13,900,000 (฿154,000/sqm) 2 bedroom villa for sale at the niche onyx villa — nai harn, phuketprivate villa | fully renovated | resort-style living\nan exclusive private villa located within the secure and well-managed onyx residential complex — offering... details: 2 bedroom(s) 2 bathroom(s) 90 sqm property type: vil"", ""tags"": [""updated: 3 days ago""], ""location_text"": ""Rawai, Phuket Town, Phuket"", ""url"": ""https://www.fazwaz.com/property-sales/2-bedroom-villa-for-sale-at-the-niche-in-rawai-phuket-u6192445""}",2026-04-21 09:02:39.179095,2026-04-21 09:02:39.179095,1
72,fazwaz,4-bedroom-villa-for-sale-at-botanica-foresta-ii-in-thep-krasattri-phuket-u6172023,https://www.fazwaz.com/property-sales/4-bedroom-villa-for-sale-at-botanica-foresta-ii-in-thep-krasattri-phuket-u6172023,Botanica Foresta II,,,thalang,"Thep Krasattri, Thalang, Phuket",,,villa,unknown,,,,,,,,,34800000.0,,,,,,unknown,,0,,0,1,0,0,,,1,,,,,,"{""card_text"": ""see all botanica foresta ii listed 1 week ago thep krasattri, thalang, phuket ฿34,800,000 (฿98,000/sqm) 4 bedroom villa for sale at botanica foresta ii welcome to botanica foresta ii, the second phase of the esteemed botanica villas development. nestled in the serene and picturesque locale of layan, this residential haven offers an idyllic escape fro... details: 4 bedroom(s) 4 bathroom(s) 355 sqm "", ""tags"": [""rent:฿300,000/mo| roi:10%"", ""cam fee:฿10,400/mo"", ""sinking fund:฿100,000""], ""location_text"": ""Thep Krasattri, Thalang, Phuket"", ""url"": ""https://www.fazwaz.com/property-sales/4-bedroom-villa-for-sale-at-botanica-foresta-ii-in-thep-krasattri-phuket-u6172023""}",2026-04-21 09:02:39.179095,2026-04-21 09:02:39.179095,1
73,fazwaz,1-bedroom-condo-for-sale-at-the-title-v-in-rawai-phuket-u6154000,https://www.fazwaz.com/property-sales/1-bedroom-condo-for-sale-at-the-title-v-in-rawai-phuket-u6154000,The Title V,,,rawai,"Rawai, Phuket Town, Phuket",,,condo,leasehold,,,,,2.0,,,,4800000.0,2400000.0,,,,,unknown,,0,,0,1,0,0,,,0,,,,,,"{""card_text"": ""see all the title v listed 1 week ago rawai, phuket town, phuket ฿4,800,000 ฿5,200,000 (฿117,000/sqm) 1 bedroom condo for sale at the title v modern 1-bedroom apartment with smart home system\nthis 41.2 sqm apartment offers a well-designed living space, ideal for both personal use and investment. the unit is under leasehold ownership.\na key... details: 1 bedroom(s) 1 bathroom(s) 41 sqm property typ"", ""tags"": [""est. rent:฿36,600/mo| roi:9%"", ""cam fee:฿2,255/mo"", ""sinking fund:฿24,600""], ""location_text"": ""Rawai, Phuket Town, Phuket"", ""url"": ""https://www.fazwaz.com/property-sales/1-bedroom-condo-for-sale-at-the-title-v-in-rawai-phuket-u6154000""}",2026-04-21 09:02:39.184424,2026-04-21 09:02:39.184424,1
74,fazwaz,1-bedroom-condo-for-sale-at-laguna-beachside-in-choeng-thale-phuket-u6175554,https://www.fazwaz.com/property-sales/1-bedroom-condo-for-sale-at-laguna-beachside-in-choeng-thale-phuket-u6175554,Laguna Beachside,,,cherng-talay,"Choeng Thale, Thalang, Phuket",,,condo,leasehold,,,1.0,1.0,60.0,,,,10000000.0,166666.67,,,,,unknown,,0,,0,0,0,0,,,0,,,,,,"{""card_text"": ""see all laguna beachside listed 1 week ago choeng thale, thalang, phuket ฿10,000,000 (฿167,000/sqm) 1 bedroom condo for sale at laguna beachside this property is a 60 sqm condo with 1 bedroom and 1 bathroom that is available for sale. it is part of the laguna beachside project in choeng thale, phuket and was completed in jan 2025. yo... details: 1 bedroom(s) 1 bathroom(s) 60 sqm property type: con"", ""tags"": [""est. rent:฿59,900/mo| roi:7%"", ""cam fee:฿3,000/mo"", ""sinking fund:฿6,000""], ""location_text"": ""Choeng Thale, Thalang, Phuket"", ""url"": ""https://www.fazwaz.com/property-sales/1-bedroom-condo-for-sale-at-laguna-beachside-in-choeng-thale-phuket-u6175554""}",2026-04-21 09:02:39.184424,2026-04-21 09:02:39.184424,1
75,fazwaz,retail-space-for-sale-in-rawai-phuket-u6152198,https://www.fazwaz.com/property-sales/retail-space-for-sale-in-rawai-phuket-u6152198,Family Cafe For Sale Rawai,,,rawai,"Rawai, Phuket Town, Phuket",,,condo,unknown,,,,,,,,,2500000.0,,,,,,unknown,,0,,0,0,1,0,,,1,,,,,,"{""card_text"": ""see all family cafe for sale rawai listed 1 week ago rawai, phuket town, phuket ฿2,500,000 (฿25,000/sqm) retail space for sale in rawai, phuket 𝐅𝐎𝐑 𝐒𝐀𝐋𝐄: 𝐑𝐞𝐚𝐝𝐲-𝐌𝐚𝐝𝐞 𝐂𝐚𝐟𝐞 𝐢𝐧 𝐏𝐡𝐮𝐤𝐞𝐭 (𝐑𝐚𝐰𝐚𝐢)\ncup cafe rawai is a fully operational, high-yield-potential cafe located in the prime real estate zone of rawai, just 500 meters from nai harn beach—c... details: 100 sqm property type: retail space off plan park"", ""tags"": [], ""location_text"": ""Rawai, Phuket Town, Phuket"", ""url"": ""https://www.fazwaz.com/property-sales/retail-space-for-sale-in-rawai-phuket-u6152198""}",2026-04-21 09:02:39.184424,2026-04-21 09:02:39.184424,1
76,fazwaz,studio-condo-for-sale-at-bayshore-oceanview-condominium-in-patong-phuket-u6145840,https://www.fazwaz.com/property-sales/studio-condo-for-sale-at-bayshore-oceanview-condominium-in-patong-phuket-u6145840,Bayshore Oceanview Condominium,,,patong,"Patong, Kathu, Phuket",,,condo,leasehold,,,,,,,,,1900000.0,,,,,,unknown,,0,,0,0,0,0,,,0,,,,,,"{""card_text"": ""see all bayshore oceanview condominium 6% guar. return for 3 years listed 3 weeks ago patong, kathu, phuket ฿1,900,000 (฿47,500/sqm) studio condo for sale at bayshore oceanview condominium cozy and fully furnished studio available for rent at bayshore patong condominium. located in the heart of patong, just minutes from the beach, shopping, restaurants, and nightlife.\nkey features:\n\nful... details"", ""tags"": [""cam fee:฿2,000/mo""], ""location_text"": ""Patong, Kathu, Phuket"", ""url"": ""https://www.fazwaz.com/property-sales/studio-condo-for-sale-at-bayshore-oceanview-condominium-in-patong-phuket-u6145840""}",2026-04-21 09:02:39.189518,2026-04-21 09:02:39.189518,1
77,fazwaz,1-bedroom-condo-for-sale-at-mai-khao-beach-condotel-in-mai-khao-phuket-u6167673,https://www.fazwaz.com/property-sales/1-bedroom-condo-for-sale-at-mai-khao-beach-condotel-in-mai-khao-phuket-u6167673,Mai Khao Beach Condotel,,,mai-khao,"Mai Khao, Thalang, Phuket",,,condo,leasehold,,,,,36.0,,,,2300000.0,63888.89,,,,,unknown,,0,,0,1,0,0,,,0,,,,,,"{""card_text"": ""see all mai khao beach condotel listed 1 week ago mai khao, thalang, phuket ฿2,300,000 (฿63,900/sqm) 1 bedroom condo for sale at mai khao beach condotel – 36 sqm, 5th floor – open view – around 700m to mai khao beach (famous airplane beach) this area is known for its wide, quiet beach and unique atmosphere — very different fro... details: 1 bedroom(s) 1 bathroom(s) 36 sqm property type: condo beac"", ""tags"": [""est. rent:฿22,100/mo| roi:12%"", ""cam fee:฿1,440/mo""], ""location_text"": ""Mai Khao, Thalang, Phuket"", ""url"": ""https://www.fazwaz.com/property-sales/1-bedroom-condo-for-sale-at-mai-khao-beach-condotel-in-mai-khao-phuket-u6167673""}",2026-04-21 09:02:39.191710,2026-04-21 09:02:39.191710,1
78,fazwaz,studio-condo-for-sale-at-so-origin-bangtao-beach-in-choeng-thale-phuket-u6153329,https://www.fazwaz.com/property-sales/studio-condo-for-sale-at-so-origin-bangtao-beach-in-choeng-thale-phuket-u6153329,So Origin Bangtao Beach,,,cherng-talay,"Choeng Thale, Thalang, Phuket",,,condo,freehold,,,,,26.0,,,,4500000.0,173076.92,,,,,unknown,,0,,0,0,1,0,,,1,,,,,,"{""card_text"": ""see all so origin bangtao beach listed 1 week ago choeng thale, thalang, phuket ฿4,500,000 (฿173,000/sqm) studio condo for sale at so origin bangtao beach property details\n\nstudio unit | 26 sq.m.\nlocated on 2nd floor\nproject: so origin bangtao\nownership: freehold\ncompletion: december 2026\nfurniture package included\n\nabout the project – so origin b... details: studio 1 bathroom(s) 26 sqm property t"", ""tags"": [""cam fee:฿1,170/mo"", ""sinking fund:฿18,200""], ""location_text"": ""Choeng Thale, Thalang, Phuket"", ""url"": ""https://www.fazwaz.com/property-sales/studio-condo-for-sale-at-so-origin-bangtao-beach-in-choeng-thale-phuket-u6153329""}",2026-04-21 09:02:39.191710,2026-04-21 09:02:39.191710,1
79,fazwaz,3-bedroom-villa-for-sale-at-amrits-luxury-villas-in-sakhu-phuket-u6165205,https://www.fazwaz.com/property-sales/3-bedroom-villa-for-sale-at-amrits-luxury-villas-in-sakhu-phuket-u6165205,Amrits Luxury Villas,,,mai-khao,"Sakhu, Thalang, Phuket",,,villa,unknown,,,,,,,,,24850000.0,,,,,,unknown,,0,,0,1,1,0,,,0,,,,,,"{""card_text"": ""see all amrits luxury villas listed 1 week ago sakhu, thalang, phuket ฿24,850,000 (฿92,000/sqm) 3 bedroom villa for sale at amrits luxury villas amrits luxury villas – nai yang, phuket   where undiscovered nature meets luxury a private tropical escape, just moments from the beach  highlights:     boutique commun... details: 3 bedroom(s) 3 bathroom(s) 270 sqm property type: villa beach 0.24 km airp"", ""tags"": [""cam fee:฿9,462/mo"", ""sinking fund:฿200,000""], ""location_text"": ""Sakhu, Thalang, Phuket"", ""url"": ""https://www.fazwaz.com/property-sales/3-bedroom-villa-for-sale-at-amrits-luxury-villas-in-sakhu-phuket-u6165205""}",2026-04-21 09:02:39.191710,2026-04-21 09:02:39.191710,1
80,fazwaz,1-bedroom-condo-for-sale-at-vip-venus-karon-in-karon-phuket-u6167095,https://www.fazwaz.com/property-sales/1-bedroom-condo-for-sale-at-vip-venus-karon-in-karon-phuket-u6167095,VIP Venus Karon,,,karon,"Karon, Phuket Town, Phuket",,,land,unknown,,,,,,,,,3499000.0,,,,,,unknown,,0,,0,1,0,0,,,1,,,,,,"{""card_text"": ""see all vip venus karon 6% guar. return for 3 years listed 1 week ago karon, phuket town, phuket ฿3,499,000 (฿117,000/sqm) 1 bedroom condo for sale at vip venus karon vip venus karon residential complex is a premium condominium located in karon resort on phuket island, thailand. this complex combines a high level of comfort, stylish design and amenities that make i... details: 1 bedroom(s) 1 bathr"", ""tags"": [""cam fee:฿1,800/mo"", ""sinking fund:฿12,000""], ""location_text"": ""Karon, Phuket Town, Phuket"", ""url"": ""https://www.fazwaz.com/property-sales/1-bedroom-condo-for-sale-at-vip-venus-karon-in-karon-phuket-u6167095""}",2026-04-21 09:02:39.191710,2026-04-21 09:02:39.191710,1
81,fazwaz,4-bedroom-villa-for-sale-at-botanica-luxury-villas-phase-3-in-choeng-thale-phuket-u6164930,https://www.fazwaz.com/property-sales/4-bedroom-villa-for-sale-at-botanica-luxury-villas-phase-3-in-choeng-thale-phuket-u6164930,Botanica Luxury Villas (Phase 3),,,cherng-talay,"Choeng Thale, Thalang, Phuket",,,villa,unknown,,,,,,,,,43000000.0,,,,,,unknown,,0,,0,1,1,0,,,0,,,,,,"{""card_text"": ""see all botanica luxury villas (phase 3) listed 2 weeks ago updated 1 week ago choeng thale, thalang, phuket ฿43,000,000 (฿78,200/sqm) 4 bedroom villa for sale at botanica luxury villas (phase 3) villa 29/71 is located in the prestigious botanica luxury villas phase 3 (also known as botanica phase iii) complex in the cherng talay/layan area of ​​phuket. completed in 2020, this project consists... "", ""tags"": [""rent:฿230,000/mo| roi:6%"", ""cam fee:฿15,000/mo"", ""sinking fund:฿100,000"", ""updated: 1 week ago""], ""location_text"": ""Choeng Thale, Thalang, Phuket"", ""url"": ""https://www.fazwaz.com/property-sales/4-bedroom-villa-for-sale-at-botanica-luxury-villas-phase-3-in-choeng-thale-phuket-u6164930""}",2026-04-21 09:02:39.200287,2026-04-21 09:02:39.200287,1
82,fazwaz,1-bedroom-condo-for-sale-at-the-city-phuket-in-kathu-phuket-u6167357,https://www.fazwaz.com/property-sales/1-bedroom-condo-for-sale-at-the-city-phuket-in-kathu-phuket-u6167357,The City Phuket,,,kathu,"Kathu, Kathu, Phuket",,,condo,unknown,,,,,,,,,3800000.0,,,,,,unknown,,0,,0,1,1,0,,,0,,,,,,"{""card_text"": ""see all the city phuket listed 1 week ago kathu, kathu, phuket ฿3,800,000 (฿123,000/sqm) 1 bedroom condo for sale at the city phuket makro phuket 3min\ncentral phuket 4min\npatong beach 22min\nairport phuket 49min details: 1 bedroom(s) 1 bathroom(s) 31 sqm property type: condo foreign quota year built 2023 low rise floor 5 city view pool access rooftop terrace garden access est. rent: ฿23,300/mo | ro"", ""tags"": [""est. rent:฿23,300/mo| roi:7%"", ""cam fee:฿1,860/mo"", ""sinking fund:฿15,500""], ""location_text"": ""Kathu, Kathu, Phuket"", ""url"": ""https://www.fazwaz.com/property-sales/1-bedroom-condo-for-sale-at-the-city-phuket-in-kathu-phuket-u6167357""}",2026-04-21 09:02:39.203553,2026-04-21 09:02:39.203553,1
83,fazwaz,1-bedroom-condo-for-sale-at-the-base-height-in-talat-yai-phuket-u6176885,https://www.fazwaz.com/property-sales/1-bedroom-condo-for-sale-at-the-base-height-in-talat-yai-phuket-u6176885,The Base Height,,,phuket-town,"Talat Yai, Phuket Town, Phuket",,,condo,unknown,,,,,33.0,,,,2700000.0,81818.18,,,,,unknown,,0,,0,0,0,0,,,0,,,,,,"{""card_text"": ""see all the base height listed 1 week ago updated 1 week ago talat yai, phuket town, phuket ฿2,700,000 (฿81,800/sqm) 1 bedroom condo for sale at the base height this 33 sq.m 1-bedroom condo is located on the 2nd floor of the base height phuket in talat yai, phuket town. the unit offers a practical layout with a comfortable bedroom, living area, and kitchen sp... details: 1 bedroom(s) 1 bathroom(s)"", ""tags"": [""est. rent:฿16,800/mo| roi:7%"", ""cam fee:฿1,815/mo"", ""sinking fund:฿16,500"", ""updated: 1 week ago""], ""location_text"": ""Talat Yai, Phuket Town, Phuket"", ""url"": ""https://www.fazwaz.com/property-sales/1-bedroom-condo-for-sale-at-the-base-height-in-talat-yai-phuket-u6176885""}",2026-04-21 09:02:39.204020,2026-04-21 09:02:39.204020,1
84,fazwaz,3-bedroom-villa-for-sale-at-sunrise-valley-in-si-sunthon-phuket-u6102703,https://www.fazwaz.com/property-sales/3-bedroom-villa-for-sale-at-sunrise-valley-in-si-sunthon-phuket-u6102703,Sunrise Valley,,,layan,"Si Sunthon, Thalang, Phuket",,,villa,unknown,,,,,,,,,16990000.0,,,,,,long_term,,0,,0,1,1,0,,,0,,,,,,"{""card_text"": ""see all sunrise valley listed 5 days ago updated 5 days ago si sunthon, thalang, phuket ฿16,990,000 (฿93,400/sqm) 3 bedroom villa for sale at sunrise valley this contemporary 3-bedroom pool villa is located in pasak, within the sunrise valley project, offering a perfect balance between comfort, privacy, and long-term investment potential in one of phuket&... details: 3 bedroom(s) 2 bathroom(s) 181"", ""tags"": [""updated: 5 days ago""], ""location_text"": ""Si Sunthon, Thalang, Phuket"", ""url"": ""https://www.fazwaz.com/property-sales/3-bedroom-villa-for-sale-at-sunrise-valley-in-si-sunthon-phuket-u6102703""}",2026-04-21 09:02:39.204020,2026-04-21 09:02:39.204020,1
85,fazwaz,3-bedroom-villa-for-sale-at-wallaya-grand-residence-in-kamala-phuket-u1146854,https://www.fazwaz.com/property-sales/3-bedroom-villa-for-sale-at-wallaya-grand-residence-in-kamala-phuket-u1146854,Wallaya Grand Residence,,,kamala,"Kamala, Kathu, Phuket",,,villa,unknown,,,,,,,,,15500000.0,,,,,,unknown,,0,,0,1,1,0,,,0,,,,,,"{""card_text"": ""see all wallaya grand residence updated 3 days ago kamala, kathu, phuket ฿15,500,000 ฿16,900,000 (฿38,600/sqm) 3 bedroom villa for sale at wallaya grand residence experience luxury island living at wallaya grand residence, an exclusive private villa community in cherng talay—one of phuket’s most desirable residential and investment locations.\nthis i... details: 3 bedroom(s) 3 bathroom(s) 402 sqm p"", ""tags"": [""cam fee:฿8,320/mo"", ""sinking fund:฿30,000"", ""updated: 3 days ago""], ""location_text"": ""Kamala, Kathu, Phuket"", ""url"": ""https://www.fazwaz.com/property-sales/3-bedroom-villa-for-sale-at-wallaya-grand-residence-in-kamala-phuket-u1146854""}",2026-04-21 09:02:39.204020,2026-04-21 09:02:39.204020,1
86,fazwaz,studio-condo-for-sale-at-nai-harn-re-life-in-rawai-phuket-u6172003,https://www.fazwaz.com/property-sales/studio-condo-for-sale-at-nai-harn-re-life-in-rawai-phuket-u6172003,Nai Harn Re-Life,,,rawai,"Rawai, Phuket Town, Phuket",,,land,unknown,,,,,,,,,3390000.0,,,,,,unknown,,0,,0,1,1,0,,,0,,,,,,"{""card_text"": ""see all nai harn re-life 7% guar. return for 3 years listed 2 weeks ago updated 1 day ago rawai, phuket town, phuket ฿3,390,000 (฿94,200/sqm) studio condo for sale at nai harn re-life nai harn re-life is a condo development located in nai harn, phuket, thailand. it is 1.1km from the beach with 62 condo units across 4 floors scheduled for completion in may of 2016. it is hotel-manag... details: stu"", ""tags"": [""cam fee:฿1,800/mo"", ""sinking fund:฿18,000"", ""updated: 1 day ago""], ""location_text"": ""Rawai, Phuket Town, Phuket"", ""url"": ""https://www.fazwaz.com/property-sales/studio-condo-for-sale-at-nai-harn-re-life-in-rawai-phuket-u6172003""}",2026-04-21 09:02:39.204020,2026-04-21 09:02:39.204020,1
87,fazwaz,studio-condo-for-sale-at-harmony-condominium-in-rawai-phuket-u6156239,https://www.fazwaz.com/property-sales/studio-condo-for-sale-at-harmony-condominium-in-rawai-phuket-u6156239,Harmony Condominium,,,rawai,"Rawai, Phuket Town, Phuket",,,condo,leasehold,,,,,6.0,,,,4085000.0,680833.33,,,,,unknown,,0,,0,1,1,0,,,0,,,,,,"{""card_text"": ""see all harmony condominium listed 1 week ago rawai, phuket town, phuket ฿4,085,000 (฿112,000/sqm) studio condo for sale at harmony condominium studioarea: 36.6 m², 1nd floor of 7garden viewfully furnished and equipped with appliancesready to move inownership: leasehold\ncomplex features:large swimming pool and rooftop poolbar and lounge... details: studio 1 bathroom(s) 36.60 sqm property type: con"", ""tags"": [""est. rent:฿47,800/mo| roi:14%"", ""cam fee:฿2,928/mo"", ""sinking fund:฿21,960""], ""location_text"": ""Rawai, Phuket Town, Phuket"", ""url"": ""https://www.fazwaz.com/property-sales/studio-condo-for-sale-at-harmony-condominium-in-rawai-phuket-u6156239""}",2026-04-21 09:02:39.204020,2026-04-21 09:02:39.204020,1
88,fazwaz,2-bedroom-house-for-sale-in-pa-khlok-phuket-u6177537,https://www.fazwaz.com/property-sales/2-bedroom-house-for-sale-in-pa-khlok-phuket-u6177537,2 Bedrooms House at Baan Promphun Paklok at Thalang,,,pa-khlok,"Pa Khlok, Thalang, Phuket",,,house,unknown,,,2.0,2.0,,,,,4700000.0,,,,,,unknown,,0,,0,0,1,0,,,0,,,,,,"{""card_text"": ""see all 2 bedrooms house at baan promphun paklok at thalang listed 1 week ago updated 1 week ago pa khlok, thalang, phuket ฿4,700,000 (฿35,600/sqm) 2 bedroom house for sale in pa khlok, phuket 2 bedrooms house at baan promphun paklok at thalang offers 2-bedroom and 2 bathrooms house, primarily as single-story semi-detached houses or townhouses. \nkey features & amenities... details: 2 bedroom(s) 2 "", ""tags"": [""updated: 1 week ago""], ""location_text"": ""Pa Khlok, Thalang, Phuket"", ""url"": ""https://www.fazwaz.com/property-sales/2-bedroom-house-for-sale-in-pa-khlok-phuket-u6177537""}",2026-04-21 09:02:39.214725,2026-04-21 09:02:39.214725,1
89,fazwaz,3-bedroom-villa-for-sale-in-chalong-phuket-u6166145,https://www.fazwaz.com/property-sales/3-bedroom-villa-for-sale-in-chalong-phuket-u6166145,Brand New Modern Tropical 3 Bed Pool Villa for Sale & Rent,,,chalong,"Chalong, Phuket Town, Phuket",,,villa,unknown,,,3.0,,,,,,12700000.0,,,,,,unknown,,0,,0,1,1,0,,,0,,,,,,"{""card_text"": ""see all brand new modern tropical 3 bed pool villa for sale & rent listed 2 weeks ago updated 1 week ago chalong, phuket town, phuket ฿12,700,000 (฿63,500/sqm) 3 bedroom villa for sale in chalong, phuket 3 bedroom modern pool villa for rent – phuket\nkey features:\n\nprivate saltwater swimming pool\nspacious 3 bedrooms with ensuite bathrooms\n2-car parking\n\nfully equipped \n\nmodern kitchen (gas stove,.."", ""tags"": [""updated: 1 week ago""], ""location_text"": ""Chalong, Phuket Town, Phuket"", ""url"": ""https://www.fazwaz.com/property-sales/3-bedroom-villa-for-sale-in-chalong-phuket-u6166145""}",2026-04-21 09:02:39.217469,2026-04-21 09:02:39.217469,1
90,fazwaz,studio-condo-for-sale-at-bellevue-beachfront-condo-in-choeng-thale-phuket-u1974275,https://www.fazwaz.com/property-sales/studio-condo-for-sale-at-bellevue-beachfront-condo-in-choeng-thale-phuket-u1974275,Bellevue Beachfront Condo,,,cherng-talay,"Choeng Thale, Thalang, Phuket",,,condo,unknown,,,,,,,,,5500000.0,,,,,,unknown,,0,,0,1,1,0,,,1,,,,,,"{""card_text"": ""see all bellevue beachfront condo listed 1 week ago choeng thale, thalang, phuket ฿5,500,000 (฿172,000/sqm) studio condo for sale at bellevue beachfront condo the bellevue beachfront condo in phuket offers an exquisite blend of modern living and tropical tranquility. comprising of five buildings, each standing proudly at five floors, this development is a t... details: studio 1 bathroom(s) 32 sqm "", ""tags"": [""cam fee:฿1,600/mo"", ""sinking fund:฿16,000""], ""location_text"": ""Choeng Thale, Thalang, Phuket"", ""url"": ""https://www.fazwaz.com/property-sales/studio-condo-for-sale-at-bellevue-beachfront-condo-in-choeng-thale-phuket-u1974275""}",2026-04-21 09:02:39.217810,2026-04-21 09:02:39.217810,1
91,fazwaz,studio-apartment-for-sale-at-the-vip-mercury-wyndham-la-vita-phuket-in-rawai-phuket-u6146765,https://www.fazwaz.com/property-sales/studio-apartment-for-sale-at-the-vip-mercury-wyndham-la-vita-phuket-in-rawai-phuket-u6146765,The VIP Mercury - Wyndham La Vita Phuket,,,rawai,"Rawai, Phuket Town, Phuket",,,condo,freehold,,,,,,,,,3500000.0,,,,,,unknown,,0,,0,0,1,0,,,0,,,,,,"{""card_text"": ""see all the vip mercury - wyndham la vita phuket 6% guar. return for 2 years listed 3 weeks ago updated 1 week ago rawai, phuket town, phuket ฿3,500,000 (฿117,000/sqm) studio apartment for sale at the vip mercury - wyndham la vita phuket this studio apartment is fully freehold and ready to move in or rent out. excellent location: 150 meters from the mirage café and restaurant, offering russian-lan"", ""tags"": [""cam fee:฿1,800/mo"", ""sinking fund:฿12,000"", ""updated: 1 week ago""], ""location_text"": ""Rawai, Phuket Town, Phuket"", ""url"": ""https://www.fazwaz.com/property-sales/studio-apartment-for-sale-at-the-vip-mercury-wyndham-la-vita-phuket-in-rawai-phuket-u6146765""}",2026-04-21 09:02:44.941903,2026-04-21 09:02:44.941903,1
92,fazwaz,4-bedroom-villa-for-sale-in-rawai-phuket-u6156243,https://www.fazwaz.com/property-sales/4-bedroom-villa-for-sale-in-rawai-phuket-u6156243,Modern 4 Bedroom Pool Villa in Rawai,,,rawai,"Rawai, Phuket Town, Phuket",,,villa,unknown,,,,,410.0,,,,19500000.0,47560.98,,,,,long_term,,0,,0,1,1,0,,,0,,,,,,"{""card_text"": ""see all modern 4 bedroom pool villa in rawai listed 1 week ago rawai, phuket town, phuket ฿19,500,000 (฿103,000/sqm) 4 bedroom villa for sale in rawai, phuket discover this beautifully designed 4-bedroom villa, recently completed in 2024, set on a generous 410 sqm land plot in a quiet and private residential enclave. perfectly suited for both long-term livi... details: 4 bedroom(s) 4.5 bathroom(s)"", ""tags"": [], ""location_text"": ""Rawai, Phuket Town, Phuket"", ""url"": ""https://www.fazwaz.com/property-sales/4-bedroom-villa-for-sale-in-rawai-phuket-u6156243""}",2026-04-21 09:02:44.945368,2026-04-21 09:02:44.945368,1
93,fazwaz,4-bedroom-house-for-sale-at-supalai-essence-phuket-in-si-sunthon-phuket-u6189800,https://www.fazwaz.com/property-sales/4-bedroom-house-for-sale-at-supalai-essence-phuket-in-si-sunthon-phuket-u6189800,Supalai Essence Phuket,,,layan,"Si Sunthon, Thalang, Phuket",,,house,unknown,,,,,,,,,6690000.0,,,,,,unknown,,0,,0,0,1,0,,,0,,,,,,"{""card_text"": ""see all supalai essence phuket listed 6 days ago updated 6 days ago si sunthon, thalang, phuket ฿6,690,000 (฿28,500/sqm) 4 bedroom house for sale at supalai essence phuket a spacious family home in a quality residential project by supalai, located in the sought-after si sunthon area of thalang, phuket.\nthe house is positioned on the main road near the front of the proje... details: 4 bedroom(s) 3 "", ""tags"": [""est. rent:฿55,900/mo| roi:10%"", ""updated: 6 days ago""], ""location_text"": ""Si Sunthon, Thalang, Phuket"", ""url"": ""https://www.fazwaz.com/property-sales/4-bedroom-house-for-sale-at-supalai-essence-phuket-in-si-sunthon-phuket-u6189800""}",2026-04-21 09:02:44.945368,2026-04-21 09:02:44.945368,1
94,fazwaz,4-bedroom-villa-for-sale-in-rawai-phuket-u6175643,https://www.fazwaz.com/property-sales/4-bedroom-villa-for-sale-in-rawai-phuket-u6175643,4 Bedrooms Pool Villa for Sale,,,rawai,"Rawai, Phuket Town, Phuket",,,villa,unknown,,,4.0,4.0,234.0,,,,12500000.0,53418.8,,,,,unknown,,0,,0,1,1,0,,,0,,,,,,"{""card_text"": ""see all 4 bedrooms pool villa for sale listed 1 week ago rawai, phuket town, phuket ฿12,500,000 (฿53,400/sqm) 4 bedroom villa for sale in rawai, phuket this property is a 234 sqm villa with 4 bedrooms and 4 bathrooms that is available for sale. it is located in rawai, phuket. you can buy this villa for a base price of ฿12,500,000 (฿53,400/sqm). details: 4 bedroom(s) 4 bathroom(s) 234 sqm property "", ""tags"": [], ""location_text"": ""Rawai, Phuket Town, Phuket"", ""url"": ""https://www.fazwaz.com/property-sales/4-bedroom-villa-for-sale-in-rawai-phuket-u6175643""}",2026-04-21 09:02:44.950757,2026-04-21 09:02:44.950757,1
95,fazwaz,land-for-sale-in-choeng-thale-phuket-u6195687,https://www.fazwaz.com/property-sales/land-for-sale-in-choeng-thale-phuket-u6195687,Prime Land in Cherngtalay size 3144 sqm for Sale 25 MB,,,cherng-talay,"Choeng Thale, Thalang, Phuket",,,land,unknown,,,,,,,,,25000000.0,,,,,,unknown,,0,,0,0,0,0,,,0,,,,,,"{""card_text"": ""see all prime land in cherngtalay size 3144 sqm for sale 25 mb listed 2 days ago updated 1 day ago choeng thale, thalang, phuket ฿25,000,000 (฿7,950/sqm) land for sale in choeng thale, phuket the two land plots are adjacent, offered together at thb 25 million. the access road is through plot 2, and it has already been fully cleared.\n\nplot 1 → 1 rai, 2 ngan, 40.2 sq.wah\nplot 2 → 1... details: 3,144"", ""tags"": [""updated: 1 day ago""], ""location_text"": ""Choeng Thale, Thalang, Phuket"", ""url"": ""https://www.fazwaz.com/property-sales/land-for-sale-in-choeng-thale-phuket-u6195687""}",2026-04-21 09:02:44.950757,2026-04-21 09:02:44.950757,1
96,fazwaz,studio-apartment-for-sale-at-atrium-andaman-city-in-choeng-thale-phuket-u6173390,https://www.fazwaz.com/property-sales/studio-apartment-for-sale-at-atrium-andaman-city-in-choeng-thale-phuket-u6173390,Atrium Andaman City,,,cherng-talay,"Choeng Thale, Thalang, Phuket",,,condo,unknown,,,,,35.0,,,,4990000.0,142571.43,,,,,unknown,,0,,0,1,0,0,,,1,,,,,,"{""card_text"": ""see all atrium andaman city listed 1 week ago updated 1 week ago choeng thale, thalang, phuket ฿4,990,000 (฿139,000/sqm) studio apartment for sale at atrium andaman city distress resale | andaman atrium, phuket\npremium condo under radisson hotel group management | 400m to bang tao beach\n-25% below current developer price\nstudio | 2nd floor\nsize: 35 sqm (385 sqft)\nmoun... details: studio 1 bathroom"", ""tags"": [""cam fee:฿3,600/mo"", ""sinking fund:฿18,000"", ""updated: 1 week ago""], ""location_text"": ""Choeng Thale, Thalang, Phuket"", ""url"": ""https://www.fazwaz.com/property-sales/studio-apartment-for-sale-at-atrium-andaman-city-in-choeng-thale-phuket-u6173390""}",2026-04-21 09:02:44.950757,2026-04-21 09:02:44.950757,1
97,fazwaz,2-bedroom-villa-for-sale-at-villa-suksan-soi-king-suksan-4-in-rawai-phuket-u5746532,https://www.fazwaz.com/property-sales/2-bedroom-villa-for-sale-at-villa-suksan-soi-king-suksan-4-in-rawai-phuket-u5746532,Villa Suksan Soi King Suksan 4,,,rawai,"Rawai, Phuket Town, Phuket",,,villa,unknown,,,,,384.0,,,,12500000.0,32552.08,,,,,unknown,,0,,0,1,1,0,,,0,,,,,,"{""card_text"": ""see all villa suksan soi king suksan 4 listed 3 weeks ago updated 2 weeks ago rawai, phuket town, phuket ฿12,500,000 ฿13,000,000 (฿47,400/sqm) 2 bedroom villa for sale at villa suksan soi king suksan 4 2-bedroom / 2-bathroom pool villa – rawai, phuket living area: 384 sq.mstatus: fully furnished just a short 210m stroll from stayfit and lespa, this stylish villa offers the perfect balance of c... "", ""tags"": [""rent:฿80,000/mo| roi:8%"", ""updated: 2 weeks ago""], ""location_text"": ""Rawai, Phuket Town, Phuket"", ""url"": ""https://www.fazwaz.com/property-sales/2-bedroom-villa-for-sale-at-villa-suksan-soi-king-suksan-4-in-rawai-phuket-u5746532""}",2026-04-21 09:02:44.950757,2026-04-21 09:02:44.950757,1
98,fazwaz,studio-condo-for-sale-at-aristo-2-in-choeng-thale-phuket-u6177175,https://www.fazwaz.com/property-sales/studio-condo-for-sale-at-aristo-2-in-choeng-thale-phuket-u6177175,Aristo 2,,,cherng-talay,"Choeng Thale, Thalang, Phuket",,,condo,leasehold,,,,,28.0,,,,2300000.0,82142.86,,,,,unknown,,0,,0,0,0,0,,,0,,,,,,"{""card_text"": ""see all aristo 2 listed 1 week ago updated 1 week ago choeng thale, thalang, phuket ฿2,300,000 (฿82,200/sqm) studio condo for sale at aristo 2 for sale: studio apartment – the aristo condo 2, surin beach   a modern 28 sq.m. freehold studio located on the 7th floor in the sought-after the aristo condo 2, just a short walk from t... details: studio 1 bathroom(s) 28 sqm property type: condo beach 0.7"", ""tags"": [""est. rent:฿23,600/mo| roi:12%"", ""cam fee:฿1,400/mo"", ""sinking fund:฿4,760"", ""updated: 1 week ago""], ""location_text"": ""Choeng Thale, Thalang, Phuket"", ""url"": ""https://www.fazwaz.com/property-sales/studio-condo-for-sale-at-aristo-2-in-choeng-thale-phuket-u6177175""}",2026-04-21 09:02:44.961154,2026-04-21 09:02:44.961154,1
99,fazwaz,1-bedroom-condo-for-sale-at-laguna-lakeside-in-choeng-thale-phuket-u6175489,https://www.fazwaz.com/property-sales/1-bedroom-condo-for-sale-at-laguna-lakeside-in-choeng-thale-phuket-u6175489,Laguna Lakeside,,,cherng-talay,"Choeng Thale, Thalang, Phuket",,,condo,unknown,,,,,,,,,8800000.0,,,,,,unknown,,0,,0,1,0,0,,,0,,,,,,"{""card_text"": ""see all laguna lakeside listed 1 week ago updated 1 week ago choeng thale, thalang, phuket ฿8,800,000 (฿220,000/sqm) 1 bedroom condo for sale at laguna lakeside laguna lakeside is a condo and apartment project located in choeng thale, phuket and it is scheduled for completion in jun 2024. it has 114 units across 7 floors and was developed by , who is also beh... details: 1 bedroom(s) 1 bathroom(s)"", ""tags"": [""est. rent:฿62,800/mo| roi:9%"", ""updated: 1 week ago""], ""location_text"": ""Choeng Thale, Thalang, Phuket"", ""url"": ""https://www.fazwaz.com/property-sales/1-bedroom-condo-for-sale-at-laguna-lakeside-in-choeng-thale-phuket-u6175489""}",2026-04-21 09:02:44.961154,2026-04-21 09:02:44.961154,1
100,fazwaz,studio-condo-for-sale-at-laya-resort-phuket-in-choeng-thale-phuket-u6107562,https://www.fazwaz.com/property-sales/studio-condo-for-sale-at-laya-resort-phuket-in-choeng-thale-phuket-u6107562,Laya Resort Phuket,,,cherng-talay,"Choeng Thale, Thalang, Phuket",,,condo,leasehold,30.0,,,,,,,,6590000.0,,,,,,unknown,,0,,0,1,0,0,,,0,,,,,,"{""card_text"": ""see all laya resort phuket listed 1 month ago updated 1 week ago choeng thale, thalang, phuket ฿6,590,000 ฿6,890,000 (฿183,000/sqm) studio condo for sale at laya resort phuket ownership is leasehold. transfer to freehold is possible at aditional 300k thb to the developer (the flat is not yet registered, so the 30-year lease has not started yet! because the complex is only&n... details: studio 1 ba"", ""tags"": [""est. rent:฿24,700/mo| roi:4%"", ""cam fee:฿2,520/mo"", ""sinking fund:฿28,800"", ""updated: 1 week ago""], ""location_text"": ""Choeng Thale, Thalang, Phuket"", ""url"": ""https://www.fazwaz.com/property-sales/studio-condo-for-sale-at-laya-resort-phuket-in-choeng-thale-phuket-u6107562""}",2026-04-21 09:02:44.961154,2026-04-21 09:02:44.961154,1
101,fazwaz,1-bedroom-condo-for-sale-at-supalai-park-at-downtown-phuket-in-talat-yai-phuket-u6191094,https://www.fazwaz.com/property-sales/1-bedroom-condo-for-sale-at-supalai-park-at-downtown-phuket-in-talat-yai-phuket-u6191094,Supalai Park at Downtown Phuket,,,phuket-town,"Talat Yai, Phuket Town, Phuket",,,condo,unknown,,,1.0,,,,,,2990000.0,,,,,,unknown,,0,,0,0,0,0,,,0,,,,,,"{""card_text"": ""see all supalai park at downtown phuket listed 5 days ago updated 4 days ago talat yai, phuket town, phuket ฿2,990,000 (฿58,600/sqm) 1 bedroom condo for sale at supalai park at downtown phuket 🏙️ supalai park at downtown phuket – spacious 1 bedroom in prime city location\nlocated in the heart of phuket town, this well-designed unit at supalai park at downtown phuket offers comfort, con... details: "", ""tags"": [""est. rent:฿18,500/mo| roi:7%"", ""updated: 4 days ago""], ""location_text"": ""Talat Yai, Phuket Town, Phuket"", ""url"": ""https://www.fazwaz.com/property-sales/1-bedroom-condo-for-sale-at-supalai-park-at-downtown-phuket-in-talat-yai-phuket-u6191094""}",2026-04-21 09:02:44.972934,2026-04-21 09:02:44.972934,1
102,fazwaz,3-bedroom-townhouse-for-sale-at-pruksa-ville-kathu-patong-in-kathu-phuket-u6195603,https://www.fazwaz.com/property-sales/3-bedroom-townhouse-for-sale-at-pruksa-ville-kathu-patong-in-kathu-phuket-u6195603,Pruksa Ville Kathu Patong,,,kathu,"Kathu, Kathu, Phuket",,,house,unknown,,,,,,,,,3990000.0,,,,,,unknown,,0,,0,0,0,0,,,0,,,,,,"{""card_text"": ""see all pruksa ville kathu patong listed 2 days ago updated 1 day ago kathu, kathu, phuket ฿3,990,000 (฿24,000/sqm) 3 bedroom townhouse for sale at pruksa ville kathu patong townhomes for modern families with complete functions to support all lifestyles at pruksa ville kathu patong. inspired by balinese architecture and to match the tropical climate, natural wood slats ar... details: 3 bedroom(s) "", ""tags"": [""est. rent:฿83,700/mo| roi:25%"", ""updated: 1 day ago""], ""location_text"": ""Kathu, Kathu, Phuket"", ""url"": ""https://www.fazwaz.com/property-sales/3-bedroom-townhouse-for-sale-at-pruksa-ville-kathu-patong-in-kathu-phuket-u6195603""}",2026-04-21 09:02:44.977218,2026-04-21 09:02:44.977218,1
103,fazwaz,3-bedroom-villa-for-sale-at-seastone-pool-villas-in-choeng-thale-phuket-u1847726,https://www.fazwaz.com/property-sales/3-bedroom-villa-for-sale-at-seastone-pool-villas-in-choeng-thale-phuket-u1847726,Seastone Pool Villas,,,cherng-talay,"Choeng Thale, Thalang, Phuket",,,villa,unknown,,,,,60.0,,,,20000000.0,333333.33,,,,,unknown,,0,,0,1,1,0,,,0,,,,,,"{""card_text"": ""see all seastone pool villas updated 2 weeks ago choeng thale, thalang, phuket ฿20,000,000 (฿62,500/sqm) 3 bedroom villa for sale at seastone pool villas newly renovated to perfection by award-winning designer \""ticha,\"" this 3-bedroom, 3-bathroom villa offers a spacious 319.60 sqm layout on a 79.9 wa plot with 2 parking spaces. featuring a private swimm... details: 3 bedroom(s) 3 bathroom(s) 320 sq"", ""tags"": [""rent:฿110,000/mo| roi:7%"", ""updated: 2 weeks ago""], ""location_text"": ""Choeng Thale, Thalang, Phuket"", ""url"": ""https://www.fazwaz.com/property-sales/3-bedroom-villa-for-sale-at-seastone-pool-villas-in-choeng-thale-phuket-u1847726""}",2026-04-21 09:02:44.977218,2026-04-21 09:02:44.977218,1
104,fazwaz,4-bedroom-villa-for-sale-at-banyan-tree-beach-residences-aegir-in-choeng-thale-phuket-u5862059,https://www.fazwaz.com/property-sales/4-bedroom-villa-for-sale-at-banyan-tree-beach-residences-aegir-in-choeng-thale-phuket-u5862059,Banyan Tree Beach Residences Aegir,,,cherng-talay,"Choeng Thale, Thalang, Phuket",,,villa,unknown,,,,,,,,,250000000.0,,,,,,unknown,,0,,0,1,0,0,,,0,,,,,,"{""card_text"": ""see all banyan tree beach residences aegir updated 2 weeks ago choeng thale, thalang, phuket ฿250,000,000 (฿521,000/sqm) 4 bedroom villa for sale at banyan tree beach residences aegir discover a realm of exclusive coastal luxury at banyan tree grand residences - oceanfront villas, nestled within the esteemed haven of laguna phuket. this exceptional residential enclave perfectly bal... details: 4 b"", ""tags"": [""updated: 2 weeks ago""], ""location_text"": ""Choeng Thale, Thalang, Phuket"", ""url"": ""https://www.fazwaz.com/property-sales/4-bedroom-villa-for-sale-at-banyan-tree-beach-residences-aegir-in-choeng-thale-phuket-u5862059""}",2026-04-21 09:02:44.977218,2026-04-21 09:02:44.977218,1
105,fazwaz,land-for-sale-in-wichit-phuket-u5698105,https://www.fazwaz.com/property-sales/land-for-sale-in-wichit-phuket-u5698105,3344.4 SQ.M. Oceanfront Plot,,,phuket-town,"Wichit, Phuket Town, Phuket",,,land,unknown,,,,,,,,,120000000.0,,,,,,unknown,,0,,0,0,0,0,,,0,,,,,,"{""card_text"": ""see all 3344.4 sq.m. oceanfront plot updated 3 weeks ago wichit, phuket town, phuket ฿120,000,000 (฿35,900/sqm) land for sale in wichit, phuket this plot is 2 rai of absolute oceanfront in ao yon, panwa. details: 3,344.40 sqm property type: land sea view unblocked open view oceanfront ocean access verified listing view details updated: 3 weeks ago request details schedule viewing"", ""tags"": [""updated: 3 weeks ago""], ""location_text"": ""Wichit, Phuket Town, Phuket"", ""url"": ""https://www.fazwaz.com/property-sales/land-for-sale-in-wichit-phuket-u5698105""}",2026-04-21 09:02:44.977218,2026-04-21 09:02:44.977218,1
106,fazwaz,1-bedroom-condo-for-sale-at-space-cherngtalay-condominium-in-choeng-thale-phuket-u6189049,https://www.fazwaz.com/property-sales/1-bedroom-condo-for-sale-at-space-cherngtalay-condominium-in-choeng-thale-phuket-u6189049,Space Cherngtalay Condominium,,,cherng-talay,"Choeng Thale, Thalang, Phuket",,,condo,unknown,,,1.0,,35.0,,,,4800000.0,137142.86,,,,,unknown,,0,,0,0,0,0,,,0,,,,,,"{""card_text"": ""see all space cherngtalay condominium listed 1 week ago updated 6 days ago choeng thale, thalang, phuket ฿4,800,000 (฿144,000/sqm) 1 bedroom condo for sale at space cherngtalay condominium space cherngtalay condominium for sale 🔥  \n \n▶️ 1 bedroom 33.35 sq.m on 7th floor in space cherngtalay condominium opposite homa cherng. the project close to boat avenue, villa market,... details: 1 bedroom(s) 1"", ""tags"": [""est. rent:฿37,600/mo| roi:9%"", ""cam fee:฿1,668/mo"", ""updated: 6 days ago""], ""location_text"": ""Choeng Thale, Thalang, Phuket"", ""url"": ""https://www.fazwaz.com/property-sales/1-bedroom-condo-for-sale-at-space-cherngtalay-condominium-in-choeng-thale-phuket-u6189049""}",2026-04-21 09:02:44.977218,2026-04-21 09:02:44.977218,1
107,fazwaz,3-bedroom-penthouse-for-sale-at-kata-ocean-view-in-karon-phuket-u6165146,https://www.fazwaz.com/property-sales/3-bedroom-penthouse-for-sale-at-kata-ocean-view-in-karon-phuket-u6165146,Kata Ocean View,,,karon,"Karon, Phuket Town, Phuket",,,house,leasehold,,,,,215.0,,,,10500000.0,48837.21,,,,,long_term,,0,,0,0,1,0,,,0,,,,,,"{""card_text"": ""see all kata ocean view listed 2 weeks ago updated 2 days ago karon, phuket town, phuket ฿10,500,000 ฿10,990,000 (฿48,900/sqm) 3 bedroom penthouse for sale at kata ocean view sea view penthouse in kata — below market price\n \n💰 thb 11,000,000 | ~thb 51,000/sqm\n📈 more than 11% annual rental yield\n \n📍 location: kata, phuket\n📏 size: 215 sqm\n \n🌅 why th... details: 3 bedroom(s) 2 bathroom(s) 215 sqm pro"", ""tags"": [""rent:฿90,000/mo| roi:10%"", ""cam fee:฿12,900/mo"", ""sinking fund:฿12,900"", ""updated: 2 days ago""], ""location_text"": ""Karon, Phuket Town, Phuket"", ""url"": ""https://www.fazwaz.com/property-sales/3-bedroom-penthouse-for-sale-at-kata-ocean-view-in-karon-phuket-u6165146""}",2026-04-21 09:02:44.977218,2026-04-21 09:02:44.977218,1
108,fazwaz,2-bedroom-condo-for-sale-at-777-beach-condo-in-mai-khao-phuket-u226545,https://www.fazwaz.com/property-sales/2-bedroom-condo-for-sale-at-777-beach-condo-in-mai-khao-phuket-u226545,777 Beach Condo,,,mai-khao,"Mai Khao, Thalang, Phuket",,,condo,unknown,,,,,,,,,1725000.0,,,,,,unknown,,0,,0,1,1,1,,,0,,,,,,"{""card_text"": ""see all 777 beach condo listed 3 weeks ago updated 1 week ago mai khao, thalang, phuket ฿1,725,000 ฿4,500,000 (฿60,000/sqm) 2 bedroom condo for sale at 777 beach condo 777 beach condo, a modern condominium providing great conveniences for residents with a full range of facilities such as a large swimming pool, fitness center, spa, restaurants, shops, tennis courts,... details: 2 bedroom(s) 1 bathr"", ""tags"": [""cam fee:฿1,725/mo"", ""sinking fund:฿17,250"", ""updated: 1 week ago""], ""location_text"": ""Mai Khao, Thalang, Phuket"", ""url"": ""https://www.fazwaz.com/property-sales/2-bedroom-condo-for-sale-at-777-beach-condo-in-mai-khao-phuket-u226545""}",2026-04-21 09:02:44.993264,2026-04-21 09:02:44.993264,1
109,fazwaz,3-bedroom-villa-for-sale-at-thala-villas-phuket-in-si-sunthon-phuket-u6188860,https://www.fazwaz.com/property-sales/3-bedroom-villa-for-sale-at-thala-villas-phuket-in-si-sunthon-phuket-u6188860,Thala Villas Phuket,,,layan,"Si Sunthon, Thalang, Phuket",,,villa,unknown,,,,,,,,,14900000.0,,,,,,unknown,,0,,0,1,1,0,,,0,,,,,,"{""card_text"": ""see all thala villas phuket listed 6 days ago updated 6 days ago si sunthon, thalang, phuket ฿14,900,000 (฿61,900/sqm) 3 bedroom villa for sale at thala villas phuket experience comfortable living in this beautifully designed modern villa, perfectly situated in a highly desirable area. this home is move-in ready and comes fully furnished, making it ideal for both h... details: 3 bedroom(s) 4 bathr"", ""tags"": [""est. rent:฿112,000/mo| roi:9%"", ""updated: 6 days ago""], ""location_text"": ""Si Sunthon, Thalang, Phuket"", ""url"": ""https://www.fazwaz.com/property-sales/3-bedroom-villa-for-sale-at-thala-villas-phuket-in-si-sunthon-phuket-u6188860""}",2026-04-21 09:02:44.993264,2026-04-21 09:02:44.993264,1
110,fazwaz,1-bedroom-condo-for-sale-at-mida-grande-resort-condominiums-in-choeng-thale-phuket-u5926620,https://www.fazwaz.com/property-sales/1-bedroom-condo-for-sale-at-mida-grande-resort-condominiums-in-choeng-thale-phuket-u5926620,Mida Grande Resort Condominiums,,,cherng-talay,"Choeng Thale, Thalang, Phuket",,,condo,unknown,,,,,5.0,,,,5700000.0,1140000.0,,,,,unknown,,0,,0,1,1,0,,,0,,,,,,"{""card_text"": ""see all mida grande resort condominiums 7% guar. return for 3 years updated 2 months ago choeng thale, thalang, phuket ฿5,700,000 ฿5,800,000 (฿99,900/sqm) 1 bedroom condo for sale at mida grande resort condominiums discover an exceptional 1-bedroom, 1-bathroom condominium at the prestigious mida grande resort condominiums.located on the 1st floor, this 57.05 sqm residence has been exclusively owne"", ""tags"": [""cam fee:฿2,853/mo"", ""sinking fund:฿28,525"", ""updated: 2 months ago""], ""location_text"": ""Choeng Thale, Thalang, Phuket"", ""url"": ""https://www.fazwaz.com/property-sales/1-bedroom-condo-for-sale-at-mida-grande-resort-condominiums-in-choeng-thale-phuket-u5926620""}",2026-04-21 09:02:44.993264,2026-04-21 09:02:44.993264,1
111,fazwaz,1-bedroom-apartment-for-sale-at-kora-beach-resort-phuket-in-choeng-thale-phuket-u6112280,https://www.fazwaz.com/property-sales/1-bedroom-apartment-for-sale-at-kora-beach-resort-phuket-in-choeng-thale-phuket-u6112280,Kora Beach Resort Phuket,,,cherng-talay,"Choeng Thale, Thalang, Phuket",,,condo,leasehold,,,,,,,,,11500000.0,,,,,,unknown,,0,,0,0,0,0,,,0,,,,,,"{""card_text"": ""see all kora beach resort phuket listed 3 weeks ago choeng thale, thalang, phuket ฿11,500,000 (฿250,000/sqm) 1 bedroom apartment for sale at kora beach resort phuket kora beach resort (sunshine beach condominium) — beachfront living at bang tao beach, phuket\nkora beach resor is a mixed-use beachfront development located just 50 meters from bang tao beach, on... details: 1 bedroom(s) 1 bathroom(s) "", ""tags"": [""est. rent:฿56,400/mo| roi:6%"", ""cam fee:฿2,760/mo"", ""sinking fund:฿36,800""], ""location_text"": ""Choeng Thale, Thalang, Phuket"", ""url"": ""https://www.fazwaz.com/property-sales/1-bedroom-apartment-for-sale-at-kora-beach-resort-phuket-in-choeng-thale-phuket-u6112280""}",2026-04-21 09:02:44.993264,2026-04-21 09:02:44.993264,1
112,fazwaz,studio-condo-for-sale-at-mida-grande-resort-condominiums-in-choeng-thale-phuket-u6131461,https://www.fazwaz.com/property-sales/studio-condo-for-sale-at-mida-grande-resort-condominiums-in-choeng-thale-phuket-u6131461,Mida Grande Resort Condominiums,,,cherng-talay,"Choeng Thale, Thalang, Phuket",,,condo,leasehold,,,,,,,,,4527000.0,,,,,,unknown,,0,,0,0,0,0,,,0,,,,,,"{""card_text"": ""see all mida grande resort condominiums 7% guar. return for 3 years listed 3 weeks ago choeng thale, thalang, phuket ฿4,527,000 (฿124,000/sqm) studio condo for sale at mida grande resort condominiums modern 1-bedroom apartment in mida grande resort phuket, located in the sought-after surin / bang tao area. perfect for both personal use and rental investment.\n \nthe unit features a smart layout... d"", ""tags"": [""cam fee:฿1,830/mo"", ""sinking fund:฿18,300""], ""location_text"": ""Choeng Thale, Thalang, Phuket"", ""url"": ""https://www.fazwaz.com/property-sales/studio-condo-for-sale-at-mida-grande-resort-condominiums-in-choeng-thale-phuket-u6131461""}",2026-04-21 09:02:44.993264,2026-04-21 09:02:44.993264,1
113,fazwaz,3-bedroom-condo-for-sale-at-the-ark-at-karon-hill-in-karon-phuket-u6153952,https://www.fazwaz.com/property-sales/3-bedroom-condo-for-sale-at-the-ark-at-karon-hill-in-karon-phuket-u6153952,The Ark At Karon Hill,,,karon,"Karon, Phuket Town, Phuket",,,condo,unknown,,,,,128.0,,,,8700000.0,67968.75,,,,,unknown,,0,,0,0,0,0,,,0,,,,,,"{""card_text"": ""see all the ark at karon hill listed 3 weeks ago updated 2 weeks ago karon, phuket town, phuket ฿8,700,000 (฿68,000/sqm) 3 bedroom condo for sale at the ark at karon hill 3-bedroom apartment at the ark, karon hill, phuket\nthis spacious 128 sqm apartment is located in the ark condominium on karon hill, just 600 meters from karon beach. the unit offers a perfect combinat... details: 3 bedroom(s) 2 b"", ""tags"": [""cam fee:฿7,680/mo"", ""sinking fund:฿102,400"", ""updated: 2 weeks ago""], ""location_text"": ""Karon, Phuket Town, Phuket"", ""url"": ""https://www.fazwaz.com/property-sales/3-bedroom-condo-for-sale-at-the-ark-at-karon-hill-in-karon-phuket-u6153952""}",2026-04-21 09:02:44.993264,2026-04-21 09:02:44.993264,1
114,fazwaz,3-bedroom-villa-for-sale-at-trichada-azure-in-si-sunthon-phuket-u6141608,https://www.fazwaz.com/property-sales/3-bedroom-villa-for-sale-at-trichada-azure-in-si-sunthon-phuket-u6141608,Trichada Azure,,,layan,"Si Sunthon, Thalang, Phuket",,,villa,unknown,,,,,,,,,24100000.0,,,,,,unknown,,0,,0,1,1,0,,,0,,,,,,"{""card_text"": ""see all trichada azure listed 1 week ago si sunthon, thalang, phuket ฿24,100,000 (฿109,000/sqm) 3 bedroom villa for sale at trichada azure a contemporary single-story private pool villa located in the prestigious trichada azure development. this complex is well known for its high quality construction, smart layout, and high rental demand... details: 3 bedroom(s) 3 bathroom(s) 221 sqm property type"", ""tags"": [""est. rent:฿206,000/mo| roi:10%""], ""location_text"": ""Si Sunthon, Thalang, Phuket"", ""url"": ""https://www.fazwaz.com/property-sales/3-bedroom-villa-for-sale-at-trichada-azure-in-si-sunthon-phuket-u6141608""}",2026-04-21 09:02:44.993264,2026-04-21 09:02:44.993264,1
115,fazwaz,1-bedroom-condo-for-sale-at-harmony-condominium-in-rawai-phuket-u6156011,https://www.fazwaz.com/property-sales/1-bedroom-condo-for-sale-at-harmony-condominium-in-rawai-phuket-u6156011,Harmony Condominium,,,rawai,"Rawai, Phuket Town, Phuket",,,condo,unknown,,,,,,,,,6500000.0,,,,,,unknown,,0,,0,1,0,0,,,0,,,,,,"{""card_text"": ""see all harmony condominium listed 2 weeks ago rawai, phuket town, phuket ฿6,500,000 (฿141,000/sqm) 1 bedroom condo for sale at harmony condominium harmony is thoughtfulness in every detail. harmony of new technologies and construction experience, modern design and classic facades, comfort and minimalism.\nsome of the features of the project... details: 1 bedroom(s) 1 bathroom(s) 46 sqm property ty"", ""tags"": [""rent:฿40,000/mo| roi:7%"", ""cam fee:฿3,680/mo"", ""sinking fund:฿27,600""], ""location_text"": ""Rawai, Phuket Town, Phuket"", ""url"": ""https://www.fazwaz.com/property-sales/1-bedroom-condo-for-sale-at-harmony-condominium-in-rawai-phuket-u6156011""}",2026-04-21 09:02:45.009304,2026-04-21 09:02:45.009304,1
116,fazwaz,1-bedroom-condo-for-sale-at-layan-green-park-phase-1-in-choeng-thale-phuket-u6156244,https://www.fazwaz.com/property-sales/1-bedroom-condo-for-sale-at-layan-green-park-phase-1-in-choeng-thale-phuket-u6156244,Layan Green Park Phase 1,,,cherng-talay,"Choeng Thale, Thalang, Phuket",,,condo,leasehold,,,,,45.0,,,,9900000.0,220000.0,,,,,unknown,,0,,0,1,0,0,,,0,,,,,,"{""card_text"": ""see all layan green park phase 1 5% guar. return for 2 years listed 2 weeks ago choeng thale, thalang, phuket ฿9,900,000 (฿220,000/sqm) 1 bedroom condo for sale at layan green park phase 1 1-bedroom condo for sale at layan green park phase 1 | 45 sqm | pool view\na modern 1-bedroom condo for sale in layan green park phase 1, located on the 7th floor with a beautiful open view over the sw... details"", ""tags"": [""cam fee:฿3,375/mo"", ""sinking fund:฿29,250""], ""location_text"": ""Choeng Thale, Thalang, Phuket"", ""url"": ""https://www.fazwaz.com/property-sales/1-bedroom-condo-for-sale-at-layan-green-park-phase-1-in-choeng-thale-phuket-u6156244""}",2026-04-21 09:02:45.009304,2026-04-21 09:02:45.009304,1
117,fazwaz,3-bedroom-villa-for-sale-at-ananda-lake-view-in-thep-krasattri-phuket-u6153253,https://www.fazwaz.com/property-sales/3-bedroom-villa-for-sale-at-ananda-lake-view-in-thep-krasattri-phuket-u6153253,Ananda Lake View,,,thalang,"Thep Krasattri, Thalang, Phuket",,,villa,unknown,,,,,,,,,15900000.0,,,,,,unknown,,0,,0,1,1,0,,,0,,,,,,"{""card_text"": ""see all ananda lake view listed 2 weeks ago thep krasattri, thalang, phuket ฿15,900,000 (฿49,400/sqm) 3 bedroom villa for sale at ananda lake view malli villa choeng thale exclusive only 3 units, highling of the location is in choeng thale- baan don area, villa comes with balinese style and topical garden. unfurled villa with resonable price.&nb... details: 3 bedroom(s) 4 bathroom(s) 322 sqm prope"", ""tags"": [""est. rent:฿168,000/mo| roi:13%"", ""cam fee:฿2,100/mo"", ""sinking fund:฿32,200""], ""location_text"": ""Thep Krasattri, Thalang, Phuket"", ""url"": ""https://www.fazwaz.com/property-sales/3-bedroom-villa-for-sale-at-ananda-lake-view-in-thep-krasattri-phuket-u6153253""}",2026-04-21 09:02:45.009304,2026-04-21 09:02:45.009304,1
118,fazwaz,studio-condo-for-sale-at-royal-lee-the-terminal-phuket-in-sakhu-phuket-u6149400,https://www.fazwaz.com/property-sales/studio-condo-for-sale-at-royal-lee-the-terminal-phuket-in-sakhu-phuket-u6149400,Royal Lee The Terminal Phuket,,,mai-khao,"Sakhu, Thalang, Phuket",,,condo,unknown,,,,,31.0,,,,3591909.0,115868.03,,,,,unknown,,0,,0,0,0,0,,,0,,,,,,"{""card_text"": ""see all royal lee the terminal phuket 8% guar. return for 3 years listed 2 weeks ago sakhu, thalang, phuket ฿3,591,909 (฿115,000/sqm) studio condo for sale at royal lee the terminal phuket this well-designed 31 sq.m. condo offers a rare combination of comfort, view, and strategic location — perfect for both living and investment.\nwake up to a peaceful lake view that brings natural... details: stud"", ""tags"": [""cam fee:฿1,254/mo"", ""sinking fund:฿15,675""], ""location_text"": ""Sakhu, Thalang, Phuket"", ""url"": ""https://www.fazwaz.com/property-sales/studio-condo-for-sale-at-royal-lee-the-terminal-phuket-in-sakhu-phuket-u6149400""}",2026-04-21 09:02:45.009304,2026-04-21 09:02:45.009304,1
119,fazwaz,studio-condo-for-sale-at-the-charm-in-patong-phuket-u82985,https://www.fazwaz.com/property-sales/studio-condo-for-sale-at-the-charm-in-patong-phuket-u82985,The Charm,,,patong,"Patong, Kathu, Phuket",,,condo,freehold,,,,,,,,,8842105.0,,,,,,unknown,,0,,0,1,1,0,,,0,,,,,,"{""card_text"": ""the charm 5% guar. return for 3 years updated 6 days ago great price patong, kathu, phuket ฿8,842,105 (฿173,000/sqm) studio condo for sale at the charm freehold fully furnished condominium with a big private jacuzzi at a 4-star beachfront resort in patong. a freehold condominium that you can own outright as a non -thai citizen. patong has virtually n... details: studio 1 bathroom(s) 51.12 sqm prop"", ""tags"": [""cam fee:฿3,067/mo"", ""updated: 6 days ago""], ""location_text"": ""Patong, Kathu, Phuket"", ""url"": ""https://www.fazwaz.com/property-sales/studio-condo-for-sale-at-the-charm-in-patong-phuket-u82985""}",2026-04-21 09:02:45.009304,2026-04-21 09:02:45.009304,1
120,fazwaz,warehouse-for-sale-in-ratsada-phuket-u6177948,https://www.fazwaz.com/property-sales/warehouse-for-sale-in-ratsada-phuket-u6177948,Shipyard for Lease  Shipyard Business for Sale in Phuket,,,phuket-town,"Ratsada, Phuket Town, Phuket",,,house,unknown,,,,,,,,,16500000.0,,,,,,unknown,,0,,0,0,0,0,,,0,,,,,,"{""card_text"": ""see all shipyard for lease  shipyard business for sale in phuket listed 1 week ago updated 1 week ago ratsada, phuket town, phuket ฿16,500,000 (฿110,000/sqm) warehouse for sale in ratsada, phuket the shipyard at koh sirey, phuket, is a localized shipyard primarily catering to commercial fishing vessels and shallow-draft tour boats. it located just 50 meter from the sea, it offers essential boa... "", ""tags"": [""updated: 1 week ago""], ""location_text"": ""Ratsada, Phuket Town, Phuket"", ""url"": ""https://www.fazwaz.com/property-sales/warehouse-for-sale-in-ratsada-phuket-u6177948""}",2026-04-21 09:02:45.019037,2026-04-21 09:02:45.019037,1
121,fazwaz,3-bedroom-villa-for-sale-at-ananda-lake-view-in-thep-krasattri-phuket-u6153239,https://www.fazwaz.com/property-sales/3-bedroom-villa-for-sale-at-ananda-lake-view-in-thep-krasattri-phuket-u6153239,Ananda Lake View,,,thalang,"Thep Krasattri, Thalang, Phuket",,,villa,unknown,,,,,,,,,15900000.0,,,,,,unknown,,0,,0,1,1,0,,,0,,,,,,"{""card_text"": ""see all ananda lake view listed 2 weeks ago thep krasattri, thalang, phuket ฿15,900,000 (฿49,400/sqm) 3 bedroom villa for sale at ananda lake view malli villa choeng thale exclusive only 3 units, highling of the location is in choeng thale- baan don area, villa comes with balinese style and topical garden. unfurled villa with resonable price.&nb... details: 3 bedroom(s) 4 bathroom(s) 322 sqm prope"", ""tags"": [""est. rent:฿168,000/mo| roi:13%"", ""sinking fund:฿32,200""], ""location_text"": ""Thep Krasattri, Thalang, Phuket"", ""url"": ""https://www.fazwaz.com/property-sales/3-bedroom-villa-for-sale-at-ananda-lake-view-in-thep-krasattri-phuket-u6153239""}",2026-04-21 09:02:49.787579,2026-04-21 09:02:49.787579,1
122,fazwaz,1-bedroom-condo-for-sale-at-adm-platinum-bay-in-kamala-phuket-u6155706,https://www.fazwaz.com/property-sales/1-bedroom-condo-for-sale-at-adm-platinum-bay-in-kamala-phuket-u6155706,ADM Platinum Bay,,,kamala,"Kamala, Kathu, Phuket",,,land,unknown,,,,,,,,,4800000.0,,,,,,unknown,,0,,0,1,0,0,,,0,,,,,,"{""card_text"": ""see all adm platinum bay listed 2 weeks ago updated 1 week ago kamala, kathu, phuket ฿4,800,000 ฿6,000,000 (฿130,000/sqm) 1 bedroom condo for sale at adm platinum bay world adm platinuma modern luxury condominium, the quality project guaranteed by the best landscape design award from new world adm platinum. this project is one of the newest development in wyndham c... details: 1 bedroom(s) 1 bathr"", ""tags"": [""cam fee:฿2,220/mo"", ""sinking fund:฿25,900"", ""updated: 1 week ago""], ""location_text"": ""Kamala, Kathu, Phuket"", ""url"": ""https://www.fazwaz.com/property-sales/1-bedroom-condo-for-sale-at-adm-platinum-bay-in-kamala-phuket-u6155706""}",2026-04-21 09:02:49.790438,2026-04-21 09:02:49.790438,1
123,fazwaz,3-bedroom-villa-for-sale-at-villa-orchid-in-ko-kaeo-phuket-u6149640,https://www.fazwaz.com/property-sales/3-bedroom-villa-for-sale-at-villa-orchid-in-ko-kaeo-phuket-u6149640,Villa Orchid,,,phuket-town,"Ko Kaeo, Phuket Town, Phuket",,,villa,unknown,,,,,,,,,16500000.0,,,,,,unknown,,0,,0,1,1,0,,,0,,,,,,"{""card_text"": ""see all villa orchid listed 3 weeks ago updated 2 days ago ko kaeo, phuket town, phuket ฿16,500,000 (฿47,100/sqm) 3 bedroom villa for sale at villa orchid a beautiful 3-bedroom villa, close to british international school phuket, koh kaew, only 800 m, is available for rent and sale. it features a spacious garden, a swimming pool with a jacuzzi and child... details: 3 bedroom(s) 3 bathroom(s) 350 s"", ""tags"": [""rent:฿80,000/mo| roi:6%"", ""updated: 2 days ago""], ""location_text"": ""Ko Kaeo, Phuket Town, Phuket"", ""url"": ""https://www.fazwaz.com/property-sales/3-bedroom-villa-for-sale-at-villa-orchid-in-ko-kaeo-phuket-u6149640""}",2026-04-21 09:02:49.796364,2026-04-21 09:02:49.796364,1
124,fazwaz,4-bedroom-villa-for-sale-at-grand-view-residence-in-choeng-thale-phuket-u1180862,https://www.fazwaz.com/property-sales/4-bedroom-villa-for-sale-at-grand-view-residence-in-choeng-thale-phuket-u1180862,Grand View Residence,,,cherng-talay,"Choeng Thale, Thalang, Phuket",,,villa,unknown,,,,,390.0,,,,22000000.0,56410.26,,,,,unknown,,0,,0,1,1,0,,,0,,,,,,"{""card_text"": ""grand view residence 6% guar. return for 5 years updated 6 days ago choeng thale, thalang, phuket ฿22,000,000 ฿24,000,000 (฿54,200/sqm) 4 bedroom villa for sale at grand view residence luxurious yet affordable villas in phuket's stunning natural surroundings with exceptional mountain views. each villa has a living area of at least 280 sq. m, and the land area is from 390 sq.m. overl... details: 4 "", ""tags"": [""cam fee:฿7,500/mo"", ""sinking fund:฿150,000"", ""updated: 6 days ago""], ""location_text"": ""Choeng Thale, Thalang, Phuket"", ""url"": ""https://www.fazwaz.com/property-sales/4-bedroom-villa-for-sale-at-grand-view-residence-in-choeng-thale-phuket-u1180862""}",2026-04-21 09:02:49.797744,2026-04-21 09:02:49.797744,1
125,fazwaz,3-bedroom-villa-for-sale-at-ananda-lake-view-in-thep-krasattri-phuket-u6153252,https://www.fazwaz.com/property-sales/3-bedroom-villa-for-sale-at-ananda-lake-view-in-thep-krasattri-phuket-u6153252,Ananda Lake View,,,thalang,"Thep Krasattri, Thalang, Phuket",,,villa,unknown,,,,,,,,,15900000.0,,,,,,unknown,,0,,0,1,1,0,,,0,,,,,,"{""card_text"": ""see all ananda lake view listed 2 weeks ago thep krasattri, thalang, phuket ฿15,900,000 (฿49,400/sqm) 3 bedroom villa for sale at ananda lake view malli villa choeng thale exclusive only 3 units, highling of the location is in choeng thale- baan don area, villa comes with balinese style and topical garden. unfurled villa with resonable price.&nb... details: 3 bedroom(s) 4 bathroom(s) 322 sqm prope"", ""tags"": [""est. rent:฿168,000/mo| roi:13%"", ""sinking fund:฿32,200""], ""location_text"": ""Thep Krasattri, Thalang, Phuket"", ""url"": ""https://www.fazwaz.com/property-sales/3-bedroom-villa-for-sale-at-ananda-lake-view-in-thep-krasattri-phuket-u6153252""}",2026-04-21 09:02:49.797744,2026-04-21 09:02:49.797744,1
126,fazwaz,studio-condo-for-sale-at-kora-beach-resort-phuket-in-choeng-thale-phuket-u6129376,https://www.fazwaz.com/property-sales/studio-condo-for-sale-at-kora-beach-resort-phuket-in-choeng-thale-phuket-u6129376,Kora Beach Resort Phuket,,,cherng-talay,"Choeng Thale, Thalang, Phuket",,,condo,leasehold,,,,,,,,,6900000.0,,,,,,unknown,,0,,0,0,0,0,,,0,,,,,,"{""card_text"": ""see all kora beach resort phuket listed 3 weeks ago choeng thale, thalang, phuket ฿6,900,000 (฿238,000/sqm) studio condo for sale at kora beach resort phuket kora beach resor is a mixed-use beachfront development located just 50 meters from bang tao beach, one of phuket’s longest and most desirable coastlines. the project combines residential... details: studio 1 bathroom(s) 29 sqm property type: "", ""tags"": [""est. rent:฿50,300/mo| roi:9%"", ""cam fee:฿1,740/mo"", ""sinking fund:฿23,200""], ""location_text"": ""Choeng Thale, Thalang, Phuket"", ""url"": ""https://www.fazwaz.com/property-sales/studio-condo-for-sale-at-kora-beach-resort-phuket-in-choeng-thale-phuket-u6129376""}",2026-04-21 09:02:49.803611,2026-04-21 09:02:49.803611,1
127,fazwaz,1-bedroom-condo-for-sale-at-cassia-residence-phuket-in-choeng-thale-phuket-u6180657,https://www.fazwaz.com/property-sales/1-bedroom-condo-for-sale-at-cassia-residence-phuket-in-choeng-thale-phuket-u6180657,Cassia Residence Phuket,,,cherng-talay,"Choeng Thale, Thalang, Phuket",,,land,leasehold,,,,,,,,,8400000.0,,,,,,unknown,,0,,0,0,0,0,,,0,,,,,,"{""card_text"": ""see all cassia residence phuket listed 1 week ago updated 1 day ago choeng thale, thalang, phuket ฿8,400,000 (฿169,000/sqm) 1 bedroom condo for sale at cassia residence phuket cassia residence phuket is a lakeside condominium situated in the laguna phuket area over 2,500 rai and surrounded by beautiful nature. moreover, there is an extensive asian first-class range of facil... details: 1 bedroom(s"", ""tags"": [""rent:฿50,000/mo| roi:7%"", ""updated: 1 day ago""], ""location_text"": ""Choeng Thale, Thalang, Phuket"", ""url"": ""https://www.fazwaz.com/property-sales/1-bedroom-condo-for-sale-at-cassia-residence-phuket-in-choeng-thale-phuket-u6180657""}",2026-04-21 09:02:49.808097,2026-04-21 09:02:49.808097,1
128,fazwaz,2-bedroom-apartment-for-sale-at-seaview-residence-in-karon-phuket-u6186166,https://www.fazwaz.com/property-sales/2-bedroom-apartment-for-sale-at-seaview-residence-in-karon-phuket-u6186166,Seaview Residence,,,karon,"Karon, Phuket Town, Phuket",,,condo,leasehold,,,,,,,,,12500000.0,,,,,,unknown,,0,,0,0,0,0,,,0,,,,,,"{""card_text"": ""see all seaview residence listed 1 week ago updated 1 week ago karon, phuket town, phuket ฿12,500,000 (฿78,100/sqm) 2 bedroom apartment for sale at seaview residence spacious sea view apartment just 2 minutes from kata noi beach\ndiscover the perfect blend of comfort, space, and breathtaking views in this exceptional 2-bedroom apartment at seaview residence. spanni... details: 2 bedroom(s) 3 bathro"", ""tags"": [""est. rent:฿56,600/mo| roi:5%"", ""updated: 1 week ago""], ""location_text"": ""Karon, Phuket Town, Phuket"", ""url"": ""https://www.fazwaz.com/property-sales/2-bedroom-apartment-for-sale-at-seaview-residence-in-karon-phuket-u6186166""}",2026-04-21 09:02:49.809542,2026-04-21 09:02:49.809542,1
129,fazwaz,4-bedroom-villa-for-sale-at-layan-lucky-villas-phase-i-in-thep-krasattri-phuket-u1993434,https://www.fazwaz.com/property-sales/4-bedroom-villa-for-sale-at-layan-lucky-villas-phase-i-in-thep-krasattri-phuket-u1993434,Layan Lucky Villas-Phase I,,,thalang,"Thep Krasattri, Thalang, Phuket",,,villa,unknown,,,,,,,,,22000000.0,,,,,,unknown,,0,,0,1,0,0,,,0,,,,,,"{""card_text"": ""see all layan lucky villas-phase i updated 1 week ago thep krasattri, thalang, phuket ฿22,000,000 (฿76,400/sqm) 4 bedroom villa for sale at layan lucky villas-phase i **for sale by owner luxury private pool villa in layan/laguna/bangtao beach **perfect for investment or family home  selling our luxury pool villa located in a tranquil area bangtao/layan. ... details: 4 bedroom(s) 3.5 bathroom(s) 28"", ""tags"": [""rent:฿150,000/mo| roi:8%"", ""cam fee:฿4,500/mo"", ""sinking fund:฿100,000"", ""updated: 1 week ago""], ""location_text"": ""Thep Krasattri, Thalang, Phuket"", ""url"": ""https://www.fazwaz.com/property-sales/4-bedroom-villa-for-sale-at-layan-lucky-villas-phase-i-in-thep-krasattri-phuket-u1993434""}",2026-04-21 09:02:49.809542,2026-04-21 09:02:49.809542,1
130,fazwaz,1-bedroom-condo-for-sale-at-dcondo-reef-phuket-in-kathu-phuket-u6149842,https://www.fazwaz.com/property-sales/1-bedroom-condo-for-sale-at-dcondo-reef-phuket-in-kathu-phuket-u6149842,Dcondo Reef Phuket,,,kathu,"Kathu, Kathu, Phuket",,,condo,unknown,,,,,,,,,3400000.0,,,,,,unknown,,0,,0,0,0,0,,,0,,,,,,"{""card_text"": ""see all dcondo reef phuket listed 2 weeks ago kathu, kathu, phuket ฿3,400,000 (฿109,000/sqm) 1 bedroom condo for sale at dcondo reef phuket your everyday wellcation\nexperience the refreshing ambiance of a condominium that revitalises your body and mind, providing a genuine \""safe zone\"" where achieving true relaxation is effortless.\ndiscove... details: 1 bedroom(s) 1 bathroom(s) 31.29 sqm property t"", ""tags"": [""est. rent:฿25,100/mo| roi:9%"", ""cam fee:฿1,721/mo"", ""sinking fund:฿15,645""], ""location_text"": ""Kathu, Kathu, Phuket"", ""url"": ""https://www.fazwaz.com/property-sales/1-bedroom-condo-for-sale-at-dcondo-reef-phuket-in-kathu-phuket-u6149842""}",2026-04-21 09:02:49.809542,2026-04-21 09:02:49.809542,1
131,fazwaz,4-bedroom-villa-for-sale-at-villa-samakki-garden-in-rawai-phuket-u6164931,https://www.fazwaz.com/property-sales/4-bedroom-villa-for-sale-at-villa-samakki-garden-in-rawai-phuket-u6164931,Villa Samakki Garden,,,rawai,"Rawai, Phuket Town, Phuket",,,villa,unknown,,,,,,,,,17000000.0,,,,,,unknown,,0,,0,1,1,0,,,0,,,,,,"{""card_text"": ""see all villa samakki garden listed 2 weeks ago rawai, phuket town, phuket ฿17,000,000 (฿73,900/sqm) 4 bedroom villa for sale at villa samakki garden villa samakki garden is a rare opportunity to acquire a fully custom-built luxury residence in one of phuket's most sought-after and authentic neighbourhoods. conceived, designed and constructed by an... details: 4 bedroom(s) 4 bathroom(s) 230 sqm pr"", ""tags"": [], ""location_text"": ""Rawai, Phuket Town, Phuket"", ""url"": ""https://www.fazwaz.com/property-sales/4-bedroom-villa-for-sale-at-villa-samakki-garden-in-rawai-phuket-u6164931""}",2026-04-21 09:02:49.819387,2026-04-21 09:02:49.819387,1
132,fazwaz,2-bedroom-condo-for-sale-at-the-lofts-at-laguna-village-in-choeng-thale-phuket-u5987657,https://www.fazwaz.com/property-sales/2-bedroom-condo-for-sale-at-the-lofts-at-laguna-village-in-choeng-thale-phuket-u5987657,The Lofts at Laguna Village,,,cherng-talay,"Choeng Thale, Thalang, Phuket",,,villa,leasehold,,,,,138.0,,,,18000000.0,130434.78,,,,,unknown,,0,,0,1,1,0,,,0,,,,,,"{""card_text"": ""see all the lofts at laguna village updated 3 weeks ago choeng thale, thalang, phuket ฿18,000,000 (฿130,000/sqm) 2 bedroom condo for sale at the lofts at laguna village welcome to your dream phuket escape! this stylish 2-bedroom, 3-bath loft (138 sqm) sits on the 3rd floor of a secure, modern residence in the heart of laguna phuket.here, you’ll enjoy a harmonio... details: 2 bedroom(s) 2.5 bathroo"", ""tags"": [""rent:฿125,000/mo| roi:8%"", ""cam fee:฿13,000/mo"", ""updated: 3 weeks ago""], ""location_text"": ""Choeng Thale, Thalang, Phuket"", ""url"": ""https://www.fazwaz.com/property-sales/2-bedroom-condo-for-sale-at-the-lofts-at-laguna-village-in-choeng-thale-phuket-u5987657""}",2026-04-21 09:02:49.821224,2026-04-21 09:02:49.821224,1
133,fazwaz,3-bedroom-condo-for-sale-at-kamala-hills-in-kamala-phuket-u6094579,https://www.fazwaz.com/property-sales/3-bedroom-condo-for-sale-at-kamala-hills-in-kamala-phuket-u6094579,Kamala Hills,,,kamala,"Kamala, Kathu, Phuket",,,condo,leasehold,,,,,,,,,4800000.0,,,,,,unknown,,0,,0,1,0,0,,,0,,,,,,"{""card_text"": ""see all kamala hills listed 3 weeks ago updated 3 weeks ago kamala, kathu, phuket ฿4,800,000 ฿5,200,000 (฿41,700/sqm) 3 bedroom condo for sale at kamala hills 3-bedroom pool view apartment for sale in kamala\nthis spacious and well-maintained apartment is located in the peaceful and convenient area of kamala on the west coast of phuket. the proper... details: 3 bedroom(s) 2 bathroom(s) 115 sqm prop"", ""tags"": [""cam fee:฿9,500/mo"", ""updated: 3 weeks ago""], ""location_text"": ""Kamala, Kathu, Phuket"", ""url"": ""https://www.fazwaz.com/property-sales/3-bedroom-condo-for-sale-at-kamala-hills-in-kamala-phuket-u6094579""}",2026-04-21 09:02:49.821224,2026-04-21 09:02:49.821224,1
134,fazwaz,1-bedroom-condo-for-sale-at-the-standard-residences-in-choeng-thale-phuket-u6124291,https://www.fazwaz.com/property-sales/1-bedroom-condo-for-sale-at-the-standard-residences-in-choeng-thale-phuket-u6124291,The Standard Residences,,,cherng-talay,"Choeng Thale, Thalang, Phuket",,,condo,unknown,,,,,172.0,,,,13900000.0,80813.95,,,,,unknown,,0,,0,1,1,0,,,1,,,,,,"{""card_text"": ""see all the standard residences listed 3 weeks ago updated 6 days ago choeng thale, thalang, phuket ฿13,900,000 (฿185,000/sqm) 1 bedroom condo for sale at the standard residences the standard residences is a residential complex consisting of 188 modern apartments ranging from 75 to 172 sq.m. the complex is constructed as part of six buildings, whose height does not exceed seve... details: 1 bedroo"", ""tags"": [""cam fee:฿6,000/mo"", ""sinking fund:฿37,500"", ""updated: 6 days ago""], ""location_text"": ""Choeng Thale, Thalang, Phuket"", ""url"": ""https://www.fazwaz.com/property-sales/1-bedroom-condo-for-sale-at-the-standard-residences-in-choeng-thale-phuket-u6124291""}",2026-04-21 09:02:49.821224,2026-04-21 09:02:49.821224,1
135,fazwaz,2-bedroom-condo-for-sale-at-saiyuan-buri-condominium-in-rawai-phuket-u6174437,https://www.fazwaz.com/property-sales/2-bedroom-condo-for-sale-at-saiyuan-buri-condominium-in-rawai-phuket-u6174437,Saiyuan Buri Condominium,,,rawai,"Rawai, Phuket Town, Phuket",,,condo,unknown,,,,,,,,,5900000.0,,,,,,unknown,,0,,0,1,0,0,,,0,,,,,,"{""card_text"": ""see all saiyuan buri condominium listed 1 week ago updated 1 week ago rawai, phuket town, phuket ฿5,900,000 (฿81,900/sqm) 2 bedroom condo for sale at saiyuan buri condominium discover comfortable tropical living in this spacious 2-bedroom condo located in the peaceful saiyuan area of rawai, phuket. perfect for both residential living and rental investment.\n\n \nproperty... details: 2 bedroom(s) 2 ba"", ""tags"": [""cam fee:฿4,000/mo"", ""updated: 1 week ago""], ""location_text"": ""Rawai, Phuket Town, Phuket"", ""url"": ""https://www.fazwaz.com/property-sales/2-bedroom-condo-for-sale-at-saiyuan-buri-condominium-in-rawai-phuket-u6174437""}",2026-04-21 09:02:49.821224,2026-04-21 09:02:49.821224,1
136,fazwaz,1-bedroom-apartment-for-sale-at-laguna-lakelands-waterfront-villas-in-choeng-thale-phuket-u6156016,https://www.fazwaz.com/property-sales/1-bedroom-apartment-for-sale-at-laguna-lakelands-waterfront-villas-in-choeng-thale-phuket-u6156016,Laguna Lakelands - Waterfront Villas,,,cherng-talay,"Choeng Thale, Thalang, Phuket",,,villa,unknown,,,1.0,,48.0,,,,8132000.0,169416.67,,,,,unknown,,0,,0,1,0,0,,,1,,,,,,"{""card_text"": ""see all laguna lakelands - waterfront villas listed 2 weeks ago choeng thale, thalang, phuket ฿8,132,000 (฿169,000/sqm) 1 bedroom apartment for sale at laguna lakelands - waterfront villas 1 bedroom 48 sq.m. laguna lakelands - lakeview residences t  laguna beach, phuket  advantages: - 15km of scenic walkways and cycling trails; - a town centre with shops, spas, and restaurants... details: 1 bedroo"", ""tags"": [], ""location_text"": ""Choeng Thale, Thalang, Phuket"", ""url"": ""https://www.fazwaz.com/property-sales/1-bedroom-apartment-for-sale-at-laguna-lakelands-waterfront-villas-in-choeng-thale-phuket-u6156016""}",2026-04-21 09:02:49.821224,2026-04-21 09:02:49.821224,1
137,fazwaz,2-bedroom-condo-for-sale-at-sunset-plaza-condominium-in-karon-phuket-u6175328,https://www.fazwaz.com/property-sales/2-bedroom-condo-for-sale-at-sunset-plaza-condominium-in-karon-phuket-u6175328,Sunset Plaza Condominium,,,karon,"Karon, Phuket Town, Phuket",,,condo,unknown,,,,,167.0,,,,15500000.0,92814.37,,,,,unknown,,0,,0,0,0,0,,,0,,,,,,"{""card_text"": ""see all sunset plaza condominium listed 1 week ago updated 1 week ago karon, phuket town, phuket ฿15,500,000 (฿92,800/sqm) 2 bedroom condo for sale at sunset plaza condominium discover refined coastal living in this beautifully renovated 2-bedroom, 2-bathroom condominium, offering a generous 167 sqm of interior space on the 4th floor. fully furnished with tasteful, modern d... details: 2 bedroom(s"", ""tags"": [""est. rent:฿94,700/mo| roi:7%"", ""cam fee:฿9,880/mo"", ""updated: 1 week ago""], ""location_text"": ""Karon, Phuket Town, Phuket"", ""url"": ""https://www.fazwaz.com/property-sales/2-bedroom-condo-for-sale-at-sunset-plaza-condominium-in-karon-phuket-u6175328""}",2026-04-21 09:02:49.831893,2026-04-21 09:02:49.831893,1
138,fazwaz,4-bedroom-villa-for-sale-at-laguna-village-townhome-in-choeng-thale-phuket-u6121335,https://www.fazwaz.com/property-sales/4-bedroom-villa-for-sale-at-laguna-village-townhome-in-choeng-thale-phuket-u6121335,Laguna Village Townhome,,,cherng-talay,"Choeng Thale, Thalang, Phuket",,,villa,unknown,,,,,,,,,26500000.0,,,,,,unknown,,0,,0,1,0,0,,,0,,,,,,"{""card_text"": ""see all laguna village townhome listed 1 month ago updated 2 weeks ago choeng thale, thalang, phuket ฿26,500,000 (฿77,500/sqm) 4 bedroom villa for sale at laguna village townhome serene 4-bedroom pool villa on a corner plot in laguna village – excellent feng shui | ฿26.5m\nnestled within the prestigious laguna village estate, this beautiful two-story pool villa sits on a... details: 4 bedroom(s) 3 "", ""tags"": [""rent:฿150,000/mo| roi:7%"", ""updated: 2 weeks ago""], ""location_text"": ""Choeng Thale, Thalang, Phuket"", ""url"": ""https://www.fazwaz.com/property-sales/4-bedroom-villa-for-sale-at-laguna-village-townhome-in-choeng-thale-phuket-u6121335""}",2026-04-21 09:02:49.833372,2026-04-21 09:02:49.833372,1
139,fazwaz,3-bedroom-villa-for-sale-at-villoft-zen-living-in-choeng-thale-phuket-u6057480,https://www.fazwaz.com/property-sales/3-bedroom-villa-for-sale-at-villoft-zen-living-in-choeng-thale-phuket-u6057480,Villoft Zen Living,,,cherng-talay,"Choeng Thale, Thalang, Phuket",,,villa,unknown,,,,,,,,,11900000.0,,,,,,unknown,,0,,0,1,1,0,,,0,,,,,,"{""card_text"": ""see all villoft zen living updated 2 weeks ago choeng thale, thalang, phuket ฿11,900,000 (฿112,000/sqm) 3 bedroom villa for sale at villoft zen living discover a unique 3-bedroom private pool villa in choeng thale, phuket, located in a peaceful and highly sought-after residential area near bang tao beach. inspired by japanese zen design, this villa... details: 3 bedroom(s) 3 bathroom(s) 106.20 sqm"", ""tags"": [""cam fee:฿9,027/mo"", ""sinking fund:฿107,250"", ""updated: 2 weeks ago""], ""location_text"": ""Choeng Thale, Thalang, Phuket"", ""url"": ""https://www.fazwaz.com/property-sales/3-bedroom-villa-for-sale-at-villoft-zen-living-in-choeng-thale-phuket-u6057480""}",2026-04-21 09:02:49.835116,2026-04-21 09:02:49.835116,1
140,fazwaz,1-bedroom-condo-for-sale-at-skypark-aurora-laguna-phuket-in-choeng-thale-phuket-u6130997,https://www.fazwaz.com/property-sales/1-bedroom-condo-for-sale-at-skypark-aurora-laguna-phuket-in-choeng-thale-phuket-u6130997,Skypark Aurora Laguna Phuket,,,cherng-talay,"Choeng Thale, Thalang, Phuket",,,condo,leasehold,,,,,31.0,,,,5900000.0,190322.58,,,,,unknown,,0,,0,0,1,0,,,0,,,,,,"{""card_text"": ""see all skypark aurora laguna phuket listed 3 weeks ago choeng thale, thalang, phuket ฿5,900,000 (฿190,000/sqm) 1 bedroom condo for sale at skypark aurora laguna phuket a cozy 31 sq.m apartment located on the 4th floor of a modern seven-story building. the windows offer a view of the parking area and the lush gardens of laguna.\nthe kitchen is separated from the livin... details: 1 bedroom(s) 1 bat"", ""tags"": [""est. rent:฿36,800/mo| roi:7%""], ""location_text"": ""Choeng Thale, Thalang, Phuket"", ""url"": ""https://www.fazwaz.com/property-sales/1-bedroom-condo-for-sale-at-skypark-aurora-laguna-phuket-in-choeng-thale-phuket-u6130997""}",2026-04-21 09:02:49.835116,2026-04-21 09:02:49.835116,1
141,fazwaz,4-bedroom-villa-for-sale-at-botanica-bangtao-beach-phase-5-in-choeng-thale-phuket-u5995567,https://www.fazwaz.com/property-sales/4-bedroom-villa-for-sale-at-botanica-bangtao-beach-phase-5-in-choeng-thale-phuket-u5995567,Botanica Bangtao Beach (Phase 5),,,cherng-talay,"Choeng Thale, Thalang, Phuket",,,villa,unknown,,,,,,,,,79000000.0,,,,,,unknown,,0,,0,1,1,0,,,0,,,,,,"{""card_text"": ""see all botanica bangtao beach (phase 5) updated 3 weeks ago choeng thale, thalang, phuket ฿79,000,000 (฿98,700/sqm) 4 bedroom villa for sale at botanica bangtao beach (phase 5) this exceptional contemporary tropical pool villa is located within one of bang tao’s most prestigious residential estates, just minutes from bang tao beach and the renowned laguna phuket lifest... details: 4 bedroom(s) 6 "", ""tags"": [""rent:฿450,000/mo| roi:7%"", ""cam fee:฿7,700/mo"", ""sinking fund:฿100,000"", ""updated: 3 weeks ago""], ""location_text"": ""Choeng Thale, Thalang, Phuket"", ""url"": ""https://www.fazwaz.com/property-sales/4-bedroom-villa-for-sale-at-botanica-bangtao-beach-phase-5-in-choeng-thale-phuket-u5995567""}",2026-04-21 09:02:49.835116,2026-04-21 09:02:49.835116,1
142,fazwaz,studio-shophouse-for-sale-in-talat-nuea-phuket-u6154274,https://www.fazwaz.com/property-sales/studio-shophouse-for-sale-in-talat-nuea-phuket-u6154274,Very Nice Point and Mid Town Hotel Front,,,phuket-town,"Talat Nuea, Phuket Town, Phuket",,,house,unknown,,,,,,,,,2000000.0,,,,,,unknown,,0,,0,0,0,0,,,0,,,,,,"{""card_text"": ""see all very nice point and mid town hotel front listed 1 week ago updated 1 day ago talat nuea, phuket town, phuket ฿2,000,000 ฿2,500,000 (฿40,000/sqm) studio shophouse for sale in talat nuea, phuket in front of midtown hotel, phuket old town\nmodern neon-style bar with a unique concept interior. the building has 4 floors (you can use all floors). currently only 1f–2f used. perfect for expans... d"", ""tags"": [""updated: 1 day ago""], ""location_text"": ""Talat Nuea, Phuket Town, Phuket"", ""url"": ""https://www.fazwaz.com/property-sales/studio-shophouse-for-sale-in-talat-nuea-phuket-u6154274""}",2026-04-21 09:02:49.844952,2026-04-21 09:02:49.844952,1
143,fazwaz,1-bedroom-condo-for-sale-at-kora-beach-resort-phuket-in-choeng-thale-phuket-u5978772,https://www.fazwaz.com/property-sales/1-bedroom-condo-for-sale-at-kora-beach-resort-phuket-in-choeng-thale-phuket-u5978772,Kora Beach Resort Phuket,,,cherng-talay,"Choeng Thale, Thalang, Phuket",,,condo,leasehold,,,,,,,,,9660000.0,,,,,,unknown,,0,,0,0,0,0,,,0,,,,,,"{""card_text"": ""see all kora beach resort phuket listed 3 weeks ago choeng thale, thalang, phuket ฿9,660,000 (฿210,000/sqm) 1 bedroom condo for sale at kora beach resort phuket nestled right along the pristine coastline of layan beach, kora beach resort phuket offers an unforgettable beachfront experience with stunning views of the sea, just steps away from the soft sands an... details: 1 bedroom(s) 1 bathroom(s)"", ""tags"": [""est. rent:฿47,400/mo| roi:6%"", ""cam fee:฿2,760/mo"", ""sinking fund:฿36,800""], ""location_text"": ""Choeng Thale, Thalang, Phuket"", ""url"": ""https://www.fazwaz.com/property-sales/1-bedroom-condo-for-sale-at-kora-beach-resort-phuket-in-choeng-thale-phuket-u5978772""}",2026-04-21 09:02:49.845461,2026-04-21 09:02:49.845461,1
144,fazwaz,studio-condo-for-sale-at-the-charm-in-patong-phuket-u82983,https://www.fazwaz.com/property-sales/studio-condo-for-sale-at-the-charm-in-patong-phuket-u82983,The Charm,,,patong,"Patong, Kathu, Phuket",,,condo,unknown,,,,,45.0,,,,7734072.0,171868.27,,,,,unknown,,0,,0,1,0,0,,,0,,,,,,"{""card_text"": ""see all the charm 5% guar. return for 3 years updated 6 days ago patong, kathu, phuket ฿7,734,072 (฿173,000/sqm) studio condo for sale at the charm located on the 2nd floor within the charm resort, a 4-star beachfront condotel in patong. living area: 45 sqm. patong has virtually no other development within 40 m to the beach available for foreign... details: studio 1 bathroom(s) 44.60 sqm property "", ""tags"": [""cam fee:฿2,676/mo"", ""updated: 6 days ago""], ""location_text"": ""Patong, Kathu, Phuket"", ""url"": ""https://www.fazwaz.com/property-sales/studio-condo-for-sale-at-the-charm-in-patong-phuket-u82983""}",2026-04-21 09:02:49.850942,2026-04-21 09:02:49.850942,1
145,fazwaz,studio-condo-for-sale-at-utopia-dream-u2-in-rawai-phuket-u6152088,https://www.fazwaz.com/property-sales/studio-condo-for-sale-at-utopia-dream-u2-in-rawai-phuket-u6152088,Utopia Dream U2,,,rawai,"Rawai, Phuket Town, Phuket",,,condo,leasehold,,,,,30.0,,,,2350000.0,78333.33,,,,,unknown,,0,,0,1,0,0,,,0,,,,,,"{""card_text"": ""see all utopia dream u2 7% guar. return for 3 years listed 2 weeks ago rawai, phuket town, phuket ฿2,350,000 (฿78,300/sqm) studio condo for sale at utopia dream u2 utopia mini 2\nstudio 30sq.m\n1 floor\nleasehold\nfully furnished\nhigh potencial for rent\nyour keys at this year details: studio 1 bathroom(s) 30 sqm property type: condo year built 2024 low rise floor 1 unblocked open view pool access cam "", ""tags"": [""cam fee:฿1,500/mo"", ""sinking fund:฿15,000""], ""location_text"": ""Rawai, Phuket Town, Phuket"", ""url"": ""https://www.fazwaz.com/property-sales/studio-condo-for-sale-at-utopia-dream-u2-in-rawai-phuket-u6152088""}",2026-04-21 09:02:49.850942,2026-04-21 09:02:49.850942,1
146,fazwaz,5-bedroom-villa-for-sale-in-rawai-phuket-u6109719,https://www.fazwaz.com/property-sales/5-bedroom-villa-for-sale-in-rawai-phuket-u6109719,"Huge (500 sqm) 5-Bedroom Pool Villa | Rawai, Phuket",,,rawai,"Rawai, Phuket Town, Phuket",,,villa,unknown,,,5.0,6.0,500.0,,,,24900000.0,49800.0,,,,,unknown,,0,,0,1,0,1,,,0,,,,,,"{""card_text"": ""see all huge (500 sqm) 5-bedroom pool villa | rawai, phuket listed 3 weeks ago updated 1 week ago rawai, phuket town, phuket ฿24,900,000 (฿42,200/sqm) 5 bedroom villa for sale in rawai, phuket - 5 bedrooms (7 bedrooms potential) | 6 bathrooms\n- master suite with walk-in closet & bathtub\n- 2 x tv rooms | private office\n- gym room | bar & wine cellar | sauna\n- 500 sqm land | 590 sqm b... details: 5 "", ""tags"": [""updated: 1 week ago""], ""location_text"": ""Rawai, Phuket Town, Phuket"", ""url"": ""https://www.fazwaz.com/property-sales/5-bedroom-villa-for-sale-in-rawai-phuket-u6109719""}",2026-04-21 09:02:49.855904,2026-04-21 09:02:49.855904,1
147,fazwaz,2-bedroom-condo-for-sale-at-aristo-1-in-choeng-thale-phuket-u1929444,https://www.fazwaz.com/property-sales/2-bedroom-condo-for-sale-at-aristo-1-in-choeng-thale-phuket-u1929444,Aristo 1,,,cherng-talay,"Choeng Thale, Thalang, Phuket",,,condo,unknown,,,2.0,,,,,,6450000.0,,,,,,unknown,,0,,0,1,0,0,,,0,,,,,,"{""card_text"": ""see all aristo 1 updated 4 days ago choeng thale, thalang, phuket ฿6,450,000 (฿107,000/sqm) 2 bedroom condo for sale at aristo 1 euro-2 (can be made 2 bedrooms)  surin / bangtao  10 minutes walk to surin beach 15 minutes walk to bangtao beach  apartments on the 4th floor: rooftop pool with sea view and recreation... details: 2 bedroom(s) 1 bathroom(s) 60 sqm property type: condo beach 0.98 km fore"", ""tags"": [""cam fee:฿3,600/mo"", ""updated: 4 days ago""], ""location_text"": ""Choeng Thale, Thalang, Phuket"", ""url"": ""https://www.fazwaz.com/property-sales/2-bedroom-condo-for-sale-at-aristo-1-in-choeng-thale-phuket-u1929444""}",2026-04-21 09:02:49.857656,2026-04-21 09:02:49.857656,1
148,fazwaz,2-bedroom-condo-for-sale-at-the-title-legendary-bang-tao-in-choeng-thale-phuket-u6147868,https://www.fazwaz.com/property-sales/2-bedroom-condo-for-sale-at-the-title-legendary-bang-tao-in-choeng-thale-phuket-u6147868,The Title Legendary-Bang Tao,,,cherng-talay,"Choeng Thale, Thalang, Phuket",,,condo,unknown,,,,,,,,,9400000.0,,,,,,unknown,,0,,0,1,0,0,,,0,,,,,,"{""card_text"": ""see all the title legendary-bang tao listed 3 weeks ago choeng thale, thalang, phuket ฿9,400,000 (฿181,000/sqm) 2 bedroom condo for sale at the title legendary-bang tao the title legendary-bang tao \ndiscover the legendary splendor of the title legendary-bang tao. this remarkable project, consisting of 9 buildings, each with 7 stories, stands as an awe-inspiring... details: 2 bedroom(s) 1 bathroom("", ""tags"": [""est. rent:฿71,200/mo| roi:9%"", ""cam fee:฿3,900/mo"", ""sinking fund:฿36,400""], ""location_text"": ""Choeng Thale, Thalang, Phuket"", ""url"": ""https://www.fazwaz.com/property-sales/2-bedroom-condo-for-sale-at-the-title-legendary-bang-tao-in-choeng-thale-phuket-u6147868""}",2026-04-21 09:02:49.859335,2026-04-21 09:02:49.859335,1
149,fazwaz,studio-condo-for-sale-at-phanasons-city-condominium-in-wichit-phuket-u6163336,https://www.fazwaz.com/property-sales/studio-condo-for-sale-at-phanasons-city-condominium-in-wichit-phuket-u6163336,Phanasons City Condominium,,,phuket-town,"Wichit, Phuket Town, Phuket",,,condo,unknown,,,,,,,,,1890000.0,,,,,,unknown,,0,,0,0,0,0,,,0,,,,,,"{""card_text"": ""see all phanasons city condominium listed 2 weeks ago wichit, phuket town, phuket ฿1,890,000 (฿61,400/sqm) studio condo for sale at phanasons city condominium condominium in the heart of phuket town, surrounded by complete facilities, including central festival phuket, makro phuket, bangkok hospital siriroj, and head start international school in 5 minutes.... details: studio 1 bathroom(s) 30.77 s"", ""tags"": [""est. rent:฿13,900/mo| roi:9%""], ""location_text"": ""Wichit, Phuket Town, Phuket"", ""url"": ""https://www.fazwaz.com/property-sales/studio-condo-for-sale-at-phanasons-city-condominium-in-wichit-phuket-u6163336""}",2026-04-21 09:02:49.859335,2026-04-21 09:02:49.859335,1
150,fazwaz,3-bedroom-villa-for-sale-at-wohnfabrik-phuket-loft-villa-in-thep-krasattri-phuket-u1900803,https://www.fazwaz.com/property-sales/3-bedroom-villa-for-sale-at-wohnfabrik-phuket-loft-villa-in-thep-krasattri-phuket-u1900803,Wohnfabrik Phuket Loft Villa,,,thalang,"Thep Krasattri, Thalang, Phuket",,,villa,unknown,,,3.0,2.0,350.0,,,,15500000.0,44285.71,,,,,unknown,,0,,0,1,0,0,,,0,,,,,,"{""card_text"": ""see all wohnfabrik phuket loft villa updated 4 days ago thep krasattri, thalang, phuket ฿15,500,000 (฿44,300/sqm) 3 bedroom villa for sale at wohnfabrik phuket loft villa this property is a 350 sqm villa with 3 bedrooms and 2 bathrooms that is available for sale. it is part of the wohnfabrik phuket loft villa project in thep krasattri, phuket. you can buy this&nbs... details: 3 bedroom(s) 2 bathro"", ""tags"": [""rent:฿80,000/mo| roi:6%"", ""updated: 4 days ago""], ""location_text"": ""Thep Krasattri, Thalang, Phuket"", ""url"": ""https://www.fazwaz.com/property-sales/3-bedroom-villa-for-sale-at-wohnfabrik-phuket-loft-villa-in-thep-krasattri-phuket-u1900803""}",2026-04-21 09:02:49.865238,2026-04-21 09:02:49.865238,1
151,fazwaz,land-for-sale-in-pa-khlok-phuket-u6150961,https://www.fazwaz.com/property-sales/land-for-sale-in-pa-khlok-phuket-u6150961,Land for sale in Pa Khlok Phuket,,,pa-khlok,"Pa Khlok, Thalang, Phuket",,,land,unknown,,,,,688.0,,,,1850000.0,2688.95,,,,,unknown,,0,,0,0,1,0,,,0,,,,,,"{""card_text"": ""see all land for sale in pa khlok phuket listed 3 weeks ago pa khlok, thalang, phuket ฿1,850,000 (฿2,690/sqm) land for sale in pa khlok, phuket this property is a 688 sqm land plot that is available for sale. it is located in pa khlok, phuket. you can buy this land for a base price of ฿1,850,000 (฿2,690/sqm). details: 688 sqm property type: land garden view unblocked open view ocean access gap loa"", ""tags"": [], ""location_text"": ""Pa Khlok, Thalang, Phuket"", ""url"": ""https://www.fazwaz.com/property-sales/land-for-sale-in-pa-khlok-phuket-u6150961""}",2026-04-21 09:02:55.790399,2026-04-21 09:02:55.790399,1
152,fazwaz,2-bedroom-apartment-for-sale-at-q-conzept-condominium-in-karon-phuket-u1722150,https://www.fazwaz.com/property-sales/2-bedroom-apartment-for-sale-at-q-conzept-condominium-in-karon-phuket-u1722150,Q Conzept Condominium,,,karon,"Karon, Phuket Town, Phuket",,,condo,unknown,,,,,,,,,18000000.0,,,,,,unknown,,0,,0,1,0,0,,,0,,,,,,"{""card_text"": ""see all q conzept condominium updated 2 weeks ago karon, phuket town, phuket ฿18,000,000 ฿20,000,000 (฿153,000/sqm) 2 bedroom apartment for sale at q conzept condominium discover relaxed tropical living in the heart of kata with this beautifully maintained 2-bedroom, 2-bathroom apartment at q-conzept condominium, located just a 5-minute walk from two of phuket’s... details: 2 bedroom(s) 2 bathroom"", ""tags"": [""est. rent:฿247,000/mo| roi:16%"", ""cam fee:฿7,068/mo"", ""sinking fund:฿111,910"", ""updated: 2 weeks ago""], ""location_text"": ""Karon, Phuket Town, Phuket"", ""url"": ""https://www.fazwaz.com/property-sales/2-bedroom-apartment-for-sale-at-q-conzept-condominium-in-karon-phuket-u1722150""}",2026-04-21 09:02:55.806391,2026-04-21 09:02:55.806391,1
153,fazwaz,2-bedroom-condo-for-sale-at-patong-condotel-in-patong-phuket-u6179342,https://www.fazwaz.com/property-sales/2-bedroom-condo-for-sale-at-patong-condotel-in-patong-phuket-u6179342,Patong Condotel,,,patong,"Patong, Kathu, Phuket",,,condo,unknown,,,,,,,,,4290000.0,,,,,,unknown,,0,,0,0,0,0,,,0,,,,,,"{""card_text"": ""see all patong condotel listed 1 week ago updated 1 week ago patong, kathu, phuket ฿4,290,000 (฿71,500/sqm) 2 bedroom condo for sale at patong condotel here’s a polished, professional property listing description:\n\npositioned in the heart of patong, this unique offering presents two adjacent units on the same floor, sold together as a single in... details: 2 bedroom(s) 2 bathroom(s) 60 sqm propert"", ""tags"": [""cam fee:฿500/mo"", ""updated: 1 week ago""], ""location_text"": ""Patong, Kathu, Phuket"", ""url"": ""https://www.fazwaz.com/property-sales/2-bedroom-condo-for-sale-at-patong-condotel-in-patong-phuket-u6179342""}",2026-04-21 09:02:55.806391,2026-04-21 09:02:55.806391,1
154,fazwaz,4-bedroom-condo-for-sale-at-pearl-of-naithon-in-sakhu-phuket-u5667207,https://www.fazwaz.com/property-sales/4-bedroom-condo-for-sale-at-pearl-of-naithon-in-sakhu-phuket-u5667207,Pearl Of Naithon,,,mai-khao,"Sakhu, Thalang, Phuket",,,condo,leasehold,,,,,,,,,19500000.0,,,,,,unknown,,0,,0,0,0,0,,,0,,,,,,"{""card_text"": ""see all pearl of naithon updated 1 week ago sakhu, thalang, phuket ฿19,500,000 (฿80,900/sqm) 4 bedroom condo for sale at pearl of naithon . details: 4 bedroom(s) 3 bathroom(s) 241 sqm property type: condo beach 0.26 km leasehold year built 2010 low rise floor 2 mountain view park view jacuzzi balcony wine cellar rent: ฿160,000/mo | roi: 10% updated: 1 week ago request details schedule viewing"", ""tags"": [""rent:฿160,000/mo| roi:10%"", ""updated: 1 week ago""], ""location_text"": ""Sakhu, Thalang, Phuket"", ""url"": ""https://www.fazwaz.com/property-sales/4-bedroom-condo-for-sale-at-pearl-of-naithon-in-sakhu-phuket-u5667207""}",2026-04-21 09:02:55.818909,2026-04-21 09:02:55.818909,1
155,fazwaz,3-bedroom-villa-for-sale-at-orchard-villas-pasak-3-in-choeng-thale-phuket-u1845458,https://www.fazwaz.com/property-sales/3-bedroom-villa-for-sale-at-orchard-villas-pasak-3-in-choeng-thale-phuket-u1845458,Orchard Villas Pasak 3,,,cherng-talay,"Choeng Thale, Thalang, Phuket",,,villa,unknown,,,,,,,,,24000000.0,,,,,,unknown,,0,,0,1,1,0,,,0,,,,,,"{""card_text"": ""see all orchard villas pasak 3 updated 2 weeks ago choeng thale, thalang, phuket ฿24,000,000 (฿127,000/sqm) 3 bedroom villa for sale at orchard villas pasak 3 discover the pinnacle of serene luxury with this brand-new, fully furnished 3-bedroom, 3-bathroom orchard villa for rent, ideally located in the prestigious pasak area of cherngtalay, near the beautif... details: 3 bedroom(s) 4 bathroom(s) 1"", ""tags"": [""rent:฿110,000/mo| roi:6%"", ""updated: 2 weeks ago""], ""location_text"": ""Choeng Thale, Thalang, Phuket"", ""url"": ""https://www.fazwaz.com/property-sales/3-bedroom-villa-for-sale-at-orchard-villas-pasak-3-in-choeng-thale-phuket-u1845458""}",2026-04-21 09:02:55.822342,2026-04-21 09:02:55.822342,1
156,fazwaz,studio-condo-for-sale-at-mida-grande-resort-condominiums-in-choeng-thale-phuket-u6133956,https://www.fazwaz.com/property-sales/studio-condo-for-sale-at-mida-grande-resort-condominiums-in-choeng-thale-phuket-u6133956,Mida Grande Resort Condominiums,,,cherng-talay,"Choeng Thale, Thalang, Phuket",,,condo,freehold,,,,,36.0,,,,3950000.0,109722.22,,,,,unknown,,0,,0,1,0,0,,,0,,,,,,"{""card_text"": ""see all mida grande resort condominiums 7% guar. return for 3 years listed 3 weeks ago updated 1 week ago choeng thale, thalang, phuket ฿3,950,000 ฿4,100,000 (฿110,000/sqm) studio condo for sale at mida grande resort condominiums foreign freehold condo in a prime surin / bang tao location — ready for personal use or rental income from day one.\n36 sqm unit on the quiet, shaded side of the building,"", ""tags"": [""cam fee:฿1,800/mo"", ""sinking fund:฿18,000"", ""updated: 1 week ago""], ""location_text"": ""Choeng Thale, Thalang, Phuket"", ""url"": ""https://www.fazwaz.com/property-sales/studio-condo-for-sale-at-mida-grande-resort-condominiums-in-choeng-thale-phuket-u6133956""}",2026-04-21 09:02:55.822342,2026-04-21 09:02:55.822342,1
157,fazwaz,1-bedroom-condo-for-sale-at-sky-park-in-choeng-thale-phuket-u6155703,https://www.fazwaz.com/property-sales/1-bedroom-condo-for-sale-at-sky-park-in-choeng-thale-phuket-u6155703,Sky Park,,,cherng-talay,"Choeng Thale, Thalang, Phuket",,,condo,leasehold,,,,,,,,,6500000.0,,,,,,unknown,,0,,0,0,1,0,,,0,,,,,,"{""card_text"": ""see all sky park listed 2 weeks ago choeng thale, thalang, phuket ฿6,500,000 (฿181,000/sqm) 1 bedroom condo for sale at sky park sky park, the latest beachfront condominium from laguna phuket group. set amid lush nature, you can enjoy the magnificent view of laguna phuket golf course, lake, and the andaman sea. the facilities a... details: 1 bedroom(s) 1 bathroom(s) 36 sqm property type: condo bea"", ""tags"": [""est. rent:฿32,600/mo| roi:6%"", ""cam fee:฿2,160/mo"", ""sinking fund:฿3,600""], ""location_text"": ""Choeng Thale, Thalang, Phuket"", ""url"": ""https://www.fazwaz.com/property-sales/1-bedroom-condo-for-sale-at-sky-park-in-choeng-thale-phuket-u6155703""}",2026-04-21 09:02:55.822342,2026-04-21 09:02:55.822342,1
158,fazwaz,1-bedroom-condo-for-sale-at-vip-venus-karon-in-karon-phuket-u6131484,https://www.fazwaz.com/property-sales/1-bedroom-condo-for-sale-at-vip-venus-karon-in-karon-phuket-u6131484,VIP Venus Karon,,,karon,"Karon, Phuket Town, Phuket",,,condo,leasehold,,,,,,,,,5285000.0,,,,,,unknown,,0,,0,0,0,0,,,1,,,,,,"{""card_text"": ""see all vip venus karon 6% guar. return for 3 years listed 3 weeks ago karon, phuket town, phuket ฿5,285,000 (฿151,000/sqm) 1 bedroom condo for sale at vip venus karon discover this exceptional corner 1-bedroom apartment now available for sale - the only unit of its kind on the market today.\n \nall other similar layouts have been completely sold out by the devel... details: 1 bedroom(s) 1 bathroom("", ""tags"": [""cam fee:฿2,100/mo"", ""sinking fund:฿14,000""], ""location_text"": ""Karon, Phuket Town, Phuket"", ""url"": ""https://www.fazwaz.com/property-sales/1-bedroom-condo-for-sale-at-vip-venus-karon-in-karon-phuket-u6131484""}",2026-04-21 09:02:55.822342,2026-04-21 09:02:55.822342,1
159,fazwaz,1-bedroom-condo-for-sale-at-rawai-beach-condominium-in-rawai-phuket-u5869448,https://www.fazwaz.com/property-sales/1-bedroom-condo-for-sale-at-rawai-beach-condominium-in-rawai-phuket-u5869448,Rawai Beach Condominium,,,rawai,"Rawai, Phuket Town, Phuket",,,condo,unknown,,,,1.0,37.0,,,,2410526.0,65149.35,,,,,unknown,,0,,0,0,0,0,,,0,,,,,,"{""card_text"": ""see all rawai beach condominium 7% guar. return for 3 years updated 2 days ago rawai, phuket town, phuket ฿2,410,526 ฿2,750,000 (฿65,100/sqm) 1 bedroom condo for sale at rawai beach condominium for sale foreign quota: 1-bedroom  1 bathroom condo at rawai beach condominium spacious 37 sqm 1-bedroom apartment 1 bathroom on the 2nd floor in a well-maintained rawai beach condominium, just a... details"", ""tags"": [""cam fee:฿2,220/mo"", ""sinking fund:฿22,200"", ""updated: 2 days ago""], ""location_text"": ""Rawai, Phuket Town, Phuket"", ""url"": ""https://www.fazwaz.com/property-sales/1-bedroom-condo-for-sale-at-rawai-beach-condominium-in-rawai-phuket-u5869448""}",2026-04-21 09:02:55.822342,2026-04-21 09:02:55.822342,1
160,fazwaz,2-bedroom-villa-for-sale-at-villa-suksan-soi-king-suksan-4-in-rawai-phuket-u2016969,https://www.fazwaz.com/property-sales/2-bedroom-villa-for-sale-at-villa-suksan-soi-king-suksan-4-in-rawai-phuket-u2016969,Villa Suksan Soi King Suksan 4,,,rawai,"Rawai, Phuket Town, Phuket",,,villa,unknown,,,,,220.0,,,,10500000.0,47727.27,,,,,unknown,,0,,0,1,1,0,,,0,,,,,,"{""card_text"": ""villa suksan soi king suksan 4 updated 2 weeks ago rawai, phuket town, phuket ฿10,500,000 ฿12,500,000 (฿47,700/sqm) 2 bedroom villa for sale at villa suksan soi king suksan 4 experience peaceful tropical living with this elegant 2-bedroom, 2-bathroom private pool villa located in the highly desirable villa suksan community in rawai.featuring a generous 220 sqm indoor livin... details: 2 bedroom(s)"", ""tags"": [""est. rent:฿59,000/mo| roi:7%"", ""updated: 2 weeks ago""], ""location_text"": ""Rawai, Phuket Town, Phuket"", ""url"": ""https://www.fazwaz.com/property-sales/2-bedroom-villa-for-sale-at-villa-suksan-soi-king-suksan-4-in-rawai-phuket-u2016969""}",2026-04-21 09:02:55.822342,2026-04-21 09:02:55.822342,1
161,fazwaz,studio-condo-for-sale-at-the-vip-mercury-wyndham-la-vita-phuket-in-rawai-phuket-u6154263,https://www.fazwaz.com/property-sales/studio-condo-for-sale-at-the-vip-mercury-wyndham-la-vita-phuket-in-rawai-phuket-u6154263,The VIP Mercury - Wyndham La Vita Phuket,,,rawai,"Rawai, Phuket Town, Phuket",,,condo,unknown,,,,,,,,,3850000.0,,,,,,unknown,,0,,0,0,0,0,,,0,,,,,,"{""card_text"": ""see all the vip mercury - wyndham la vita phuket 6% guar. return for 2 years listed 2 weeks ago rawai, phuket town, phuket ฿3,850,000 (฿128,000/sqm) studio condo for sale at the vip mercury - wyndham la vita phuket wyndham la vita is a luxury resort-condominium style on a prime location surrounded by phuket island's lush green nature. it is 550 meters close to naiharn beach and rawai beach. it is "", ""tags"": [""cam fee:฿1,800/mo"", ""sinking fund:฿12,000""], ""location_text"": ""Rawai, Phuket Town, Phuket"", ""url"": ""https://www.fazwaz.com/property-sales/studio-condo-for-sale-at-the-vip-mercury-wyndham-la-vita-phuket-in-rawai-phuket-u6154263""}",2026-04-21 09:02:55.838389,2026-04-21 09:02:55.838389,1
162,fazwaz,1-bedroom-condo-for-sale-at-the-accenta-in-karon-phuket-u6128046,https://www.fazwaz.com/property-sales/1-bedroom-condo-for-sale-at-the-accenta-in-karon-phuket-u6128046,The Accenta,,,karon,"Karon, Phuket Town, Phuket",,,condo,leasehold,,,,,,,,,8400000.0,,,,,,unknown,,0,,0,1,0,0,,,0,,,,,,"{""card_text"": ""see all the accenta listed 3 weeks ago karon, phuket town, phuket ฿8,400,000 ฿14,000,000 (฿98,800/sqm) 1 bedroom condo for sale at the accenta luxury sea view condominium at the accenta, located between kata and karon beach. the unit offers a spacious living area, large balcony, fully equipped kitchen, and ensuite bedroom. the building featu... details: 1 bedroom(s) 1 bathroom(s) 85 sqm property t"", ""tags"": [""rent:฿80,000/mo| roi:11%"", ""cam fee:฿4,165/mo""], ""location_text"": ""Karon, Phuket Town, Phuket"", ""url"": ""https://www.fazwaz.com/property-sales/1-bedroom-condo-for-sale-at-the-accenta-in-karon-phuket-u6128046""}",2026-04-21 09:02:55.838389,2026-04-21 09:02:55.838389,1
163,fazwaz,studio-condo-for-sale-at-the-emerald-terrace-in-patong-phuket-u82980,https://www.fazwaz.com/property-sales/studio-condo-for-sale-at-the-emerald-terrace-in-patong-phuket-u82980,The Emerald Terrace,,,patong,"Patong, Kathu, Phuket",,,condo,leasehold,,,,,,,,,3432632.0,,,,,,unknown,,0,,0,1,1,0,,,0,,,,,,"{""card_text"": ""see all the emerald terrace updated 6 days ago great price patong, kathu, phuket ฿3,432,632 (฿88,000/sqm) studio condo for sale at the emerald terrace modern family-friendly condo in a quiet area in patong on the 4th floor at ”the emerald terrace resort“ - approx. 800m to the beach. patong is known as one of the most famous destinations... details: studio 1 bathroom(s) 39 sqm property type: condo "", ""tags"": [""rent:฿50,725/mo| roi:18%"", ""cam fee:฿1,950/mo"", ""sinking fund:฿19,500"", ""updated: 6 days ago""], ""location_text"": ""Patong, Kathu, Phuket"", ""url"": ""https://www.fazwaz.com/property-sales/studio-condo-for-sale-at-the-emerald-terrace-in-patong-phuket-u82980""}",2026-04-21 09:02:55.838389,2026-04-21 09:02:55.838389,1
164,fazwaz,1-bedroom-condo-for-sale-at-bellevue-beachfront-condo-in-choeng-thale-phuket-u6036057,https://www.fazwaz.com/property-sales/1-bedroom-condo-for-sale-at-bellevue-beachfront-condo-in-choeng-thale-phuket-u6036057,Bellevue Beachfront Condo,,,cherng-talay,"Choeng Thale, Thalang, Phuket",,,condo,leasehold,,,,,,,,,7000000.0,,,,,,unknown,,0,,0,1,0,0,,,1,,,,,,"{""card_text"": ""see all bellevue beachfront condo listed 3 weeks ago updated 3 weeks ago choeng thale, thalang, phuket ฿7,000,000 ฿7,200,000 (฿175,000/sqm) 1 bedroom condo for sale at bellevue beachfront condo the bellevue beachfront condo in phuket offers an exquisite blend of modern living and tropical tranquility. comprising of five buildings, each standing proudly at five floors, this development is a t... de"", ""tags"": [""cam fee:฿2,000/mo"", ""sinking fund:฿20,000"", ""updated: 3 weeks ago""], ""location_text"": ""Choeng Thale, Thalang, Phuket"", ""url"": ""https://www.fazwaz.com/property-sales/1-bedroom-condo-for-sale-at-bellevue-beachfront-condo-in-choeng-thale-phuket-u6036057""}",2026-04-21 09:02:55.845252,2026-04-21 09:02:55.845252,1
165,fazwaz,1-bedroom-apartment-for-sale-at-harmony-condominium-in-rawai-phuket-u6129387,https://www.fazwaz.com/property-sales/1-bedroom-apartment-for-sale-at-harmony-condominium-in-rawai-phuket-u6129387,Harmony Condominium,,,rawai,"Rawai, Phuket Town, Phuket",,,condo,leasehold,,,,,,,,,6335000.0,,,,,,unknown,,0,,0,1,1,0,,,0,,,,,,"{""card_text"": ""see all harmony condominium listed 3 weeks ago rawai, phuket town, phuket ฿6,335,000 (฿141,000/sqm) 1 bedroom apartment for sale at harmony condominium phuket. the project combines modern technologies, thoughtful layouts, and classic architectural elements, creating a comfortable living environment for both residence and rental stays.\nthe conc... details: 1 bedroom(s) 1 bathroom(s) 45 sqm property"", ""tags"": [""est. rent:฿44,300/mo| roi:8%"", ""cam fee:฿3,600/mo"", ""sinking fund:฿27,000""], ""location_text"": ""Rawai, Phuket Town, Phuket"", ""url"": ""https://www.fazwaz.com/property-sales/1-bedroom-apartment-for-sale-at-harmony-condominium-in-rawai-phuket-u6129387""}",2026-04-21 09:02:55.848436,2026-04-21 09:02:55.848436,1
166,fazwaz,6-bedroom-villa-for-sale-at-the-cape-residences-in-pa-khlok-phuket-u6116726,https://www.fazwaz.com/property-sales/6-bedroom-villa-for-sale-at-the-cape-residences-in-pa-khlok-phuket-u6116726,The Cape Residences,,,pa-khlok,"Pa Khlok, Thalang, Phuket",,,villa,unknown,,,,,,,,,353000000.0,,,,,,unknown,,0,,0,1,0,0,,,0,,,,,,"{""card_text"": ""see all the cape residences listed 1 month ago updated 4 weeks ago pa khlok, thalang, phuket ฿353,000,000 (฿221,000/sqm) 6 bedroom villa for sale at the cape residences the cape residencesrelax with the melodies of the ocean waves and immerse your happiness at \""the cape residences.\"" it is a luxury villa amidst the beauty of the sea, sand, and sky. the project offers... details: 6 bedroom(s) 7.5 ba"", ""tags"": [""updated: 4 weeks ago""], ""location_text"": ""Pa Khlok, Thalang, Phuket"", ""url"": ""https://www.fazwaz.com/property-sales/6-bedroom-villa-for-sale-at-the-cape-residences-in-pa-khlok-phuket-u6116726""}",2026-04-21 09:02:55.850206,2026-04-21 09:02:55.850206,1
167,fazwaz,4-bedroom-villa-for-sale-at-wallaya-villas-harmony-in-si-sunthon-phuket-u5853178,https://www.fazwaz.com/property-sales/4-bedroom-villa-for-sale-at-wallaya-villas-harmony-in-si-sunthon-phuket-u5853178,Wallaya Villas Harmony,,,layan,"Si Sunthon, Thalang, Phuket",,,villa,unknown,,,,,,,,,17000000.0,,,,,,unknown,,0,,0,1,1,0,,,0,,,,,,"{""card_text"": ""see all wallaya villas harmony listed 3 weeks ago si sunthon, thalang, phuket ฿17,000,000 (฿45,000/sqm) 4 bedroom villa for sale at wallaya villas harmony tired of the hustle and bustle of the city and seek for the tranquility of living. do not miss 'wallaya villas harmony' a gated pool villa project in loft style, surrounded by the richness of nature,... details: 4 bedroom(s) 4 bathroom(s) 378 sq"", ""tags"": [""cam fee:฿7,560/mo"", ""sinking fund:฿18,900""], ""location_text"": ""Si Sunthon, Thalang, Phuket"", ""url"": ""https://www.fazwaz.com/property-sales/4-bedroom-villa-for-sale-at-wallaya-villas-harmony-in-si-sunthon-phuket-u5853178""}",2026-04-21 09:02:55.853674,2026-04-21 09:02:55.853674,1
168,fazwaz,studio-condo-for-sale-at-the-title-serenity-naiyang-in-sakhu-phuket-u6175574,https://www.fazwaz.com/property-sales/studio-condo-for-sale-at-the-title-serenity-naiyang-in-sakhu-phuket-u6175574,The Title Serenity Naiyang,,,mai-khao,"Sakhu, Thalang, Phuket",,,condo,leasehold,,,,,26.0,,,,3250000.0,125000.0,,,,,unknown,,0,,0,0,1,0,,,1,,,,,,"{""card_text"": ""see all the title serenity naiyang listed 1 week ago updated 1 week ago sakhu, thalang, phuket ฿3,250,000 (฿125,000/sqm) studio condo for sale at the title serenity naiyang about this studio – the title serenity\ndiscover a cozy and well-designed 26 sqm studio located on the 4th floor in the quiet block c of one of phuket’s most harmonious residential projects... details: studio 1 bathroom(s) 26 sq"", ""tags"": [""cam fee:฿1,950/mo"", ""sinking fund:฿19,500"", ""updated: 1 week ago""], ""location_text"": ""Sakhu, Thalang, Phuket"", ""url"": ""https://www.fazwaz.com/property-sales/studio-condo-for-sale-at-the-title-serenity-naiyang-in-sakhu-phuket-u6175574""}",2026-04-21 09:02:55.854319,2026-04-21 09:02:55.854319,1
169,fazwaz,studio-condo-for-sale-at-harmony-condominium-in-rawai-phuket-u6129781,https://www.fazwaz.com/property-sales/studio-condo-for-sale-at-harmony-condominium-in-rawai-phuket-u6129781,Harmony Condominium,,,rawai,"Rawai, Phuket Town, Phuket",,,condo,leasehold,,,,,,,,,5180000.0,,,,,,unknown,,0,,0,0,0,0,,,0,,,,,,"{""card_text"": ""see all harmony condominium listed 3 weeks ago rawai, phuket town, phuket ฿5,180,000 (฿140,000/sqm) studio condo for sale at harmony condominium harmony club apartments is a premium boutique condominium located in the heart of rawai, phuket. the project combines modern technologies, well-designed layouts, and classic architectural\nelements, cr... details: studio 1 bathroom(s) 37 sqm property type:"", ""tags"": [""est. rent:฿60,700/mo| roi:14%"", ""cam fee:฿2,960/mo"", ""sinking fund:฿22,200""], ""location_text"": ""Rawai, Phuket Town, Phuket"", ""url"": ""https://www.fazwaz.com/property-sales/studio-condo-for-sale-at-harmony-condominium-in-rawai-phuket-u6129781""}",2026-04-21 09:02:55.854319,2026-04-21 09:02:55.854319,1
170,fazwaz,studio-apartment-for-sale-at-citygate-in-kamala-phuket-u6154637,https://www.fazwaz.com/property-sales/studio-apartment-for-sale-at-citygate-in-kamala-phuket-u6154637,CITYGATE,,,kamala,"Kamala, Kathu, Phuket",,,condo,unknown,,,,,,,,,4700000.0,,,,,,unknown,,0,,0,1,1,0,,,0,,,,,,"{""card_text"": ""see all citygate listed 2 weeks ago kamala, kathu, phuket ฿4,700,000 (฿138,000/sqm) studio apartment for sale at citygate citygate phuket open the door to a new form of relaxation with citygate phuket, a condominium that brings all living qualities together in one place. the highlight is to turn the project's space into... details: studio 1 bathroom(s) 34 sqm property type: apartment beach 1.17 km"", ""tags"": [""cam fee:฿2,040/mo"", ""sinking fund:฿20,400""], ""location_text"": ""Kamala, Kathu, Phuket"", ""url"": ""https://www.fazwaz.com/property-sales/studio-apartment-for-sale-at-citygate-in-kamala-phuket-u6154637""}",2026-04-21 09:02:55.854319,2026-04-21 09:02:55.854319,1
171,fazwaz,1-bedroom-condo-for-sale-at-job-condominium-in-ratsada-phuket-u6190883,https://www.fazwaz.com/property-sales/1-bedroom-condo-for-sale-at-job-condominium-in-ratsada-phuket-u6190883,Job Condominium,,,phuket-town,"Ratsada, Phuket Town, Phuket",,,condo,unknown,,,1.0,1.0,20.0,,,,1970000.0,98500.0,,,,,unknown,,0,,0,0,0,0,,,0,,,,,,"{""card_text"": ""see all job condominium listed 5 days ago updated 5 days ago ratsada, phuket town, phuket ฿1,970,000 (฿59,300/sqm) 1 bedroom condo for sale at job condominium this property is a 33.20 sqm condo with 1 bedroom and 1 bathroom that is available for sale. it is part of the job condominium project in ratsada, phuket and was completed in jul 2015. you c... details: 1 bedroom(s) 1 bathroom(s) 33.20 sqm p"", ""tags"": [""updated: 5 days ago""], ""location_text"": ""Ratsada, Phuket Town, Phuket"", ""url"": ""https://www.fazwaz.com/property-sales/1-bedroom-condo-for-sale-at-job-condominium-in-ratsada-phuket-u6190883""}",2026-04-21 09:02:55.854319,2026-04-21 09:02:55.854319,1
172,fazwaz,1-bedroom-condo-for-sale-at-sky-park-in-choeng-thale-phuket-u1948094,https://www.fazwaz.com/property-sales/1-bedroom-condo-for-sale-at-sky-park-in-choeng-thale-phuket-u1948094,Sky Park,,,cherng-talay,"Choeng Thale, Thalang, Phuket",,,condo,unknown,,,,,,,,,5700000.0,,,,,,unknown,,0,,0,0,1,0,,,0,,,,,,"{""card_text"": ""see all sky park updated 2 weeks ago choeng thale, thalang, phuket ฿5,700,000 (฿146,000/sqm) 1 bedroom condo for sale at sky park sky park, the latest beachfront condominium from laguna phuket group. set amid lush nature, you can enjoy the magnificent view of laguna phuket golf course, lake, and the andaman sea. the facilities a... details: 1 bedroom(s) 1 bathroom(s) 39 sqm property type: condo be"", ""tags"": [""est. rent:฿28,600/mo| roi:6%"", ""cam fee:฿2,340/mo"", ""sinking fund:฿3,900"", ""updated: 2 weeks ago""], ""location_text"": ""Choeng Thale, Thalang, Phuket"", ""url"": ""https://www.fazwaz.com/property-sales/1-bedroom-condo-for-sale-at-sky-park-in-choeng-thale-phuket-u1948094""}",2026-04-21 09:02:55.854319,2026-04-21 09:02:55.854319,1
173,fazwaz,retail-space-for-sale-in-choeng-thale-phuket-u6175945,https://www.fazwaz.com/property-sales/retail-space-for-sale-in-choeng-thale-phuket-u6175945,Restaurant for sale,,,cherng-talay,"Choeng Thale, Thalang, Phuket",,,land,unknown,,,,,,,,,15000000.0,,,,,,unknown,,0,,0,0,0,0,,,0,,,,,,"{""card_text"": ""see all restaurant for sale listed 1 week ago updated 1 week ago choeng thale, thalang, phuket ฿15,000,000 (฿30,900/sqm) retail space for sale in choeng thale, phuket view: forest view\nconstruction year: december 2024\nbuilding ownership: lease contract with tantiwit\nland ownership: lease contract with tan tiwit\nfurniture: fully furnished and ready to operate\nwater... details: 3 bathroom(s) 486 sqm"", ""tags"": [""updated: 1 week ago""], ""location_text"": ""Choeng Thale, Thalang, Phuket"", ""url"": ""https://www.fazwaz.com/property-sales/retail-space-for-sale-in-choeng-thale-phuket-u6175945""}",2026-04-21 09:02:55.854319,2026-04-21 09:02:55.854319,1
174,fazwaz,studio-condo-for-sale-at-laguna-beachside-in-choeng-thale-phuket-u6180251,https://www.fazwaz.com/property-sales/studio-condo-for-sale-at-laguna-beachside-in-choeng-thale-phuket-u6180251,Laguna Beachside,,,cherng-talay,"Choeng Thale, Thalang, Phuket",,,condo,leasehold,,,,,,,,,12100000.0,,,,,,unknown,,0,,0,0,0,0,,,0,,,,,,"{""card_text"": ""see all laguna beachside listed 1 week ago updated 1 week ago choeng thale, thalang, phuket ฿12,100,000 (฿202,000/sqm) studio condo for sale at laguna beachside for sale: turnkey investment in phuket1-bedroom apartment – beachside residences (unit 2310)\nready-made investment unit under professional management — ideal for passive income.\ndetails:... details: studio 1 bathroom(s) 60 sqm property typ"", ""tags"": [""cam fee:฿3,000/mo"", ""sinking fund:฿6,000"", ""updated: 1 week ago""], ""location_text"": ""Choeng Thale, Thalang, Phuket"", ""url"": ""https://www.fazwaz.com/property-sales/studio-condo-for-sale-at-laguna-beachside-in-choeng-thale-phuket-u6180251""}",2026-04-21 09:02:55.854319,2026-04-21 09:02:55.854319,1
175,fazwaz,2-bedroom-villa-for-sale-in-pa-khlok-phuket-u6156621,https://www.fazwaz.com/property-sales/2-bedroom-villa-for-sale-in-pa-khlok-phuket-u6156621,2 Bedrooms Pool Villa for Sale Near Mission Hills Golf Course,,,pa-khlok,"Pa Khlok, Thalang, Phuket",,,villa,unknown,,,,,,,,,15900000.0,,,,,,unknown,,0,,0,1,0,0,,,0,,,,,,"{""card_text"": ""see all 2 bedrooms pool villa for sale near mission hills golf course listed 1 week ago updated 6 days ago pa khlok, thalang, phuket ฿15,900,000 (฿88,300/sqm) 2 bedroom villa for sale in pa khlok, phuket beautiful 2-bedroom white pool villa near mission hills golf course\ndiscover a refined lifestyle in this fully renovated two-bedroom, two-bathroom white pool villa, perfectly positioned just momen"", ""tags"": [""updated: 6 days ago""], ""location_text"": ""Pa Khlok, Thalang, Phuket"", ""url"": ""https://www.fazwaz.com/property-sales/2-bedroom-villa-for-sale-in-pa-khlok-phuket-u6156621""}",2026-04-21 09:02:55.869323,2026-04-21 09:02:55.869323,1
176,fazwaz,studio-condo-for-sale-at-chic-condo-in-karon-phuket-u6149118,https://www.fazwaz.com/property-sales/studio-condo-for-sale-at-chic-condo-in-karon-phuket-u6149118,Chic Condo,,,karon,"Karon, Phuket Town, Phuket",,,condo,unknown,,,,,48.0,,,,4950000.0,103125.0,,,,,unknown,,0,,0,0,0,0,,,0,,,,,,"{""card_text"": ""see all chic condo 7% guar. return for 3 years listed 2 weeks ago karon, phuket town, phuket ฿4,950,000 (฿103,000/sqm) studio condo for sale at chic condo a rare opportunity to own a fully furnished studio in the sought-after chic condominium karon. this 48 sqm gem is designed for comfort and style, offering a perfect blend of modern living and n... details: studio 1 bathroom(s) 48 sqm property ty"", ""tags"": [""cam fee:฿2,160/mo"", ""sinking fund:฿24,000""], ""location_text"": ""Karon, Phuket Town, Phuket"", ""url"": ""https://www.fazwaz.com/property-sales/studio-condo-for-sale-at-chic-condo-in-karon-phuket-u6149118""}",2026-04-21 09:02:55.869323,2026-04-21 09:02:55.869323,1
177,fazwaz,1-bedroom-condo-for-sale-at-ozone-condotel-in-karon-phuket-u6145625,https://www.fazwaz.com/property-sales/1-bedroom-condo-for-sale-at-ozone-condotel-in-karon-phuket-u6145625,Ozone Condotel,,,karon,"Karon, Phuket Town, Phuket",,,condo,unknown,,,,,,,,,5100000.0,,,,,,unknown,,0,,0,0,0,0,,,0,,,,,,"{""card_text"": ""see all ozone condotel listed 3 weeks ago updated 2 weeks ago karon, phuket town, phuket ฿5,100,000 (฿127,000/sqm) 1 bedroom condo for sale at ozone condotel ozone condo for sale – kata, phuket\nexceptional location just minutes from kata beach — close to everything, yet tucked away in a quiet, peaceful soi.\nthis is a very bright, feel-good corn... details: 1 bedroom(s) 1 bathroom(s) 40 sqm propert"", ""tags"": [""est. rent:฿28,600/mo| roi:7%"", ""cam fee:฿2,000/mo"", ""sinking fund:฿20,000"", ""updated: 2 weeks ago""], ""location_text"": ""Karon, Phuket Town, Phuket"", ""url"": ""https://www.fazwaz.com/property-sales/1-bedroom-condo-for-sale-at-ozone-condotel-in-karon-phuket-u6145625""}",2026-04-21 09:02:55.869323,2026-04-21 09:02:55.869323,1
178,fazwaz,studio-condo-for-sale-at-hill-myna-condotel-in-choeng-thale-phuket-u6144310,https://www.fazwaz.com/property-sales/studio-condo-for-sale-at-hill-myna-condotel-in-choeng-thale-phuket-u6144310,Hill Myna Condotel,,,cherng-talay,"Choeng Thale, Thalang, Phuket",,,condo,unknown,,,,1.0,33.0,,,,2690000.0,81515.15,,,,,unknown,,0,,0,1,1,0,,,0,,,,,,"{""card_text"": ""see all hill myna condotel listed 3 weeks ago choeng thale, thalang, phuket ฿2,690,000 (฿81,500/sqm) studio condo for sale at hill myna condotel this property is a 33 sqm studio condo with 1 bathroom that is available for sale. it is part of the hill myna condotel project in choeng thale, phuket and was completed in jan 2015. you can... details: studio 1 bathroom(s) 33 sqm property type: condo bea"", ""tags"": [""est. rent:฿21,700/mo| roi:10%"", ""cam fee:฿1,650/mo""], ""location_text"": ""Choeng Thale, Thalang, Phuket"", ""url"": ""https://www.fazwaz.com/property-sales/studio-condo-for-sale-at-hill-myna-condotel-in-choeng-thale-phuket-u6144310""}",2026-04-21 09:02:55.869323,2026-04-21 09:02:55.869323,1
179,fazwaz,4-bedroom-villa-for-sale-at-vista-del-mar-phuket-in-sakhu-phuket-u6188465,https://www.fazwaz.com/property-sales/4-bedroom-villa-for-sale-at-vista-del-mar-phuket-in-sakhu-phuket-u6188465,Vista Del Mar Phuket,,,mai-khao,"Sakhu, Thalang, Phuket",,,villa,unknown,,,,,,,,,39900000.0,,,,,,unknown,,0,,0,1,0,0,,,0,,,,,,"{""card_text"": ""see all vista del mar phuket listed 1 week ago updated 1 week ago sakhu, thalang, phuket ฿39,900,000 (฿121,000/sqm) 4 bedroom villa for sale at vista del mar phuket vista del mar, a luxury pool villa close to naithon beach, which is only 600 meters away and is only a 10-minute drive from phuket international airport. the villa is in a quiet and private atmosphere... details: 4 bedroom(s) 4 bathroo"", ""tags"": [""cam fee:฿16,500/mo"", ""sinking fund:฿99,000"", ""updated: 1 week ago""], ""location_text"": ""Sakhu, Thalang, Phuket"", ""url"": ""https://www.fazwaz.com/property-sales/4-bedroom-villa-for-sale-at-vista-del-mar-phuket-in-sakhu-phuket-u6188465""}",2026-04-21 09:02:55.869323,2026-04-21 09:02:55.869323,1
180,fazwaz,6-bedroom-villa-for-sale-at-laguna-homes-in-choeng-thale-phuket-u1881240,https://www.fazwaz.com/property-sales/6-bedroom-villa-for-sale-at-laguna-homes-in-choeng-thale-phuket-u1881240,Laguna Homes,,,cherng-talay,"Choeng Thale, Thalang, Phuket",,,villa,unknown,,,,,,,,,130000000.0,,,,,,unknown,,0,,0,1,1,0,,,0,,,,,,"{""card_text"": ""see all laguna homes updated 2 weeks ago choeng thale, thalang, phuket ฿130,000,000 (฿125,000/sqm) 6 bedroom villa for sale at laguna homes a brand new villa is now available in the \""laguna homes\"" settlement in the heart of bangtao. with a unique view of the lily pond and golf course. the villa comprises 5 full bedrooms, each with its own... details: 6 bedroom(s) 7 bathroom(s) 1,040 sqm property t"", ""tags"": [""rent:฿950,000/mo| roi:9%"", ""updated: 2 weeks ago""], ""location_text"": ""Choeng Thale, Thalang, Phuket"", ""url"": ""https://www.fazwaz.com/property-sales/6-bedroom-villa-for-sale-at-laguna-homes-in-choeng-thale-phuket-u1881240""}",2026-04-21 09:02:55.869323,2026-04-21 09:02:55.869323,1
181,fazwaz,3-bedroom-villa-for-sale-at-thai-bali-pool-villa-in-choeng-thale-phuket-u6116734,https://www.fazwaz.com/property-sales/3-bedroom-villa-for-sale-at-thai-bali-pool-villa-in-choeng-thale-phuket-u6116734,Thai Bali Pool Villa,,,cherng-talay,"Choeng Thale, Thalang, Phuket",,,villa,unknown,,,,,,,,,24900000.0,,,,,,unknown,,0,,0,1,1,0,,,0,,,,,,"{""card_text"": ""see all thai bali pool villa listed 3 weeks ago choeng thale, thalang, phuket ฿24,900,000 (฿124,000/sqm) 3 bedroom villa for sale at thai bali pool villa tucked within the exclusive thai bali development of just four villas, this charming bali-style retreat offers privacy, tranquility, and an unbeatable location just a short stroll from the beach. set... details: 3 bedroom(s) 3.5 bathroom(s) 200 s"", ""tags"": [], ""location_text"": ""Choeng Thale, Thalang, Phuket"", ""url"": ""https://www.fazwaz.com/property-sales/3-bedroom-villa-for-sale-at-thai-bali-pool-villa-in-choeng-thale-phuket-u6116734""}",2026-04-21 09:03:02.404611,2026-04-21 09:03:02.404611,1
182,fazwaz,1-bedroom-condo-for-sale-at-bellaguna-lake-residences-in-choeng-thale-phuket-u6129827,https://www.fazwaz.com/property-sales/1-bedroom-condo-for-sale-at-bellaguna-lake-residences-in-choeng-thale-phuket-u6129827,Bellaguna Lake Residences,,,cherng-talay,"Choeng Thale, Thalang, Phuket",,,condo,unknown,,,,,,,,,15150000.0,,,,,,unknown,,0,,0,0,0,0,,,1,,,,,,"{""card_text"": ""see all bellaguna lake residences listed 3 weeks ago choeng thale, thalang, phuket ฿15,150,000 (฿202,000/sqm) 1 bedroom condo for sale at bellaguna lake residences bellaguna lake residences lotus is a luxury lakeside residential development located within the prestigious laguna phuket, just moments from the pristine sands of bang tao beach. inspired by the tranq... details: 1 bedroom(s) 1 bathroom"", ""tags"": [""cam fee:฿15/mo""], ""location_text"": ""Choeng Thale, Thalang, Phuket"", ""url"": ""https://www.fazwaz.com/property-sales/1-bedroom-condo-for-sale-at-bellaguna-lake-residences-in-choeng-thale-phuket-u6129827""}",2026-04-21 09:03:02.420499,2026-04-21 09:03:02.420499,1
183,fazwaz,2-bedroom-condo-for-sale-at-rawai-seaview-condominium-in-rawai-phuket-u1949301,https://www.fazwaz.com/property-sales/2-bedroom-condo-for-sale-at-rawai-seaview-condominium-in-rawai-phuket-u1949301,Rawai Seaview Condominium,,,rawai,"Rawai, Phuket Town, Phuket",,,condo,unknown,,,2.0,2.0,10.0,,,,9500000.0,950000.0,,,,,unknown,,0,,0,1,0,0,,,0,,,,,,"{""card_text"": ""see all rawai seaview condominium updated 5 days ago rawai, phuket town, phuket ฿9,500,000 (฿73,000/sqm) 2 bedroom condo for sale at rawai seaview condominium this property is a 130.10 sqm condo with 2 bedrooms and 2 bathrooms that is available for sale. it is part of the rawai seaview condominium  project in rawai, phuket and was completed in jan... details: 2 bedroom(s) 2 bathroom(s) 130.10 sqm "", ""tags"": [""rent:฿45,000/mo| roi:6%"", ""cam fee:฿4,200/mo"", ""updated: 5 days ago""], ""location_text"": ""Rawai, Phuket Town, Phuket"", ""url"": ""https://www.fazwaz.com/property-sales/2-bedroom-condo-for-sale-at-rawai-seaview-condominium-in-rawai-phuket-u1949301""}",2026-04-21 09:03:02.420499,2026-04-21 09:03:02.420499,1
184,fazwaz,3-bedroom-villa-for-sale-at-riverhouse-phuket-in-choeng-thale-phuket-u5768768,https://www.fazwaz.com/property-sales/3-bedroom-villa-for-sale-at-riverhouse-phuket-in-choeng-thale-phuket-u5768768,Riverhouse Phuket,,,cherng-talay,"Choeng Thale, Thalang, Phuket",,,villa,unknown,,,3.0,,,,,,30000000.0,,,,,,unknown,,0,,0,1,1,0,,,0,,,,,,"{""card_text"": ""see all riverhouse phuket updated 5 days ago choeng thale, thalang, phuket ฿30,000,000 (฿100,000/sqm) 3 bedroom villa for sale at riverhouse phuket 🏡 looking for a tenant! direct from the owner! brand-new 3-bedroom, 4-bathroom villa with big salty water pool&sauna located in bangtao, riverhouse project\n \n✅ key features:\n • 🛏 3 bed... details: 3 bedroom(s) 4 bathroom(s) 300 sqm property type: villa"", ""tags"": [""rent:฿200,000/mo| roi:8%"", ""cam fee:฿9,500/mo"", ""sinking fund:฿100,000"", ""updated: 5 days ago""], ""location_text"": ""Choeng Thale, Thalang, Phuket"", ""url"": ""https://www.fazwaz.com/property-sales/3-bedroom-villa-for-sale-at-riverhouse-phuket-in-choeng-thale-phuket-u5768768""}",2026-04-21 09:03:02.420499,2026-04-21 09:03:02.420499,1
185,fazwaz,4-bedroom-house-for-sale-in-ko-kaeo-phuket-u1174684,https://www.fazwaz.com/property-sales/4-bedroom-house-for-sale-in-ko-kaeo-phuket-u1174684,Newly Renovated 4 Bedrooms Family home,,,phuket-town,"Ko Kaeo, Phuket Town, Phuket",,,house,unknown,,,4.0,3.0,,,,,5750000.0,,,,,,unknown,,0,,0,0,1,0,,,0,,,,,,"{""card_text"": ""see all newly renovated 4 bedrooms family home updated 2 weeks ago ko kaeo, phuket town, phuket ฿5,750,000 (฿46,000/sqm) 4 bedroom house for sale in ko kaeo, phuket large 4 bedrooms, 3 bathrooms. newly renovated. close to british international school, boat lagoon, premium outlet, super markets, shops and wet markets. details: 4 bedroom(s) 3 bathroom(s) 125 sqm property type: house year built 2000 "", ""tags"": [""updated: 2 weeks ago""], ""location_text"": ""Ko Kaeo, Phuket Town, Phuket"", ""url"": ""https://www.fazwaz.com/property-sales/4-bedroom-house-for-sale-in-ko-kaeo-phuket-u1174684""}",2026-04-21 09:03:02.432729,2026-04-21 09:03:02.432729,1
186,fazwaz,1-bedroom-condo-for-sale-at-harmony-condominium-in-rawai-phuket-u2016443,https://www.fazwaz.com/property-sales/1-bedroom-condo-for-sale-at-harmony-condominium-in-rawai-phuket-u2016443,Harmony Condominium,,,rawai,"Rawai, Phuket Town, Phuket",,,condo,unknown,,,,,,,,,5990000.0,,,,,,unknown,,0,,0,0,0,0,,,0,,,,,,"{""card_text"": ""see all harmony condominium updated 1 month ago rawai, phuket town, phuket ฿5,990,000 ฿6,300,000 (฿133,000/sqm) 1 bedroom condo for sale at harmony condominium positioned in the heart of one of phuket’s most sought-after neighborhoods, this brand-new premium studio at harmony condominium rawai offers the perfect blend of lifestyle and investment potent... details: 1 bedroom(s) 1 bathroom(s) 45 sqm"", ""tags"": [""rent:฿50,000/mo| roi:10%"", ""cam fee:฿3,600/mo"", ""sinking fund:฿27,000"", ""updated: 1 month ago""], ""location_text"": ""Rawai, Phuket Town, Phuket"", ""url"": ""https://www.fazwaz.com/property-sales/1-bedroom-condo-for-sale-at-harmony-condominium-in-rawai-phuket-u2016443""}",2026-04-21 09:03:02.436496,2026-04-21 09:03:02.436496,1
187,fazwaz,1-bedroom-condo-for-sale-at-mida-grande-resort-condominiums-in-choeng-thale-phuket-u6156006,https://www.fazwaz.com/property-sales/1-bedroom-condo-for-sale-at-mida-grande-resort-condominiums-in-choeng-thale-phuket-u6156006,Mida Grande Resort Condominiums,,,cherng-talay,"Choeng Thale, Thalang, Phuket",,,condo,unknown,,,,,,,,,6500000.0,,,,,,unknown,,0,,0,0,0,0,,,0,,,,,,"{""card_text"": ""see all mida grande resort condominiums 7% guar. return for 3 years listed 2 weeks ago choeng thale, thalang, phuket ฿6,500,000 (฿155,000/sqm) 1 bedroom condo for sale at mida grande resort condominiums a timeless masterpiece, \""the panorama phuket\"" project perfectly matches your lifestyle..the dazzling beauty with outstanding architecture integrates traditional thai and modern designs perfectly. t"", ""tags"": [""cam fee:฿2,100/mo"", ""sinking fund:฿21,000""], ""location_text"": ""Choeng Thale, Thalang, Phuket"", ""url"": ""https://www.fazwaz.com/property-sales/1-bedroom-condo-for-sale-at-mida-grande-resort-condominiums-in-choeng-thale-phuket-u6156006""}",2026-04-21 09:03:02.436496,2026-04-21 09:03:02.436496,1
188,fazwaz,studio-condo-for-sale-at-bayshore-oceanview-condominium-in-patong-phuket-u1673452,https://www.fazwaz.com/property-sales/studio-condo-for-sale-at-bayshore-oceanview-condominium-in-patong-phuket-u1673452,Bayshore Oceanview Condominium,,,patong,"Patong, Kathu, Phuket",,,condo,leasehold,,,,,,,,,2999999.0,,,,,,unknown,,0,,0,1,0,0,,,0,,,,,,"{""card_text"": ""see all bayshore oceanview condominium 6% guar. return for 3 years updated 2 weeks ago patong, kathu, phuket ฿2,999,999 (฿69,800/sqm) studio condo for sale at bayshore oceanview condominium experience the perfect blend of comfort and convenience with this stunning property! 🌄 wake up to breathtaking mountain views over serene pools, all from the peace and quiet of a near-end unit for ul... details"", ""tags"": [""cam fee:฿2,150/mo"", ""updated: 2 weeks ago""], ""location_text"": ""Patong, Kathu, Phuket"", ""url"": ""https://www.fazwaz.com/property-sales/studio-condo-for-sale-at-bayshore-oceanview-condominium-in-patong-phuket-u1673452""}",2026-04-21 09:03:02.436496,2026-04-21 09:03:02.436496,1
189,fazwaz,3-bedroom-house-for-sale-at-supalai-hills-in-si-sunthon-phuket-u6147785,https://www.fazwaz.com/property-sales/3-bedroom-house-for-sale-at-supalai-hills-in-si-sunthon-phuket-u6147785,Supalai Hills,,,layan,"Si Sunthon, Thalang, Phuket",,,house,unknown,,,,,,,,,7200000.0,,,,,,unknown,,0,,0,0,1,0,,,0,,,,,,"{""card_text"": ""see all supalai hills listed 3 weeks ago si sunthon, thalang, phuket ฿7,200,000 (฿38,900/sqm) 3 bedroom house for sale at supalai hills supalai hills, a quality detached house to create happiness in every area. under the concept 'a detached house in harmony with nature,' the house opens to the beautiful view, perfect directions of lig... details: 3 bedroom(s) 3 bathroom(s) 185 sqm property type: h"", ""tags"": [""est. rent:฿48,800/mo| roi:8%"", ""cam fee:฿1,000/mo""], ""location_text"": ""Si Sunthon, Thalang, Phuket"", ""url"": ""https://www.fazwaz.com/property-sales/3-bedroom-house-for-sale-at-supalai-hills-in-si-sunthon-phuket-u6147785""}",2026-04-21 09:03:02.436496,2026-04-21 09:03:02.436496,1
190,fazwaz,1-bedroom-condo-for-sale-at-allamanda-laguna-in-choeng-thale-phuket-u6003789,https://www.fazwaz.com/property-sales/1-bedroom-condo-for-sale-at-allamanda-laguna-in-choeng-thale-phuket-u6003789,Allamanda Laguna,,,cherng-talay,"Choeng Thale, Thalang, Phuket",,,condo,leasehold,,,,,,,,,13380000.0,,,,,,unknown,,0,,0,1,0,0,,,0,,,,,,"{""card_text"": ""see all allamanda laguna listed 2 weeks ago choeng thale, thalang, phuket ฿13,380,000 (฿169,000/sqm) 1 bedroom condo for sale at allamanda laguna allamanda laguna, a luxury apartment in european design located by a lake in laguna's heart with a stunning view of the golf course. the project has an incredibly quiet atmosphere surrounded by nature... details: 1 bedroom(s) 1 bathroom(s) 79.36 sqm prop"", ""tags"": [""est. rent:฿72,200/mo| roi:6%""], ""location_text"": ""Choeng Thale, Thalang, Phuket"", ""url"": ""https://www.fazwaz.com/property-sales/1-bedroom-condo-for-sale-at-allamanda-laguna-in-choeng-thale-phuket-u6003789""}",2026-04-21 09:03:02.447267,2026-04-21 09:03:02.447267,1
191,fazwaz,1-bedroom-condo-for-sale-at-the-origin-kathu-patong-in-kathu-phuket-u5369117,https://www.fazwaz.com/property-sales/1-bedroom-condo-for-sale-at-the-origin-kathu-patong-in-kathu-phuket-u5369117,The Origin Kathu-Patong,,,kathu,"Kathu, Kathu, Phuket",,,condo,unknown,,,,,,,,,2379000.0,,,,,,unknown,,0,,0,1,0,0,,,1,,,,,,"{""card_text"": ""see all the origin kathu-patong 7% guar. return for 1 year updated 2 hours ago kathu, kathu, phuket ฿2,379,000 ฿2,399,000 (฿82,900/sqm) 1 bedroom condo for sale at the origin kathu-patong owner saledown payment sale – the origin kathu-patong, phuket\nfree contract transferbrand-new condo in the heart of kathu, close to patongproject completion: early 2026 (ready to transfer)\nunit... details: 1 bedr"", ""tags"": [""cam fee:฿1,292/mo"", ""sinking fund:฿15,785"", ""updated: 2 hours ago""], ""location_text"": ""Kathu, Kathu, Phuket"", ""url"": ""https://www.fazwaz.com/property-sales/1-bedroom-condo-for-sale-at-the-origin-kathu-patong-in-kathu-phuket-u5369117""}",2026-04-21 09:03:02.448286,2026-04-21 09:03:02.448286,1
192,fazwaz,3-bedroom-house-for-sale-in-chalong-phuket-u5612304,https://www.fazwaz.com/property-sales/3-bedroom-house-for-sale-in-chalong-phuket-u5612304,3 Bed 2 Bath Pool Home with Large Garden Under Big Buddha,,,chalong,"Chalong, Phuket Town, Phuket",,,house,unknown,,,,,800.0,,,,25000000.0,31250.0,,,,,unknown,,0,,0,1,1,0,,,0,,,,,,"{""card_text"": ""see all 3 bed 2 bath pool home with large garden under big buddha updated 2 weeks ago chalong, phuket town, phuket ฿25,000,000 (฿125,000/sqm) 3 bedroom house for sale in chalong, phuket set on ½ rai (800 sqm) of land in one of chalong’s most sought-after areas, this spacious 3-bedroom, 2-bathroom home offers privacy, comfort, and tropical charm — ideal for families... details: 3 bedroom(s) 2 bathr"", ""tags"": [""updated: 2 weeks ago""], ""location_text"": ""Chalong, Phuket Town, Phuket"", ""url"": ""https://www.fazwaz.com/property-sales/3-bedroom-house-for-sale-in-chalong-phuket-u5612304""}",2026-04-21 09:03:02.448286,2026-04-21 09:03:02.448286,1
193,fazwaz,4-bedroom-house-for-sale-at-supalai-palm-spring-banpon-phuket-in-si-sunthon-phuket-u6133190,https://www.fazwaz.com/property-sales/4-bedroom-house-for-sale-at-supalai-palm-spring-banpon-phuket-in-si-sunthon-phuket-u6133190,Supalai Palm Spring Banpon Phuket,,,layan,"Si Sunthon, Thalang, Phuket",,,house,unknown,,,,,,,,,16315789.0,,,,,,unknown,,0,,0,0,1,0,,,0,,,,,,"{""card_text"": ""see all supalai palm spring banpon phuket listed 2 weeks ago si sunthon, thalang, phuket ฿16,315,789 (฿55,300/sqm) 4 bedroom house for sale at supalai palm spring banpon phuket 4-bedroom spacious house near bangtao — ideal family location | fully furnished | ready to move in\na spacious modern home offering significantly more living space than most bangtao apartments at... details: 4 bedroom(s) 6 b"", ""tags"": [""est. rent:฿124,000/mo| roi:9%"", ""cam fee:฿2,000/mo""], ""location_text"": ""Si Sunthon, Thalang, Phuket"", ""url"": ""https://www.fazwaz.com/property-sales/4-bedroom-house-for-sale-at-supalai-palm-spring-banpon-phuket-in-si-sunthon-phuket-u6133190""}",2026-04-21 09:03:02.452520,2026-04-21 09:03:02.452520,1
194,fazwaz,3-bedroom-villa-for-sale-in-rawai-phuket-u5834561,https://www.fazwaz.com/property-sales/3-bedroom-villa-for-sale-in-rawai-phuket-u5834561,Modern 3 Bedrooms with Seaview Pool Villa Near Nai Harn and Rawai,,,rawai,"Rawai, Phuket Town, Phuket",,,villa,unknown,,,,,,,,,27000000.0,,,,,,unknown,,0,,0,1,1,0,,,0,,,,,,"{""card_text"": ""see all modern 3 bedrooms with seaview pool villa near nai harn and rawai updated 4 days ago rawai, phuket town, phuket ฿27,000,000 (฿60,000/sqm) 3 bedroom villa for sale in rawai, phuket modern 3-bedroom seaview villa for sale – near rawai & nai harn beaches, phuket enjoy tropical island living in this modern sea-view villa overlooking the stunning chalong bay. located in a... details: 3 bedroom("", ""tags"": [""updated: 4 days ago""], ""location_text"": ""Rawai, Phuket Town, Phuket"", ""url"": ""https://www.fazwaz.com/property-sales/3-bedroom-villa-for-sale-in-rawai-phuket-u5834561""}",2026-04-21 09:03:02.452520,2026-04-21 09:03:02.452520,1
195,fazwaz,4-bedroom-villa-for-sale-at-diamond-trees-villas-in-si-sunthon-phuket-u1635204,https://www.fazwaz.com/property-sales/4-bedroom-villa-for-sale-at-diamond-trees-villas-in-si-sunthon-phuket-u1635204,Diamond Trees Villas,,,layan,"Si Sunthon, Thalang, Phuket",,,villa,unknown,,,4.0,,,,,,29500000.0,,,,,,unknown,,0,,0,1,1,0,,,0,,,,,,"{""card_text"": ""diamond trees villas updated 3 weeks ago si sunthon, thalang, phuket ฿29,500,000 ฿35,000,000 (฿40,500/sqm) 4 bedroom villa for sale at diamond trees villas diamond trees villas, a large pool villas project in an eye-catching design beneath the shades of trees amid nature. the 2-story villas range from 3-4 bedrooms on the unit area over 300 square meters.... details: 4 bedroom(s) 5 bathroom(s) 729 "", ""tags"": [""rent:฿250,000/mo| roi:10%"", ""cam fee:฿6,000/mo"", ""updated: 3 weeks ago""], ""location_text"": ""Si Sunthon, Thalang, Phuket"", ""url"": ""https://www.fazwaz.com/property-sales/4-bedroom-villa-for-sale-at-diamond-trees-villas-in-si-sunthon-phuket-u1635204""}",2026-04-21 09:03:02.452520,2026-04-21 09:03:02.452520,1
196,fazwaz,2-bedroom-house-for-sale-at-baan-prangthong-in-wichit-phuket-u6131031,https://www.fazwaz.com/property-sales/2-bedroom-house-for-sale-at-baan-prangthong-in-wichit-phuket-u6131031,Baan Prangthong,,,phuket-town,"Wichit, Phuket Town, Phuket",,,house,unknown,,,,,,,,,7200000.0,,,,,,unknown,,0,,0,0,1,0,,,0,,,,,,"{""card_text"": ""see all baan prangthong listed 3 weeks ago wichit, phuket town, phuket ฿7,200,000 (฿45,000/sqm) 2 bedroom house for sale at baan prangthong newly built house. two floors, on the ground floor: living room and kitchen. there are two bedrooms on the second floor. private parking for two cars. ideal for both your own home and office. internat... details: 2 bedroom(s) 2 bathroom(s) 160 sqm property typ"", ""tags"": [], ""location_text"": ""Wichit, Phuket Town, Phuket"", ""url"": ""https://www.fazwaz.com/property-sales/2-bedroom-house-for-sale-at-baan-prangthong-in-wichit-phuket-u6131031""}",2026-04-21 09:03:02.452520,2026-04-21 09:03:02.452520,1
197,fazwaz,2-bedroom-apartment-for-sale-at-katabello-in-karon-phuket-u6124912,https://www.fazwaz.com/property-sales/2-bedroom-apartment-for-sale-at-katabello-in-karon-phuket-u6124912,Katabello,,,karon,"Karon, Phuket Town, Phuket",,,condo,unknown,,,,,41.0,,,,6010000.0,146585.37,,,,,unknown,,0,,0,0,0,0,,,1,,,,,,"{""card_text"": ""see all katabello listed 3 weeks ago updated 5 days ago karon, phuket town, phuket ฿6,010,000 (฿147,000/sqm) 2 bedroom apartment for sale at katabello the title katabello – an apartment facing south with strong capital growth!\napartment – 41 m² (kke 607)price: 5,900,000 thb = 14,600,000 rub (developer price — 6,150,000 thb = 1... details: 2 bedroom(s) 1 bathroom(s) 41 sqm property type: apartment "", ""tags"": [""cam fee:฿124,000/mo"", ""sinking fund:฿1,240,000"", ""updated: 5 days ago""], ""location_text"": ""Karon, Phuket Town, Phuket"", ""url"": ""https://www.fazwaz.com/property-sales/2-bedroom-apartment-for-sale-at-katabello-in-karon-phuket-u6124912""}",2026-04-21 09:03:02.452520,2026-04-21 09:03:02.452520,1
198,fazwaz,studio-condo-for-sale-at-the-modeva-in-choeng-thale-phuket-u5359469,https://www.fazwaz.com/property-sales/studio-condo-for-sale-at-the-modeva-in-choeng-thale-phuket-u5359469,The Modeva,,,cherng-talay,"Choeng Thale, Thalang, Phuket",,,condo,unknown,,,,,,,,,5800000.0,,,,,,unknown,,0,,0,1,0,0,,,1,,,,,,"{""card_text"": ""see all the modeva listed 2 weeks ago choeng thale, thalang, phuket ฿5,800,000 (฿176,000/sqm) studio condo for sale at the modeva luxury pet-friendly condo in title modeva – bangtao beach*  5.8 mln bht. prime living or high-yield investment opportunity    *key highlights*   - *prime location: just **500... details: studio 1 bathroom(s) 33 sqm property type: condo beach 3.13 km off plan 2026 low ri"", ""tags"": [""cam fee:฿2,805/mo"", ""sinking fund:฿28,050""], ""location_text"": ""Choeng Thale, Thalang, Phuket"", ""url"": ""https://www.fazwaz.com/property-sales/studio-condo-for-sale-at-the-modeva-in-choeng-thale-phuket-u5359469""}",2026-04-21 09:03:02.452520,2026-04-21 09:03:02.452520,1
199,fazwaz,3-bedroom-house-for-sale-at-phuket-villa-3-in-wichit-phuket-u6152076,https://www.fazwaz.com/property-sales/3-bedroom-house-for-sale-at-phuket-villa-3-in-wichit-phuket-u6152076,Phuket Villa 3,,,phuket-town,"Wichit, Phuket Town, Phuket",,,villa,unknown,,,,,,,,,6290000.0,,,,,,unknown,,0,,0,0,1,0,,,0,,,,,,"{""card_text"": ""see all phuket villa 3 listed 3 weeks ago updated 3 weeks ago wichit, phuket town, phuket ฿6,290,000 (฿31,400/sqm) 3 bedroom house for sale at phuket villa 3 🏡 corner twin house, modern style, spacious and private, feels like a detached house. great location in the wichit-chalong area.\n \n3 free air-conditioners (in all bedrooms)\n \nhouse details... details: 3 bedroom(s) 3 bathroom(s) 200 sqm proper"", ""tags"": [""est. rent:฿26,300/mo| roi:5%"", ""updated: 3 weeks ago""], ""location_text"": ""Wichit, Phuket Town, Phuket"", ""url"": ""https://www.fazwaz.com/property-sales/3-bedroom-house-for-sale-at-phuket-villa-3-in-wichit-phuket-u6152076""}",2026-04-21 09:03:02.452520,2026-04-21 09:03:02.452520,1
200,fazwaz,land-for-sale-in-thep-krasattri-phuket-u6143364,https://www.fazwaz.com/property-sales/land-for-sale-in-thep-krasattri-phuket-u6143364,"Land for Sale in Thalang, Phuket–Only 15 Minutes to Airport",,,thalang,"Thep Krasattri, Thalang, Phuket",,,land,unknown,,,,,,,,,6900000.0,,,,,,unknown,,0,,0,0,1,0,,,0,,,,,,"{""card_text"": ""see all land for sale in thalang, phuket–only 15 minutes to airport listed 2 weeks ago thep krasattri, thalang, phuket ฿6,900,000 (฿4,310/sqm) land for sale in thep krasattri, phuket beautiful land for sale in thalang, phuket – only 15 minutes to airport, road access  \nprime land for sale located in thep krasattri, thalang district, phuket, with direct access to r... details: 1,600 sqm property ty"", ""tags"": [], ""location_text"": ""Thep Krasattri, Thalang, Phuket"", ""url"": ""https://www.fazwaz.com/property-sales/land-for-sale-in-thep-krasattri-phuket-u6143364""}",2026-04-21 09:03:02.452520,2026-04-21 09:03:02.452520,1
201,fazwaz,1-bedroom-condo-for-sale-at-the-emerald-terrace-in-patong-phuket-u1814562,https://www.fazwaz.com/property-sales/1-bedroom-condo-for-sale-at-the-emerald-terrace-in-patong-phuket-u1814562,The Emerald Terrace,,,patong,"Patong, Kathu, Phuket",,,condo,unknown,,,,,,,,,4200000.0,,,,,,unknown,,0,,0,1,0,0,,,0,,,,,,"{""card_text"": ""see all the emerald terrace updated 3 weeks ago patong, kathu, phuket ฿4,200,000 ฿4,500,000 (฿77,800/sqm) 1 bedroom condo for sale at the emerald terrace the emerald terraceexperience the relaxation freedom in the style you want with a unique design vacation condominium at \""the emerald terrace,\"" a modern art style condominium. it is located on a locati... details: 1 bedroom(s) 1 bathroom(s) 54 sqm"", ""tags"": [""rent:฿40,000/mo| roi:11%"", ""cam fee:฿2,700/mo"", ""sinking fund:฿27,000"", ""updated: 3 weeks ago""], ""location_text"": ""Patong, Kathu, Phuket"", ""url"": ""https://www.fazwaz.com/property-sales/1-bedroom-condo-for-sale-at-the-emerald-terrace-in-patong-phuket-u1814562""}",2026-04-21 09:03:02.468343,2026-04-21 09:03:02.468343,1
202,fazwaz,land-for-sale-in-rawai-phuket-u6177644,https://www.fazwaz.com/property-sales/land-for-sale-in-rawai-phuket-u6177644,"10-Rai Sea View Land for Sale in Rawai, Phuket",,,rawai,"Rawai, Phuket Town, Phuket",,,land,unknown,,,,,,,,,23000000.0,,,,,,unknown,,0,,0,0,0,0,,,0,,,,,,"{""card_text"": ""see all 10-rai sea view land for sale in rawai, phuket listed 1 week ago updated 1 week ago rawai, phuket town, phuket ฿23,000,000 (฿1,440/sqm) land for sale in rawai, phuket elevated land | subdividable | thb 23 million per rai\na rare opportunity to acquire 10 rai of elevated land in rawai, phuket, offering beautiful sea views and excellent development potential. the land... details: 16,000 sqm p"", ""tags"": [""updated: 1 week ago""], ""location_text"": ""Rawai, Phuket Town, Phuket"", ""url"": ""https://www.fazwaz.com/property-sales/land-for-sale-in-rawai-phuket-u6177644""}",2026-04-21 09:03:02.468343,2026-04-21 09:03:02.468343,1
203,fazwaz,4-bedroom-villa-for-sale-at-sinsuk-thanee-village-in-si-sunthon-phuket-u6165313,https://www.fazwaz.com/property-sales/4-bedroom-villa-for-sale-at-sinsuk-thanee-village-in-si-sunthon-phuket-u6165313,Sinsuk Thanee Village,,,layan,"Si Sunthon, Thalang, Phuket",,,villa,unknown,,,,,616.0,,,,22900000.0,37175.32,,,,,unknown,,0,,0,1,1,0,,,0,,,,,,"{""card_text"": ""see all sinsuk thanee village listed 1 week ago si sunthon, thalang, phuket ฿22,900,000 (฿99,600/sqm) 4 bedroom villa for sale at sinsuk thanee village tropical two-storey pool villa set on a generous land plot of 616 sqm, featuring four en-suite bedrooms, a private swimming pool, and a beautifully landscaped tropical garden with a waterfall feature... details: 4 bedroom(s) 4 bathroom(s) 230 sqm p"", ""tags"": [""cam fee:฿1,500/mo""], ""location_text"": ""Si Sunthon, Thalang, Phuket"", ""url"": ""https://www.fazwaz.com/property-sales/4-bedroom-villa-for-sale-at-sinsuk-thanee-village-in-si-sunthon-phuket-u6165313""}",2026-04-21 09:03:02.484177,2026-04-21 09:03:02.484177,1
204,fazwaz,3-bedroom-villa-for-sale-at-boat-avenue-residence-in-choeng-thale-phuket-u1932163,https://www.fazwaz.com/property-sales/3-bedroom-villa-for-sale-at-boat-avenue-residence-in-choeng-thale-phuket-u1932163,Boat Avenue Residence,,,cherng-talay,"Choeng Thale, Thalang, Phuket",,,villa,unknown,,,,,,,,,42000000.0,,,,,,unknown,,0,,0,1,1,0,,,0,,,,,,"{""card_text"": ""see all boat avenue residence updated 2 weeks ago choeng thale, thalang, phuket ฿42,000,000 (฿97,700/sqm) 3 bedroom villa for sale at boat avenue residence experience luxury living in this stunning, brand-new villa at boat avenue, available for rent in a prime location! just 1 minute from the park and playground, 2 minutes from laguna, villa market, and... details: 3 bedroom(s) 4 bathroom(s) 430 s"", ""tags"": [""rent:฿280,000/mo| roi:8%"", ""cam fee:฿7,500/mo"", ""updated: 2 weeks ago""], ""location_text"": ""Choeng Thale, Thalang, Phuket"", ""url"": ""https://www.fazwaz.com/property-sales/3-bedroom-villa-for-sale-at-boat-avenue-residence-in-choeng-thale-phuket-u1932163""}",2026-04-21 09:03:02.484177,2026-04-21 09:03:02.484177,1
205,fazwaz,3-bedroom-villa-for-sale-in-si-sunthon-phuket-u6148238,https://www.fazwaz.com/property-sales/3-bedroom-villa-for-sale-in-si-sunthon-phuket-u6148238,Villa in Baan Ya Thalang,,,layan,"Si Sunthon, Thalang, Phuket",,,villa,unknown,,,3.0,4.0,,,,,30900000.0,,,,,,unknown,,0,,0,0,0,0,,,0,,,,,,"{""card_text"": ""see all villa in baan ya thalang listed 2 weeks ago si sunthon, thalang, phuket ฿30,900,000 (฿77,200/sqm) 3 bedroom villa for sale in si sunthon, phuket 3 bedroom4 bathrrom1 livingroomestimated construction completion: within 2 months details: 3 bedroom(s) 4 bathroom(s) 400 sqm property type: villa tourist attraction 0.01 km covered parking request details schedule viewing"", ""tags"": [], ""location_text"": ""Si Sunthon, Thalang, Phuket"", ""url"": ""https://www.fazwaz.com/property-sales/3-bedroom-villa-for-sale-in-si-sunthon-phuket-u6148238""}",2026-04-21 09:03:02.484177,2026-04-21 09:03:02.484177,1
206,fazwaz,2-bedroom-villa-for-sale-in-rawai-phuket-u6121411,https://www.fazwaz.com/property-sales/2-bedroom-villa-for-sale-in-rawai-phuket-u6121411,Modern 2 Bedrooms Pool Villa for Sale,,,rawai,"Rawai, Phuket Town, Phuket",,,villa,unknown,,,,,,,,,9400000.0,,,,,,unknown,,0,,0,1,0,0,,,0,,,,,,"{""card_text"": ""see all modern 2 bedrooms pool villa for sale listed 2 weeks ago rawai, phuket town, phuket ฿9,400,000 (฿69,600/sqm) 2 bedroom villa for sale in rawai, phuket modern 2-bedroom pool villa for sale – saiyuan 16\ndiscover this beautifully designed 2-bedroom, 2-bathroom private pool villa located in the sought-after saiyuan 16 area. completed in 2024, this... details: 2 bedroom(s) 2 bathroom(s) 135 sqm"", ""tags"": [], ""location_text"": ""Rawai, Phuket Town, Phuket"", ""url"": ""https://www.fazwaz.com/property-sales/2-bedroom-villa-for-sale-in-rawai-phuket-u6121411""}",2026-04-21 09:03:02.484177,2026-04-21 09:03:02.484177,1
207,fazwaz,4-bedroom-villa-for-sale-at-isla-kata-sea-view-villa-in-karon-phuket-u6139310,https://www.fazwaz.com/property-sales/4-bedroom-villa-for-sale-at-isla-kata-sea-view-villa-in-karon-phuket-u6139310,Isla Kata Sea View Villa,,,karon,"Karon, Phuket Town, Phuket",,,villa,unknown,,,,,650.0,,,,40000000.0,61538.46,,,,,unknown,,0,,0,1,0,0,,,1,,,,,,"{""card_text"": ""see all isla kata sea view villa listed 3 weeks ago karon, phuket town, phuket ฿40,000,000 (฿173,000/sqm) 4 bedroom villa for sale at isla kata sea view villa this exclusive villa is located only 600 m from kata beach and offers a panoramic seaview\n\nland size: 650 sq.m\ninternal area: 231 sq.m\nbuild up area: 506 sq.m\n3 storey layout\nfully equipped european s... details: 4 bedroom(s) 4.5 bathroom(s)"", ""tags"": [], ""location_text"": ""Karon, Phuket Town, Phuket"", ""url"": ""https://www.fazwaz.com/property-sales/4-bedroom-villa-for-sale-at-isla-kata-sea-view-villa-in-karon-phuket-u6139310""}",2026-04-21 09:03:02.484177,2026-04-21 09:03:02.484177,1
208,fazwaz,1-bedroom-condo-for-sale-at-katabello-in-karon-phuket-u6175831,https://www.fazwaz.com/property-sales/1-bedroom-condo-for-sale-at-katabello-in-karon-phuket-u6175831,Katabello,,,karon,"Karon, Phuket Town, Phuket",,,condo,unknown,,,,,,,,,5250000.0,,,,,,unknown,,0,,0,0,0,0,,,1,,,,,,"{""card_text"": ""see all katabello listed 1 week ago updated 1 week ago karon, phuket town, phuket ฿5,250,000 ฿5,380,000 (฿164,000/sqm) 1 bedroom condo for sale at katabello corner-orient condomorning sun in the windowsbalconypet-friendly building details: 1 bedroom(s) 1 bathroom(s) 32 sqm property type: condo beach 1.6 km off plan 2027 low rise floor 4 city view balcony pets\n                    : all kind of pets"", ""tags"": [""cam fee:฿2,560/mo"", ""sinking fund:฿25,600"", ""updated: 1 week ago""], ""location_text"": ""Karon, Phuket Town, Phuket"", ""url"": ""https://www.fazwaz.com/property-sales/1-bedroom-condo-for-sale-at-katabello-in-karon-phuket-u6175831""}",2026-04-21 09:03:02.484177,2026-04-21 09:03:02.484177,1
209,fazwaz,land-for-sale-in-rawai-phuket-u6185934,https://www.fazwaz.com/property-sales/land-for-sale-in-rawai-phuket-u6185934,Absolute Beachfront Land for Sale – 10 Rai Opposite Koh Lone,,,rawai,"Rawai, Phuket Town, Phuket",,,land,unknown,,,,,,,,,450000000.0,,,,,,unknown,,0,,0,0,0,0,,,0,,,,,,"{""card_text"": ""see all absolute beachfront land for sale – 10 rai opposite koh lone listed 1 week ago updated 1 week ago rawai, phuket town, phuket ฿450,000,000 (฿28,100/sqm) land for sale in rawai, phuket rare 10-rai beachfront land for sale in phuket, directly facing koh lone. ideal for luxury development or private estate, offering stunning ocean views, direct beach access, and strong investment pote... detai"", ""tags"": [""updated: 1 week ago""], ""location_text"": ""Rawai, Phuket Town, Phuket"", ""url"": ""https://www.fazwaz.com/property-sales/land-for-sale-in-rawai-phuket-u6185934""}",2026-04-21 09:03:02.484177,2026-04-21 09:03:02.484177,1
210,fazwaz,2-bedroom-villa-for-sale-at-anchan-hills-in-si-sunthon-phuket-u6139164,https://www.fazwaz.com/property-sales/2-bedroom-villa-for-sale-at-anchan-hills-in-si-sunthon-phuket-u6139164,Anchan Hills,,,layan,"Si Sunthon, Thalang, Phuket",,,villa,unknown,,,,,,,,,25000000.0,,,,,,unknown,,0,,0,1,1,0,,,0,,,,,,"{""card_text"": ""see all anchan hills listed 1 week ago updated 3 days ago si sunthon, thalang, phuket ฿25,000,000 ฿27,000,000 (฿84,500/sqm) 2 bedroom villa for sale at anchan hills anchan hills, the balinese style villa has been awarded continuously 4 years from \""high commended\"" and \""winner\"" in the category of \""best phuket villas development\"" from thailand property. it is guaran... details: 2 bedroom(s) 2 bathroo"", ""tags"": [""est. rent:฿162,000/mo| roi:8%"", ""cam fee:฿8,025/mo"", ""sinking fund:฿75,000"", ""updated: 3 days ago""], ""location_text"": ""Si Sunthon, Thalang, Phuket"", ""url"": ""https://www.fazwaz.com/property-sales/2-bedroom-villa-for-sale-at-anchan-hills-in-si-sunthon-phuket-u6139164""}",2026-04-21 09:03:02.499914,2026-04-21 09:03:02.499914,1
211,fazwaz,land-for-sale-in-rawai-phuket-u6136646,https://www.fazwaz.com/property-sales/land-for-sale-in-rawai-phuket-u6136646,Land with garden House For Sales in Rawai,,,rawai,"Rawai, Phuket Town, Phuket",,,house,unknown,,,,,2086.0,,,,35000000.0,16778.52,,,,,unknown,,0,,0,0,1,0,,,0,,,,,,"{""card_text"": ""see all land with garden house for sales in rawai listed 2 weeks ago rawai, phuket town, phuket ฿35,000,000 (฿16,800/sqm) land for sale in rawai, phuket this property is a 2,086 sqm land plot that is available for sale. it is located in rawai, phuket. you can buy this land for a base price of ฿35,000,000 (฿16,800/sqm). details: 2,086 sqm property type: land garden view ocean access request details"", ""tags"": [], ""location_text"": ""Rawai, Phuket Town, Phuket"", ""url"": ""https://www.fazwaz.com/property-sales/land-for-sale-in-rawai-phuket-u6136646""}",2026-04-21 09:03:07.890585,2026-04-21 09:03:07.890585,1
212,fazwaz,4-bedroom-house-for-sale-in-chalong-phuket-u5612922,https://www.fazwaz.com/property-sales/4-bedroom-house-for-sale-in-chalong-phuket-u5612922,4-Bedroom Pool Mansion on 1 Rai Plot - Chalong,,,chalong,"Chalong, Phuket Town, Phuket",,,house,unknown,,,,,1600.0,,,,33000000.0,20625.0,,,,,unknown,,0,,0,1,0,0,,,0,,,,,,"{""card_text"": ""see all 4-bedroom pool mansion on 1 rai plot - chalong updated 2 weeks ago chalong, phuket town, phuket ฿33,000,000 (฿82,500/sqm) 4 bedroom house for sale in chalong, phuket a spacious 4-bedroom, 3-bathroom home, ideally located in the peaceful and highly sought-after big buddha soi in chalong. set on 1 rai (1,600 sqm) of lush land, the property offers exceptional privacy... details: 4 bedroom(s) "", ""tags"": [""updated: 2 weeks ago""], ""location_text"": ""Chalong, Phuket Town, Phuket"", ""url"": ""https://www.fazwaz.com/property-sales/4-bedroom-house-for-sale-in-chalong-phuket-u5612922""}",2026-04-21 09:03:07.890585,2026-04-21 09:03:07.890585,1
213,fazwaz,24-bedroom-hotel-for-sale-in-patong-phuket-u6059215,https://www.fazwaz.com/property-sales/24-bedroom-hotel-for-sale-in-patong-phuket-u6059215,Hotel in Patong Beach Business Turn Key,,,patong,"Patong, Kathu, Phuket",,,condo,unknown,,,24.0,,,,,,7500000.0,,,,,,unknown,,0,,0,0,0,0,,,0,,,,,,"{""card_text"": ""see all hotel in patong beach business turn key updated 1 day ago patong, kathu, phuket ฿7,500,000 (฿9,380/sqm) 24 bedroom hotel for sale in patong, phuket hotel in patong beach road. business turn keylocation - patong beach road, phuket\nproperty highlight:\n\n24 bedrooms ( 16 deluxe with balcony and 8 standard )\nreception\nkitchen\noffice space\nbar\ndining a... details: 24 bedroom(s) 26 bathroom(s) 80"", ""tags"": [""updated: 1 day ago""], ""location_text"": ""Patong, Kathu, Phuket"", ""url"": ""https://www.fazwaz.com/property-sales/24-bedroom-hotel-for-sale-in-patong-phuket-u6059215""}",2026-04-21 09:03:07.890585,2026-04-21 09:03:07.890585,1
214,fazwaz,5-bedroom-villa-for-sale-in-pa-khlok-phuket-u19525,https://www.fazwaz.com/property-sales/5-bedroom-villa-for-sale-in-pa-khlok-phuket-u19525,5 bedroom villa at paklok,,,pa-khlok,"Pa Khlok, Thalang, Phuket",,,villa,unknown,,,5.0,6.0,820.0,,,,45000000.0,54878.05,,,,,unknown,,0,,0,1,1,1,,,0,,,,,,"{""card_text"": ""see all 5 bedroom villa at paklok updated 5 days ago pa khlok, thalang, phuket ฿45,000,000 ฿50,000,000 (฿54,900/sqm) 5 bedroom villa for sale in pa khlok, phuket welcome to this incredible villa nestled in the hills of pa khlok, phuket! this luxe property offers 820 sqm of sheer bliss and sophistication, with 5 bedrooms and 6 bathrooms. completed in jun 2013,... details: 5 bedroom(s) 6 bathroom(s)"", ""tags"": [""updated: 5 days ago""], ""location_text"": ""Pa Khlok, Thalang, Phuket"", ""url"": ""https://www.fazwaz.com/property-sales/5-bedroom-villa-for-sale-in-pa-khlok-phuket-u19525""}",2026-04-21 09:03:07.890585,2026-04-21 09:03:07.890585,1
215,fazwaz,3-bedroom-house-for-sale-at-tyssen-yamu-in-pa-khlok-phuket-u6135131,https://www.fazwaz.com/property-sales/3-bedroom-house-for-sale-at-tyssen-yamu-in-pa-khlok-phuket-u6135131,Tyssen Yamu,,,pa-khlok,"Pa Khlok, Thalang, Phuket",,,house,unknown,,,,,,,,,10500000.0,,,,,,unknown,,0,,0,0,1,0,,,0,,,,,,"{""card_text"": ""see all tyssen yamu listed 3 weeks ago pa khlok, thalang, phuket ฿10,500,000 (฿77,800/sqm) 3 bedroom house for sale at tyssen yamu tyssen yamu is a prestigious residential development located in the picturesque pa klok area of thalang district on the beautiful island of phuket, thailand. this exclusive development offers luxuriou... details: 3 bedroom(s) 3 bathroom(s) 135 sqm property type: house "", ""tags"": [""est. rent:฿54,800/mo| roi:6%""], ""location_text"": ""Pa Khlok, Thalang, Phuket"", ""url"": ""https://www.fazwaz.com/property-sales/3-bedroom-house-for-sale-at-tyssen-yamu-in-pa-khlok-phuket-u6135131""}",2026-04-21 09:03:07.890585,2026-04-21 09:03:07.890585,1
216,fazwaz,land-for-sale-in-karon-phuket-u5623375,https://www.fazwaz.com/property-sales/land-for-sale-in-karon-phuket-u5623375,1020 sqm land plot in Kata with partial sea view,,,karon,"Karon, Phuket Town, Phuket",,,land,unknown,,,,,1020.0,,,,14800000.0,14509.8,,,,,unknown,,0,,0,0,0,0,,,0,,,,,,"{""card_text"": ""see all 1020 sqm land plot in kata with partial sea view updated 4 days ago karon, phuket town, phuket ฿14,800,000 ฿19,500,000 (฿14,500/sqm) land for sale in karon, phuket this property is a 1,020 sqm land plot that is available for sale. it is located in karon, phuket. you can buy this land for a base price of ฿14,800,000 (฿14,500/sqm). details: 1,020 sqm property type: land partial sea view city"", ""tags"": [""updated: 4 days ago""], ""location_text"": ""Karon, Phuket Town, Phuket"", ""url"": ""https://www.fazwaz.com/property-sales/land-for-sale-in-karon-phuket-u5623375""}",2026-04-21 09:03:07.890585,2026-04-21 09:03:07.890585,1
217,fazwaz,land-for-sale-in-choeng-thale-phuket-u6175951,https://www.fazwaz.com/property-sales/land-for-sale-in-choeng-thale-phuket-u6175951,Bangtao Land 12 Rai,,,cherng-talay,"Choeng Thale, Thalang, Phuket",,,land,freehold,,,,,,,,,577480000.0,,,,,,unknown,,0,,0,0,1,0,,,0,,,,,,"{""card_text"": ""see all bangtao land 12 rai listed 1 week ago updated 1 week ago choeng thale, thalang, phuket ฿577,480,000 (฿35,800/sqm) land for sale in choeng thale, phuket sell the hole land 12-0-12.4 rai bangtao zone only 800 mater to bangtao beach, land size 12-0-12.4 rai with 5 chanote and 1 nor sor 3 kor 48mb/rai negotiate price. there is servitude road to this land... details: 16,109.20 sqm property type"", ""tags"": [""updated: 1 week ago""], ""location_text"": ""Choeng Thale, Thalang, Phuket"", ""url"": ""https://www.fazwaz.com/property-sales/land-for-sale-in-choeng-thale-phuket-u6175951""}",2026-04-21 09:03:07.906343,2026-04-21 09:03:07.906343,1
218,fazwaz,1-bedroom-condo-for-sale-at-swiss-palm-beach-in-patong-phuket-u6145619,https://www.fazwaz.com/property-sales/1-bedroom-condo-for-sale-at-swiss-palm-beach-in-patong-phuket-u6145619,Swiss Palm Beach,,,patong,"Patong, Kathu, Phuket",,,condo,leasehold,,,,,,,,,3500000.0,,,,,,unknown,,0,,0,0,0,0,,,0,,,,,,"{""card_text"": ""see all swiss palm beach listed 3 weeks ago patong, kathu, phuket ฿3,500,000 (฿77,800/sqm) 1 bedroom condo for sale at swiss palm beach 1-bedroom apartment in the peaceful northern area of patong beach, just 150 meters from the sea and 500 meters from nightlife, shopping, and dining. located in a quiet, landscaped development, this fu... details: 1 bedroom(s) 1 bathroom(s) 45 sqm property type: co"", ""tags"": [""cam fee:฿6,500/mo""], ""location_text"": ""Patong, Kathu, Phuket"", ""url"": ""https://www.fazwaz.com/property-sales/1-bedroom-condo-for-sale-at-swiss-palm-beach-in-patong-phuket-u6145619""}",2026-04-21 09:03:07.906343,2026-04-21 09:03:07.906343,1
219,fazwaz,2-bedroom-condo-for-sale-at-the-base-cherngtalay-in-choeng-thale-phuket-u6173645,https://www.fazwaz.com/property-sales/2-bedroom-condo-for-sale-at-the-base-cherngtalay-in-choeng-thale-phuket-u6173645,The Base Cherngtalay,,,cherng-talay,"Choeng Thale, Thalang, Phuket",,,condo,unknown,,,2.0,2.0,5.0,,,,8790000.0,1758000.0,,,,,unknown,,0,,0,1,1,0,,,1,,,,,,"{""card_text"": ""see all the base cherngtalay listed 2 weeks ago updated 2 weeks ago choeng thale, thalang, phuket ฿8,790,000 (฿145,000/sqm) 2 bedroom condo for sale at the base cherngtalay the base chengthalay phuket, 2bed 2bath size 60.5sqm on the 5th floor, pool view and garden view. the photos shown are of the project’s show unit. particularly furniture and electrical appliance... details: 2 bedroom(s) 2 bathr"", ""tags"": [""cam fee:฿3,570/mo"", ""sinking fund:฿36,300"", ""updated: 2 weeks ago""], ""location_text"": ""Choeng Thale, Thalang, Phuket"", ""url"": ""https://www.fazwaz.com/property-sales/2-bedroom-condo-for-sale-at-the-base-cherngtalay-in-choeng-thale-phuket-u6173645""}",2026-04-21 09:03:07.906343,2026-04-21 09:03:07.906343,1
220,fazwaz,4-bedroom-villa-for-sale-at-cherng-lay-villas-and-condominium-in-choeng-thale-phuket-u5347622,https://www.fazwaz.com/property-sales/4-bedroom-villa-for-sale-at-cherng-lay-villas-and-condominium-in-choeng-thale-phuket-u5347622,Cherng Lay Villas and Condominium,,,cherng-talay,"Choeng Thale, Thalang, Phuket",,,villa,unknown,,,4.0,5.0,,,,,35000000.0,,,,,,unknown,,0,,0,1,1,0,,,0,,,,,,"{""card_text"": ""see all cherng lay villas and condominium updated 2 weeks ago choeng thale, thalang, phuket ฿35,000,000 (฿100,000/sqm) 4 bedroom villa for sale at cherng lay villas and condominium 4 bedrooms with 4.5 bathrooms, large living rooms, fully equipped kitchen, laundry room, parking for 4 cars, and a swimming pool with jacuzzi. housekeeping service, gardening, and property maintenance... details: 4 bedr"", ""tags"": [""rent:฿170,000/mo| roi:6%"", ""cam fee:฿26,250/mo"", ""sinking fund:฿105,000"", ""updated: 2 weeks ago""], ""location_text"": ""Choeng Thale, Thalang, Phuket"", ""url"": ""https://www.fazwaz.com/property-sales/4-bedroom-villa-for-sale-at-cherng-lay-villas-and-condominium-in-choeng-thale-phuket-u5347622""}",2026-04-21 09:03:07.906343,2026-04-21 09:03:07.906343,1
221,fazwaz,3-bedroom-villa-for-sale-at-luxpride-by-wallaya-villas-in-si-sunthon-phuket-u5367089,https://www.fazwaz.com/property-sales/3-bedroom-villa-for-sale-at-luxpride-by-wallaya-villas-in-si-sunthon-phuket-u5367089,LuxPride by Wallaya Villas,,,layan,"Si Sunthon, Thalang, Phuket",,,villa,unknown,,,,,,,,,19900000.0,,,,,,unknown,,0,,0,1,1,0,,,0,,,,,,"{""card_text"": ""see all luxpride by wallaya villas updated 1 week ago si sunthon, thalang, phuket ฿19,900,000 (฿49,500/sqm) 3 bedroom villa for sale at luxpride by wallaya villas step into modern luxury with this 3-bedroom, 3.5-bathroom villa located in a peaceful area of cherng talay. combining sleek design with asian touches, it features spacious and bright living areas, a p... details: 3 bedroom(s) 3.5 bathroo"", ""tags"": [""rent:฿220,000/mo| roi:13%"", ""cam fee:฿8,000/mo"", ""sinking fund:฿200,000"", ""updated: 1 week ago""], ""location_text"": ""Si Sunthon, Thalang, Phuket"", ""url"": ""https://www.fazwaz.com/property-sales/3-bedroom-villa-for-sale-at-luxpride-by-wallaya-villas-in-si-sunthon-phuket-u5367089""}",2026-04-21 09:03:07.906343,2026-04-21 09:03:07.906343,1
222,fazwaz,2-bedroom-villa-for-sale-at-mali-thai-pool-villas-in-karon-phuket-u6185041,https://www.fazwaz.com/property-sales/2-bedroom-villa-for-sale-at-mali-thai-pool-villas-in-karon-phuket-u6185041,Mali Thai Pool Villas,,,karon,"Karon, Phuket Town, Phuket",,,villa,unknown,,,,,,,,,24900000.0,,,,,,unknown,,0,,0,1,1,0,,,0,,,,,,"{""card_text"": ""see all mali thai pool villas 7% guar. return for 3 years listed 1 week ago updated 1 week ago karon, phuket town, phuket ฿24,900,000 (฿125,000/sqm) 2 bedroom villa for sale at mali thai pool villas mali thai – top sea view villa in kata, phuket\nexperience the pinnacle of tropical luxury living with this stunning modern villa perched above the crystal-clear waters of kata beach. mali thai o... det"", ""tags"": [""updated: 1 week ago""], ""location_text"": ""Karon, Phuket Town, Phuket"", ""url"": ""https://www.fazwaz.com/property-sales/2-bedroom-villa-for-sale-at-mali-thai-pool-villas-in-karon-phuket-u6185041""}",2026-04-21 09:03:07.906343,2026-04-21 09:03:07.906343,1
223,fazwaz,studio-condo-for-sale-at-relife-the-windy-in-rawai-phuket-u1703314,https://www.fazwaz.com/property-sales/studio-condo-for-sale-at-relife-the-windy-in-rawai-phuket-u1703314,ReLife The Windy,,,rawai,"Rawai, Phuket Town, Phuket",,,condo,unknown,,,,,32.0,,,,3000000.0,93750.0,,,,,unknown,,0,,0,1,0,1,,,0,,,,,,"{""card_text"": ""see all relife the windy 7% guar. return for 3 years updated 5 days ago rawai, phuket town, phuket ฿3,000,000 ฿3,160,000 (฿93,700/sqm) studio condo for sale at relife the windy one bedroom studio apartment 32m² available for sale.\n\n1200 meters to nai harn beach.\nshops within walking distance.\nrooftop pool with great views.\nin a complex gym, ping-pong table.\nparking.\nhou... details: studio 1 bathro"", ""tags"": [""cam fee:฿1,600/mo"", ""sinking fund:฿16,000"", ""updated: 5 days ago""], ""location_text"": ""Rawai, Phuket Town, Phuket"", ""url"": ""https://www.fazwaz.com/property-sales/studio-condo-for-sale-at-relife-the-windy-in-rawai-phuket-u1703314""}",2026-04-21 09:03:07.906343,2026-04-21 09:03:07.906343,1
224,fazwaz,5-bedroom-villa-for-sale-at-laguna-village-residences-phase-8-in-choeng-thale-phuket-u5893807,https://www.fazwaz.com/property-sales/5-bedroom-villa-for-sale-at-laguna-village-residences-phase-8-in-choeng-thale-phuket-u5893807,Laguna Village Residences Phase 8,,,cherng-talay,"Choeng Thale, Thalang, Phuket",,,villa,leasehold,,,,,,,,,85000000.0,,,,,,unknown,,0,,0,1,1,0,,,0,,,,,,"{""card_text"": ""see all laguna village residences phase 8 updated 3 weeks ago choeng thale, thalang, phuket ฿85,000,000 ฿99,999,999 (฿77,300/sqm) 5 bedroom villa for sale at laguna village residences phase 8 ultra-luxury lakefront villa in laguna bang tao – thb 100,000,000 (leasehold)\ndiscover a truly unique and exclusive luxury villa in the prestigious laguna bang tao area — designed for refi... details: 5 bedro"", ""tags"": [""est. rent:฿456,000/mo| roi:6%"", ""cam fee:฿16,000/mo"", ""updated: 3 weeks ago""], ""location_text"": ""Choeng Thale, Thalang, Phuket"", ""url"": ""https://www.fazwaz.com/property-sales/5-bedroom-villa-for-sale-at-laguna-village-residences-phase-8-in-choeng-thale-phuket-u5893807""}",2026-04-21 09:03:07.922424,2026-04-21 09:03:07.922424,1
225,fazwaz,2-bedroom-condo-for-sale-at-bel-air-panwa-in-wichit-phuket-u6124968,https://www.fazwaz.com/property-sales/2-bedroom-condo-for-sale-at-bel-air-panwa-in-wichit-phuket-u6124968,Bel Air Panwa,,,phuket-town,"Wichit, Phuket Town, Phuket",,,condo,unknown,,,2.0,2.0,144.0,,,,9000000.0,62500.0,,,,,unknown,,0,,0,1,1,0,,,0,,,,,,"{""card_text"": ""see all bel air panwa listed 3 weeks ago updated 2 weeks ago wichit, phuket town, phuket ฿9,000,000 (฿62,500/sqm) 2 bedroom condo for sale at bel air panwa discover this exceptional 144 sqm parking-floor condo. a rare find in the sought-after bel air panwa project, this property features a private jacuzzi/pool, 2 bedrooms, and 2 bathrooms.\nkey features:... details: 2 bedroom(s) 2 bathroom(s) 144 s"", ""tags"": [""est. rent:฿58,300/mo| roi:8%"", ""cam fee:฿7,200/mo"", ""updated: 2 weeks ago""], ""location_text"": ""Wichit, Phuket Town, Phuket"", ""url"": ""https://www.fazwaz.com/property-sales/2-bedroom-condo-for-sale-at-bel-air-panwa-in-wichit-phuket-u6124968""}",2026-04-21 09:03:07.922424,2026-04-21 09:03:07.922424,1
226,fazwaz,4-bedroom-villa-for-sale-at-trichada-breeze-in-choeng-thale-phuket-u5825935,https://www.fazwaz.com/property-sales/4-bedroom-villa-for-sale-at-trichada-breeze-in-choeng-thale-phuket-u5825935,Trichada Breeze,,,cherng-talay,"Choeng Thale, Thalang, Phuket",,,villa,unknown,,,,,,,,,31600000.0,,,,,,unknown,,0,,0,1,1,0,,,0,,,,,,"{""card_text"": ""see all trichada breeze updated 1 month ago choeng thale, thalang, phuket ฿31,600,000 ฿34,600,000 (฿75,200/sqm) 4 bedroom villa for sale at trichada breeze a new villa development project in phuket from the same well-known developer who has consistently attracted a large number of buyers’ demands in over three previous overwhelming successful trich... details: 4 bedroom(s) 3 bathroom(s) 420 sqm pr"", ""tags"": [""rent:฿230,000/mo| roi:9%"", ""updated: 1 month ago""], ""location_text"": ""Choeng Thale, Thalang, Phuket"", ""url"": ""https://www.fazwaz.com/property-sales/4-bedroom-villa-for-sale-at-trichada-breeze-in-choeng-thale-phuket-u5825935""}",2026-04-21 09:03:07.922424,2026-04-21 09:03:07.922424,1
227,fazwaz,3-bedroom-villa-for-sale-in-chalong-phuket-u5630562,https://www.fazwaz.com/property-sales/3-bedroom-villa-for-sale-in-chalong-phuket-u5630562,3 bedroom Balinese Style Pool House Under Big Buddha,,,chalong,"Chalong, Phuket Town, Phuket",,,villa,unknown,,,,,,,,,18000000.0,,,,,,unknown,,0,,0,1,1,0,,,0,,,,,,"{""card_text"": ""see all 3 bedroom balinese style pool house under big buddha updated 3 weeks ago chalong, phuket town, phuket ฿18,000,000 (฿120,000/sqm) 3 bedroom villa for sale in chalong, phuket tucked away in a peaceful chalong neighborhood near big buddha, this beautifully renovated 3-bedroom, 3.5-bathroom single-story villa blends modern comfort with serene balinese charm. surrounded by ta... details: 3 bedr"", ""tags"": [""updated: 3 weeks ago""], ""location_text"": ""Chalong, Phuket Town, Phuket"", ""url"": ""https://www.fazwaz.com/property-sales/3-bedroom-villa-for-sale-in-chalong-phuket-u5630562""}",2026-04-21 09:03:07.922424,2026-04-21 09:03:07.922424,1
228,fazwaz,1-bedroom-condo-for-sale-at-aristo-2-in-choeng-thale-phuket-u1840218,https://www.fazwaz.com/property-sales/1-bedroom-condo-for-sale-at-aristo-2-in-choeng-thale-phuket-u1840218,Aristo 2,,,cherng-talay,"Choeng Thale, Thalang, Phuket",,,condo,unknown,,,1.0,2.0,11.0,,,,6500000.0,590909.09,,,,,unknown,,0,,0,0,1,0,,,0,,,,,,"{""card_text"": ""see all aristo 2 updated 1 month ago choeng thale, thalang, phuket ฿6,500,000 (฿101,000/sqm) 1 bedroom condo for sale at aristo 2 fully furnished one bedroom sea view condo for sale and rent at aristo 2 in cherngtalay, 64.11sqm. 1 bedroom and 2 bathrooms. the project is located near surin and bang tao beaches. only a f... details: 1 bedroom(s) 2 bathroom(s) 64.11 sqm property type: condo beach 0.7"", ""tags"": [""rent:฿35,000/mo| roi:6%"", ""cam fee:฿3,206/mo"", ""sinking fund:฿10,899"", ""updated: 1 month ago""], ""location_text"": ""Choeng Thale, Thalang, Phuket"", ""url"": ""https://www.fazwaz.com/property-sales/1-bedroom-condo-for-sale-at-aristo-2-in-choeng-thale-phuket-u1840218""}",2026-04-21 09:03:07.922424,2026-04-21 09:03:07.922424,1
229,fazwaz,6-bedroom-villa-for-sale-at-lakewood-hills-villa-in-choeng-thale-phuket-u6171085,https://www.fazwaz.com/property-sales/6-bedroom-villa-for-sale-at-lakewood-hills-villa-in-choeng-thale-phuket-u6171085,Lakewood Hills Villa,,,cherng-talay,"Choeng Thale, Thalang, Phuket",,,villa,unknown,,,,,,,,,89000000.0,,,,,,unknown,,0,,0,1,1,0,,,0,,,,,,"{""card_text"": ""see all lakewood hills villa listed 2 weeks ago updated 2 weeks ago choeng thale, thalang, phuket ฿89,000,000 (฿127,000/sqm) 6 bedroom villa for sale at lakewood hills villa positioned within the established lakewood hills estate in cherngtalay, just minutes from laguna phuket, this is a large-scale, lifestyle-driven villa designed for both end-users and investors looking... details: 6 bedroom(s) "", ""tags"": [""est. rent:฿506,000/mo| roi:7%"", ""cam fee:฿41,700/mo"", ""updated: 2 weeks ago""], ""location_text"": ""Choeng Thale, Thalang, Phuket"", ""url"": ""https://www.fazwaz.com/property-sales/6-bedroom-villa-for-sale-at-lakewood-hills-villa-in-choeng-thale-phuket-u6171085""}",2026-04-21 09:03:07.922424,2026-04-21 09:03:07.922424,1
230,fazwaz,studio-condo-for-sale-at-ozone-condotel-in-karon-phuket-u85244,https://www.fazwaz.com/property-sales/studio-condo-for-sale-at-ozone-condotel-in-karon-phuket-u85244,Ozone Condotel,,,karon,"Karon, Phuket Town, Phuket",,,condo,unknown,,,,,,,,,2850000.0,,,,,,unknown,,0,,0,0,0,0,,,0,,,,,,"{""card_text"": ""see all ozone condotel updated 1 month ago great price karon, phuket town, phuket ฿2,850,000 (฿91,800/sqm) studio condo for sale at ozone condotel welcome to ozone condotel in karon, the very best of the phuket property market. offering the perfect combination of vibrant social atmosphere and supreme comfort.this exquisite studio condo unit pres... details: studio 1 bathroom(s) 31.06 sqm property "", ""tags"": [""rent:฿18,000/mo| roi:8%"", ""cam fee:฿1,553/mo"", ""sinking fund:฿15,530"", ""updated: 1 month ago""], ""location_text"": ""Karon, Phuket Town, Phuket"", ""url"": ""https://www.fazwaz.com/property-sales/studio-condo-for-sale-at-ozone-condotel-in-karon-phuket-u85244""}",2026-04-21 09:03:07.922424,2026-04-21 09:03:07.922424,1
231,fazwaz,3-bedroom-villa-for-sale-at-luxpride-by-wallaya-villas-in-si-sunthon-phuket-u5366038,https://www.fazwaz.com/property-sales/3-bedroom-villa-for-sale-at-luxpride-by-wallaya-villas-in-si-sunthon-phuket-u5366038,LuxPride by Wallaya Villas,,,layan,"Si Sunthon, Thalang, Phuket",,,villa,unknown,,,,,,,,,19900000.0,,,,,,unknown,,0,,0,1,1,0,,,0,,,,,,"{""card_text"": ""see all luxpride by wallaya villas updated 1 month ago si sunthon, thalang, phuket ฿19,900,000 ฿21,000,000 (฿48,800/sqm) 3 bedroom villa for sale at luxpride by wallaya villas step into modern luxury with this 4-bedroom, 4.5-bathroom villa located in a peaceful area of cherng talay. combining sleek design with asian touches, it features spacious and bright living areas, a p... details: 3 bedroom(s"", ""tags"": [""rent:฿190,000/mo| roi:11%"", ""cam fee:฿9,360/mo"", ""sinking fund:฿234,000"", ""updated: 1 month ago""], ""location_text"": ""Si Sunthon, Thalang, Phuket"", ""url"": ""https://www.fazwaz.com/property-sales/3-bedroom-villa-for-sale-at-luxpride-by-wallaya-villas-in-si-sunthon-phuket-u5366038""}",2026-04-21 09:03:07.922424,2026-04-21 09:03:07.922424,1
232,fazwaz,1-bedroom-apartment-for-sale-at-dcondo-reef-phuket-in-kathu-phuket-u5355089,https://www.fazwaz.com/property-sales/1-bedroom-apartment-for-sale-at-dcondo-reef-phuket-in-kathu-phuket-u5355089,Dcondo Reef Phuket,,,kathu,"Kathu, Kathu, Phuket",,,condo,unknown,,,,,,,,,2890000.0,,,,,,unknown,,0,,0,0,0,0,,,0,,,,,,"{""card_text"": ""see all dcondo reef phuket updated 6 days ago kathu, kathu, phuket ฿2,890,000 (฿94,000/sqm) 1 bedroom apartment for sale at dcondo reef phuket looking for a comfortable, stylish, and well-located home in phuket? this unit is one of the rare wide-layout rooms available in the project-offering extra space and better living comfort than typical... details: 1 bedroom(s) 1 bathroom(s) 30.75 sqm propert"", ""tags"": [""rent:฿23,000/mo| roi:10%"", ""cam fee:฿1,691/mo"", ""sinking fund:฿15,375"", ""updated: 6 days ago""], ""location_text"": ""Kathu, Kathu, Phuket"", ""url"": ""https://www.fazwaz.com/property-sales/1-bedroom-apartment-for-sale-at-dcondo-reef-phuket-in-kathu-phuket-u5355089""}",2026-04-21 09:03:07.938526,2026-04-21 09:03:07.938526,1
233,fazwaz,4-bedroom-villa-for-sale-at-the-cape-residences-in-pa-khlok-phuket-u22212,https://www.fazwaz.com/property-sales/4-bedroom-villa-for-sale-at-the-cape-residences-in-pa-khlok-phuket-u22212,The Cape Residences,,,pa-khlok,"Pa Khlok, Thalang, Phuket",,,villa,unknown,,,,,,,,,180000000.0,,,,,,unknown,,0,,0,1,0,0,,,0,,,,,,"{""card_text"": ""see all the cape residences updated 3 months ago pa khlok, thalang, phuket ฿180,000,000 (฿135,000/sqm) 4 bedroom villa for sale at the cape residences the cape residencesrelax with the melodies of the ocean waves and immerse your happiness at \""the cape residences.\"" it is a luxury villa amidst the beauty of the sea, sand, and sky. the project offers... details: 4 bedroom(s) 5 bathroom(s) 1,330.92 s"", ""tags"": [""updated: 3 months ago""], ""location_text"": ""Pa Khlok, Thalang, Phuket"", ""url"": ""https://www.fazwaz.com/property-sales/4-bedroom-villa-for-sale-at-the-cape-residences-in-pa-khlok-phuket-u22212""}",2026-04-21 09:03:07.938526,2026-04-21 09:03:07.938526,1
234,fazwaz,4-bedroom-villa-for-sale-in-rawai-phuket-u1721700,https://www.fazwaz.com/property-sales/4-bedroom-villa-for-sale-in-rawai-phuket-u1721700,Modern & Tranquil Luxury Pool Villa Amidst Tropical Nature,,,rawai,"Rawai, Phuket Town, Phuket",,,villa,unknown,,,,,,,,,71000000.0,,,,,,unknown,,0,,0,1,0,0,,,0,,,,,,"{""card_text"": ""see all modern & tranquil luxury pool villa amidst tropical nature updated 2 hours ago rawai, phuket town, phuket ฿71,000,000 (฿106,000/sqm) 4 bedroom villa for sale in rawai, phuket modern & tranquil luxury  pool villa amidst tropical nature just 5 minutes to nai harn beach   this modern property is nested in a tranquil location near naiharn beach surrounded with lu... details: 4 bedroom(s) 6 bat"", ""tags"": [""updated: 2 hours ago""], ""location_text"": ""Rawai, Phuket Town, Phuket"", ""url"": ""https://www.fazwaz.com/property-sales/4-bedroom-villa-for-sale-in-rawai-phuket-u1721700""}",2026-04-21 09:03:07.938526,2026-04-21 09:03:07.938526,1
235,fazwaz,5-bedroom-villa-for-sale-at-laguna-park-in-choeng-thale-phuket-u5758149,https://www.fazwaz.com/property-sales/5-bedroom-villa-for-sale-at-laguna-park-in-choeng-thale-phuket-u5758149,Laguna Park,,,cherng-talay,"Choeng Thale, Thalang, Phuket",,,villa,unknown,,,,,,,,,21894737.0,,,,,,unknown,,0,,0,1,1,0,,,0,,,,,,"{""card_text"": ""see all laguna park updated 1 month ago choeng thale, thalang, phuket ฿21,894,737 (฿78,200/sqm) 5 bedroom villa for sale at laguna park 5-bedroom villa in the prestigious laguna phuket locationexclusive gated community on phuket’s west coast: 5-star resorts banyan tree, angsana, dusit thani; one of the island’s best b... details: 5 bedroom(s) 6 bathroom(s) 280 sqm property type: villa beach 1.12 k"", ""tags"": [""rent:฿196,356/mo| roi:11%"", ""cam fee:฿9,800/mo"", ""updated: 1 month ago""], ""location_text"": ""Choeng Thale, Thalang, Phuket"", ""url"": ""https://www.fazwaz.com/property-sales/5-bedroom-villa-for-sale-at-laguna-park-in-choeng-thale-phuket-u5758149""}",2026-04-21 09:03:07.938526,2026-04-21 09:03:07.938526,1
236,fazwaz,4-bedroom-villa-for-sale-in-choeng-thale-phuket-u1992551,https://www.fazwaz.com/property-sales/4-bedroom-villa-for-sale-in-choeng-thale-phuket-u1992551,4 Bedroom Pool Villa for Sale and Rent in Pasak,,,cherng-talay,"Choeng Thale, Thalang, Phuket",,,villa,unknown,,,,,,,,,34500000.0,,,,,,unknown,,0,,0,1,1,0,,,0,,,,,,"{""card_text"": ""see all 4 bedroom pool villa for sale and rent in pasak updated 1 week ago choeng thale, thalang, phuket ฿34,500,000 (฿95,800/sqm) 4 bedroom villa for sale in choeng thale, phuket your gateway to paradisestep into your dream home in the heart of cherng talay, phuket—a luxurious 4-bedroom villa that embodies elegance, comfort, and functionality. this villa also comes with... details: 4 bedroom(s) 6"", ""tags"": [""updated: 1 week ago""], ""location_text"": ""Choeng Thale, Thalang, Phuket"", ""url"": ""https://www.fazwaz.com/property-sales/4-bedroom-villa-for-sale-in-choeng-thale-phuket-u1992551""}",2026-04-21 09:03:07.949017,2026-04-21 09:03:07.949017,1
237,fazwaz,4-bedroom-villa-for-sale-in-wichit-phuket-u5935013,https://www.fazwaz.com/property-sales/4-bedroom-villa-for-sale-in-wichit-phuket-u5935013,4 Bedrooms 3 Bathrooms Seaview Pool House in Cape Panwa,,,phuket-town,"Wichit, Phuket Town, Phuket",,,villa,freehold,,,3.0,2.0,250.0,,,,16800000.0,67200.0,,,,,unknown,,0,,0,1,1,0,,,0,,,,,,"{""card_text"": ""4 bedrooms 3 bathrooms seaview pool house in cape panwa updated 4 days ago wichit, phuket town, phuket ฿16,800,000 (฿67,200/sqm) 4 bedroom villa for sale in wichit, phuket land chanote 800 m2house: 250 m² indoor area + 200 m² outdoor area private pool: 9 m × 4 mmain house: 3 bedrooms, 2 bathrooms\nseparate pavilion: 1 bedroom (office), 1 bathroomloun... details: 4 bedroom(s) 3 bathroom(s) 250 sqm p"", ""tags"": [""updated: 4 days ago""], ""location_text"": ""Wichit, Phuket Town, Phuket"", ""url"": ""https://www.fazwaz.com/property-sales/4-bedroom-villa-for-sale-in-wichit-phuket-u5935013""}",2026-04-21 09:03:07.950856,2026-04-21 09:03:07.950856,1
238,fazwaz,3-bedroom-villa-for-sale-at-mono-champaca-in-thep-krasattri-phuket-u6101013,https://www.fazwaz.com/property-sales/3-bedroom-villa-for-sale-at-mono-champaca-in-thep-krasattri-phuket-u6101013,Mono Champaca,,,thalang,"Thep Krasattri, Thalang, Phuket",,,villa,unknown,,,,,,,,,28000000.0,,,,,,unknown,,0,,0,1,1,0,,,1,,,,,,"{""card_text"": ""see all mono champaca updated 3 weeks ago thep krasattri, thalang, phuket ฿28,000,000 (฿85,700/sqm) 3 bedroom villa for sale at mono champaca nestled in the tranquil area of thep krasattri, this stunning mono champaca villa beautifully merges the warmth of asian indigenous architecture with the minimalist elegance of japanese design. it is... details: 3 bedroom(s) 3.5 bathroom(s) 326.80 sqm proper"", ""tags"": [""rent:฿150,000/mo| roi:6%"", ""cam fee:฿8,280/mo"", ""sinking fund:฿82,800"", ""updated: 3 weeks ago""], ""location_text"": ""Thep Krasattri, Thalang, Phuket"", ""url"": ""https://www.fazwaz.com/property-sales/3-bedroom-villa-for-sale-at-mono-champaca-in-thep-krasattri-phuket-u6101013""}",2026-04-21 09:03:07.954177,2026-04-21 09:03:07.954177,1
239,fazwaz,5-bedroom-house-for-sale-at-laguna-village-residences-phase-8-in-choeng-thale-phuket-u6114544,https://www.fazwaz.com/property-sales/5-bedroom-house-for-sale-at-laguna-village-residences-phase-8-in-choeng-thale-phuket-u6114544,Laguna Village Residences Phase 8,,,cherng-talay,"Choeng Thale, Thalang, Phuket",,,villa,unknown,,,,,,,,,55000000.0,,,,,,unknown,,0,,0,1,1,0,,,0,,,,,,"{""card_text"": ""see all laguna village residences phase 8 listed 1 month ago updated 2 weeks ago choeng thale, thalang, phuket ฿55,000,000 (฿92,200/sqm) 5 bedroom house for sale at laguna village residences phase 8 laguna village residences phase 8spend your special moments with peace at the luxury villas from a quality project in the laguna property group, secluded in a perfect location and surrounded by peacef."", ""tags"": [""rent:฿300,000/mo| roi:7%"", ""cam fee:฿12,540/mo"", ""updated: 2 weeks ago""], ""location_text"": ""Choeng Thale, Thalang, Phuket"", ""url"": ""https://www.fazwaz.com/property-sales/5-bedroom-house-for-sale-at-laguna-village-residences-phase-8-in-choeng-thale-phuket-u6114544""}",2026-04-21 09:03:07.954177,2026-04-21 09:03:07.954177,1
240,fazwaz,2-bedroom-townhouse-for-sale-in-patong-phuket-u6148351,https://www.fazwaz.com/property-sales/2-bedroom-townhouse-for-sale-in-patong-phuket-u6148351,Cozy & Quiet Gem in Central Patong Townhouse with Private Park,,,patong,"Patong, Kathu, Phuket",,,house,unknown,,,,,,,,,6900000.0,,,,,,unknown,,0,,0,0,0,0,,,0,,,,,,"{""card_text"": ""see all cozy & quiet gem in central patong townhouse with private park listed 2 weeks ago updated 1 day ago patong, kathu, phuket ฿6,900,000 ฿7,500,000 (฿55,200/sqm) 2 bedroom townhouse for sale in patong, phuket experience the best of patong in this unique 2-story townhouse (soi nanai 2):\n\ncozy atmosphere: feel at home instantly with a beautiful wooden floor in the living area and a vibrant, warm"", ""tags"": [""updated: 1 day ago""], ""location_text"": ""Patong, Kathu, Phuket"", ""url"": ""https://www.fazwaz.com/property-sales/2-bedroom-townhouse-for-sale-in-patong-phuket-u6148351""}",2026-04-21 09:03:07.954177,2026-04-21 09:03:07.954177,1
241,fazwaz,2-bedroom-villa-for-sale-at-the-residence-resort-in-choeng-thale-phuket-u5947330,https://www.fazwaz.com/property-sales/2-bedroom-villa-for-sale-at-the-residence-resort-in-choeng-thale-phuket-u5947330,The Residence Resort,,,cherng-talay,"Choeng Thale, Thalang, Phuket",,,villa,unknown,,,,,,,,,18000000.0,,,,,,unknown,,0,,0,1,1,0,,,0,,,,,,"{""card_text"": ""see all the residence resort 5% guar. return for 1 year updated 2 weeks ago choeng thale, thalang, phuket ฿18,000,000 (฿94,700/sqm) 2 bedroom villa for sale at the residence resort commune with the new experience of real romantic relaxation at the residence resort & spa, the private luxury villa that has been uniquely designed, allowing the residents to immerse in a tranquil... details: 2 bedroom("", ""tags"": [""updated: 2 weeks ago""], ""location_text"": ""Choeng Thale, Thalang, Phuket"", ""url"": ""https://www.fazwaz.com/property-sales/2-bedroom-villa-for-sale-at-the-residence-resort-in-choeng-thale-phuket-u5947330""}",2026-04-21 09:03:13.703981,2026-04-21 09:03:13.703981,1
242,fazwaz,2-bedroom-condo-for-sale-at-cassia-phuket-in-choeng-thale-phuket-u1707716,https://www.fazwaz.com/property-sales/2-bedroom-condo-for-sale-at-cassia-phuket-in-choeng-thale-phuket-u1707716,Cassia Phuket,,,cherng-talay,"Choeng Thale, Thalang, Phuket",,,condo,unknown,,,2.0,2.0,,,,,8631579.0,,,,,,unknown,,0,,0,0,0,0,,,0,,,,,,"{""card_text"": ""see all cassia phuket 5% guar. return for 3 years updated 1 week ago choeng thale, thalang, phuket ฿8,631,579 (฿139,000/sqm) 2 bedroom condo for sale at cassia phuket apartments 62m2 in cassia residences laguna bang tao nearby the sea 2 bedrooms 2 bathrooms kitchen-living room balcony beautiful sea and lake view   amenities -direct access to bang tao beach -gy... details: 2 bedroom(s) 1.5 bathroom"", ""tags"": [""updated: 1 week ago""], ""location_text"": ""Choeng Thale, Thalang, Phuket"", ""url"": ""https://www.fazwaz.com/property-sales/2-bedroom-condo-for-sale-at-cassia-phuket-in-choeng-thale-phuket-u1707716""}",2026-04-21 09:03:13.703981,2026-04-21 09:03:13.703981,1
243,fazwaz,1-bedroom-condo-for-sale-at-akra-collection-layan-1-in-choeng-thale-phuket-u5612374,https://www.fazwaz.com/property-sales/1-bedroom-condo-for-sale-at-akra-collection-layan-1-in-choeng-thale-phuket-u5612374,Akra Collection Layan 1,,,cherng-talay,"Choeng Thale, Thalang, Phuket",,,condo,unknown,,,1.0,,,,,,12900000.0,,,,,,unknown,,0,,0,1,0,0,,,0,,,,,,"{""card_text"": ""see all akra collection layan 1 6% guar. return for 5 years developer finance offered updated 4 weeks ago choeng thale, thalang, phuket ฿12,900,000 (฿129,000/sqm) 1 bedroom condo for sale at akra collection layan 1 experience tropical luxury living at its finest with this beautifully designed 1 bedroom private condo at akra collection layan 1, located in one of phuket’s most desirable and peaceful"", ""tags"": [""cam fee:฿7,500/mo"", ""sinking fund:฿30,000"", ""updated: 4 weeks ago""], ""location_text"": ""Choeng Thale, Thalang, Phuket"", ""url"": ""https://www.fazwaz.com/property-sales/1-bedroom-condo-for-sale-at-akra-collection-layan-1-in-choeng-thale-phuket-u5612374""}",2026-04-21 09:03:13.703981,2026-04-21 09:03:13.703981,1
244,fazwaz,2-bedroom-condo-for-sale-at-fantasea-condo-kamala-in-kamala-phuket-u5925233,https://www.fazwaz.com/property-sales/2-bedroom-condo-for-sale-at-fantasea-condo-kamala-in-kamala-phuket-u5925233,Fantasea Condo Kamala,,,kamala,"Kamala, Kathu, Phuket",,,condo,leasehold,,,2.0,,50.0,,,,5300000.0,106000.0,,,,,unknown,,0,,0,0,1,0,,,0,,,,,,"{""card_text"": ""see all fantasea condo kamala updated 4 days ago kamala, kathu, phuket ฿5,300,000 (฿106,000/sqm) 2 bedroom condo for sale at fantasea condo kamala brand-new 2br apartment in kamala\n🏡 2-bedroom apartment – 50 m²\n👥 accommodation: up to 6 guests\napartment features:\n• modern and completely new 2-bedroom apartment\n• +1 br optio... details: 2 bedroom(s) 2 bathroom(s) 50 sqm property type: condo leasehol"", ""tags"": [""rent:฿55,000/mo| roi:12%"", ""cam fee:฿2,500/mo"", ""sinking fund:฿25,000"", ""updated: 4 days ago""], ""location_text"": ""Kamala, Kathu, Phuket"", ""url"": ""https://www.fazwaz.com/property-sales/2-bedroom-condo-for-sale-at-fantasea-condo-kamala-in-kamala-phuket-u5925233""}",2026-04-21 09:03:13.713030,2026-04-21 09:03:13.713030,1
245,fazwaz,6-bedroom-villa-for-sale-at-supalai-lake-ville-phuket-in-ko-kaeo-phuket-u6042579,https://www.fazwaz.com/property-sales/6-bedroom-villa-for-sale-at-supalai-lake-ville-phuket-in-ko-kaeo-phuket-u6042579,Supalai Lake Ville Phuket,,,phuket-town,"Ko Kaeo, Phuket Town, Phuket",,,villa,unknown,,,,,,,,,35000000.0,,,,,,unknown,,0,,0,1,1,0,,,0,,,,,,"{""card_text"": ""see all supalai lake ville phuket updated 5 days ago ko kaeo, phuket town, phuket ฿35,000,000 (฿64,800/sqm) 6 bedroom villa for sale at supalai lake ville phuket 🏡 luxury lake front 6-bedroom residence\nsupalai lake ville – ko kaeo, phuket\n \nthis is the largest layout in the project. only 3 houses of this size exist and this is the only one currentl... details: 6 bedroom(s) 7 bathroom(s) 540 sqm pr"", ""tags"": [""rent:฿220,000/mo| roi:8%"", ""cam fee:฿5,000/mo"", ""updated: 5 days ago""], ""location_text"": ""Ko Kaeo, Phuket Town, Phuket"", ""url"": ""https://www.fazwaz.com/property-sales/6-bedroom-villa-for-sale-at-supalai-lake-ville-phuket-in-ko-kaeo-phuket-u6042579""}",2026-04-21 09:03:13.713030,2026-04-21 09:03:13.713030,1
246,fazwaz,3-bedroom-villa-for-sale-at-wallaya-villas-harmony-phase-2-3-in-si-sunthon-phuket-u6110939,https://www.fazwaz.com/property-sales/3-bedroom-villa-for-sale-at-wallaya-villas-harmony-phase-2-3-in-si-sunthon-phuket-u6110939,Wallaya Villas Harmony Phase 2 & 3,,,layan,"Si Sunthon, Thalang, Phuket",,,villa,unknown,,,,,,,,,18000000.0,,,,,,unknown,,0,,0,1,0,0,,,0,,,,,,"{""card_text"": ""see all wallaya villas harmony phase 2 & 3 updated 6 days ago si sunthon, thalang, phuket ฿18,000,000 ฿19,000,000 (฿49,700/sqm) 3 bedroom villa for sale at wallaya villas harmony phase 2 & 3 modern 3-bedroom private pool villa for sale in one of phuket’s most desirable residential areas – bang tao.located just 10 minutes from bang tao beach and only 2 minutes from the blue tre... details: 3 bedroo"", ""tags"": [""rent:฿150,000/mo| roi:10%"", ""cam fee:฿660/mo"", ""sinking fund:฿181,000"", ""updated: 6 days ago""], ""location_text"": ""Si Sunthon, Thalang, Phuket"", ""url"": ""https://www.fazwaz.com/property-sales/3-bedroom-villa-for-sale-at-wallaya-villas-harmony-phase-2-3-in-si-sunthon-phuket-u6110939""}",2026-04-21 09:03:13.717910,2026-04-21 09:03:13.717910,1
247,fazwaz,2-bedroom-villa-for-sale-in-rawai-phuket-u6133339,https://www.fazwaz.com/property-sales/2-bedroom-villa-for-sale-in-rawai-phuket-u6133339,2 Bedrooms Pool Villa 1000 m2 Land 5 mins to Nai Harn Beach,,,rawai,"Rawai, Phuket Town, Phuket",,,villa,freehold,,,,,1000.0,,,,15000000.0,15000.0,,,,,unknown,,0,,0,1,1,0,,,0,,,,,,"{""card_text"": ""see all 2 bedrooms pool villa 1000 m2 land 5 mins to nai harn beach listed 3 weeks ago rawai, phuket town, phuket ฿15,000,000 (฿75,000/sqm) 2 bedroom villa for sale in rawai, phuket 2-bedroom, 2-bathroom pool villa in a great location\n \nonly 5 minutes to nai harn & kata beaches\n \nspacious 1,000 sqm land plot with chanote title\n \nlarge 10m x 4m private swimming... details: 2 bedroom(s) 1 bathroom(s"", ""tags"": [], ""location_text"": ""Rawai, Phuket Town, Phuket"", ""url"": ""https://www.fazwaz.com/property-sales/2-bedroom-villa-for-sale-in-rawai-phuket-u6133339""}",2026-04-21 09:03:13.717910,2026-04-21 09:03:13.717910,1
248,fazwaz,1-bedroom-condo-for-sale-at-zcape-x2-in-choeng-thale-phuket-u1698772,https://www.fazwaz.com/property-sales/1-bedroom-condo-for-sale-at-zcape-x2-in-choeng-thale-phuket-u1698772,Zcape X2,,,cherng-talay,"Choeng Thale, Thalang, Phuket",,,condo,unknown,,,,,,,,,3700000.0,,,,,,unknown,,0,,0,1,1,0,,,0,,,,,,"{""card_text"": ""see all zcape x2 updated 2 weeks ago choeng thale, thalang, phuket ฿3,700,000 (฿116,000/sqm) 1 bedroom condo for sale at zcape x2 discover luxury living with this fully renovated 1-bedroom pool view unit available for sale and rent at zcape x2. this stunning property boasts modern finishes and thoughtful design, ensuring a comfo... details: 1 bedroom(s) 1 bathroom(s) 32 sqm property type: condo be"", ""tags"": [""rent:฿30,000/mo| roi:10%"", ""updated: 2 weeks ago""], ""location_text"": ""Choeng Thale, Thalang, Phuket"", ""url"": ""https://www.fazwaz.com/property-sales/1-bedroom-condo-for-sale-at-zcape-x2-in-choeng-thale-phuket-u1698772""}",2026-04-21 09:03:13.717910,2026-04-21 09:03:13.717910,1
249,fazwaz,4-bedroom-house-for-sale-at-luxpride-by-wallaya-villas-in-si-sunthon-phuket-u5680332,https://www.fazwaz.com/property-sales/4-bedroom-house-for-sale-at-luxpride-by-wallaya-villas-in-si-sunthon-phuket-u5680332,LuxPride by Wallaya Villas,,,layan,"Si Sunthon, Thalang, Phuket",,,villa,unknown,,,,,,,,,27000000.0,,,,,,unknown,,0,,0,1,1,0,,,0,,,,,,"{""card_text"": ""see all luxpride by wallaya villas updated 5 days ago si sunthon, thalang, phuket ฿27,000,000 (฿64,000/sqm) 4 bedroom house for sale at luxpride by wallaya villas this stunning 4-bedroom, 4-bathroom pool villa in the prestigious luxpride 4 wallaya villas development offers the perfect blend of modern design, comfort, and privacy in one of phuket’s most so... details: 4 bedroom(s) 4 bathroom(s) 422"", ""tags"": [""rent:฿220,000/mo| roi:10%"", ""cam fee:฿8,000/mo"", ""sinking fund:฿200,000"", ""updated: 5 days ago""], ""location_text"": ""Si Sunthon, Thalang, Phuket"", ""url"": ""https://www.fazwaz.com/property-sales/4-bedroom-house-for-sale-at-luxpride-by-wallaya-villas-in-si-sunthon-phuket-u5680332""}",2026-04-21 09:03:13.725487,2026-04-21 09:03:13.725487,1
250,fazwaz,1-bedroom-condo-for-sale-at-happy-place-condo-in-sakhu-phuket-u1702212,https://www.fazwaz.com/property-sales/1-bedroom-condo-for-sale-at-happy-place-condo-in-sakhu-phuket-u1702212,Happy Place Condo,,,mai-khao,"Sakhu, Thalang, Phuket",,,condo,unknown,,,,,,,,,2559000.0,,,,,,unknown,,0,,0,0,0,0,,,0,,,,,,"{""card_text"": ""see all happy place condo updated 2 weeks ago sakhu, thalang, phuket ฿2,559,000 (฿80,000/sqm) 1 bedroom condo for sale at happy place condo my place is located at a small mountain that environment is very private and peaceful place near naiyang beach where is natural beauty in a local culture.  #highlight area walk 5 min to bus stop... details: 1 bedroom(s) 1 bathroom(s) 32 sqm property type: cond"", ""tags"": [""rent:฿19,000/mo| roi:9%"", ""cam fee:฿1,280/mo"", ""sinking fund:฿16,000"", ""updated: 2 weeks ago""], ""location_text"": ""Sakhu, Thalang, Phuket"", ""url"": ""https://www.fazwaz.com/property-sales/1-bedroom-condo-for-sale-at-happy-place-condo-in-sakhu-phuket-u1702212""}",2026-04-21 09:03:13.725487,2026-04-21 09:03:13.725487,1
251,fazwaz,4-bedroom-villa-for-sale-at-boat-avenue-residence-in-choeng-thale-phuket-u6149338,https://www.fazwaz.com/property-sales/4-bedroom-villa-for-sale-at-boat-avenue-residence-in-choeng-thale-phuket-u6149338,Boat Avenue Residence,,,cherng-talay,"Choeng Thale, Thalang, Phuket",,,villa,unknown,,,,,,,,,60000000.0,,,,,,unknown,,0,,0,1,1,0,,,0,,,,,,"{""card_text"": ""see all boat avenue residence listed 2 weeks ago updated 4 days ago choeng thale, thalang, phuket ฿60,000,000 (฿121,000/sqm) 4 bedroom villa for sale at boat avenue residence a private sanctuary in phuket's most prestigious neighbourhood\nwelcome to this exceptional 4-bedroom villa at boat avenue residence — a boutique collection of just 7 luxury homes in the heart of... details: 4 bedroom(s) 5 bat"", ""tags"": [""updated: 4 days ago""], ""location_text"": ""Choeng Thale, Thalang, Phuket"", ""url"": ""https://www.fazwaz.com/property-sales/4-bedroom-villa-for-sale-at-boat-avenue-residence-in-choeng-thale-phuket-u6149338""}",2026-04-21 09:03:13.737612,2026-04-21 09:03:13.737612,1
252,fazwaz,5-bedroom-villa-for-sale-at-nakatani-village-in-kamala-phuket-u59335,https://www.fazwaz.com/property-sales/5-bedroom-villa-for-sale-at-nakatani-village-in-kamala-phuket-u59335,Nakatani Village,,,kamala,"Kamala, Kathu, Phuket",,,villa,unknown,,,,,300.0,,,,17000000.0,56666.67,,,,,unknown,,0,,0,1,1,0,,,0,,,,,,"{""card_text"": ""see all nakatani village updated 3 weeks ago great price kamala, kathu, phuket ฿17,000,000 (฿56,700/sqm) 5 bedroom villa for sale at nakatani village are you in the market for an opulent 5-bedroom, 5-bath villa in one of the most sought-after locations on the island of phuket? look no further than this 300 sqm abode—part of the luxurious nakatani v... details: 5 bedroom(s) 5 bathroom(s) 300 sqm pr"", ""tags"": [""rent:฿150,000/mo| roi:11%"", ""cam fee:฿7,800/mo"", ""updated: 3 weeks ago""], ""location_text"": ""Kamala, Kathu, Phuket"", ""url"": ""https://www.fazwaz.com/property-sales/5-bedroom-villa-for-sale-at-nakatani-village-in-kamala-phuket-u59335""}",2026-04-21 09:03:13.737612,2026-04-21 09:03:13.737612,1
253,fazwaz,3-bedroom-villa-for-sale-at-zenithy-pool-villa-in-si-sunthon-phuket-u6177550,https://www.fazwaz.com/property-sales/3-bedroom-villa-for-sale-at-zenithy-pool-villa-in-si-sunthon-phuket-u6177550,Zenithy Pool Villa,,,layan,"Si Sunthon, Thalang, Phuket",,,villa,unknown,,,,,,,,,19800000.0,,,,,,unknown,,0,,0,1,1,0,,,0,,,,,,"{""card_text"": ""see all zenithy pool villa listed 1 week ago updated 1 week ago si sunthon, thalang, phuket ฿19,800,000 (฿75,600/sqm) 3 bedroom villa for sale at zenithy pool villa zenithy pool villa, a new luxury pool villa project in a contemporary style. the project is meticulously furnished with premium imported furniture combined between warmth and uniqueness in design. eac... details: 3 bedroom(s) 3 bathroo"", ""tags"": [""est. rent:฿185,000/mo| roi:11%"", ""cam fee:฿10,000/mo"", ""sinking fund:฿25,000"", ""updated: 1 week ago""], ""location_text"": ""Si Sunthon, Thalang, Phuket"", ""url"": ""https://www.fazwaz.com/property-sales/3-bedroom-villa-for-sale-at-zenithy-pool-villa-in-si-sunthon-phuket-u6177550""}",2026-04-21 09:03:13.737612,2026-04-21 09:03:13.737612,1
254,fazwaz,2-bedroom-condo-for-sale-at-bangtao-tropical-in-choeng-thale-phuket-u5807459,https://www.fazwaz.com/property-sales/2-bedroom-condo-for-sale-at-bangtao-tropical-in-choeng-thale-phuket-u5807459,Bangtao Tropical,,,cherng-talay,"Choeng Thale, Thalang, Phuket",,,condo,unknown,,,,,,,,,12200000.0,,,,,,unknown,,0,,0,1,1,0,,,0,,,,,,"{""card_text"": ""see all bangtao tropical updated 1 month ago choeng thale, thalang, phuket ฿12,200,000 (฿75,600/sqm) 2 bedroom condo for sale at bangtao tropical discover tropical elegance and modern comfort in this spacious 2-bedroom, 2-bathroom deluxe unit located in the sought-after bangtao tropical residence complex, just minutes from bangtao and surin bea... details: 2 bedroom(s) 2 bathroom(s) 161.50 sqm pro"", ""tags"": [""cam fee:฿8,075/mo"", ""sinking fund:฿80,750"", ""updated: 1 month ago""], ""location_text"": ""Choeng Thale, Thalang, Phuket"", ""url"": ""https://www.fazwaz.com/property-sales/2-bedroom-condo-for-sale-at-bangtao-tropical-in-choeng-thale-phuket-u5807459""}",2026-04-21 09:03:13.749675,2026-04-21 09:03:13.749675,1
255,fazwaz,3-bedroom-villa-for-sale-at-villa-qabalah-in-si-sunthon-phuket-u1732648,https://www.fazwaz.com/property-sales/3-bedroom-villa-for-sale-at-villa-qabalah-in-si-sunthon-phuket-u1732648,Villa Qabalah,,,layan,"Si Sunthon, Thalang, Phuket",,,villa,unknown,,,3.0,3.0,369.0,,,,21100000.0,57181.57,,,,,unknown,,0,,0,1,1,0,,,0,,,,,,"{""card_text"": ""see all villa qabalah updated 5 days ago si sunthon, thalang, phuket ฿21,100,000 ฿21,150,000 (฿57,200/sqm) 3 bedroom villa for sale at villa qabalah 3 bedroom villa for sale in villa qabalah complex!\n\nprice: 21 million baht.\n3 bedrooms\n3 bathrooms\nroof garden\npool 3.5x9 m.\nbuilt area 369 sq.m.\n\n\nthe villa is surrounded by a green garden.\nliving ro... details: 3 bedroom(s) 3 bathroom(s) 369 sqm pro"", ""tags"": [""cam fee:฿8,500/mo"", ""sinking fund:฿85,000"", ""updated: 5 days ago""], ""location_text"": ""Si Sunthon, Thalang, Phuket"", ""url"": ""https://www.fazwaz.com/property-sales/3-bedroom-villa-for-sale-at-villa-qabalah-in-si-sunthon-phuket-u1732648""}",2026-04-21 09:03:13.749675,2026-04-21 09:03:13.749675,1
256,fazwaz,1-bedroom-condo-for-sale-at-zcape-x2-in-choeng-thale-phuket-u1700518,https://www.fazwaz.com/property-sales/1-bedroom-condo-for-sale-at-zcape-x2-in-choeng-thale-phuket-u1700518,Zcape X2,,,cherng-talay,"Choeng Thale, Thalang, Phuket",,,condo,unknown,,,,,,,,,3700000.0,,,,,,unknown,,0,,0,1,1,0,,,0,,,,,,"{""card_text"": ""see all zcape x2 updated 2 weeks ago choeng thale, thalang, phuket ฿3,700,000 (฿116,000/sqm) 1 bedroom condo for sale at zcape x2 fully renovated condo for sale with tenant. details: 1 bedroom(s) 1 bathroom(s) 32 sqm property type: condo beach 1.84 km thai quota year built 2013 low rise floor 2 pool view garden view fully renovated rent: ฿30,000/mo | roi: 10% updated: 2 weeks ago request details s"", ""tags"": [""rent:฿30,000/mo| roi:10%"", ""updated: 2 weeks ago""], ""location_text"": ""Choeng Thale, Thalang, Phuket"", ""url"": ""https://www.fazwaz.com/property-sales/1-bedroom-condo-for-sale-at-zcape-x2-in-choeng-thale-phuket-u1700518""}",2026-04-21 09:03:13.749675,2026-04-21 09:03:13.749675,1
257,fazwaz,3-bedroom-apartment-for-sale-at-kamala-hills-in-kamala-phuket-u5981731,https://www.fazwaz.com/property-sales/3-bedroom-apartment-for-sale-at-kamala-hills-in-kamala-phuket-u5981731,Kamala Hills,,,kamala,"Kamala, Kathu, Phuket",,,condo,leasehold,,,,,,,,,6400000.0,,,,,,unknown,,0,,0,1,1,0,,,0,,,,,,"{""card_text"": ""see all kamala hills listed 3 weeks ago updated 3 weeks ago kamala, kathu, phuket ฿6,400,000 (฿55,700/sqm) 3 bedroom apartment for sale at kamala hills kamala hills is located amid the valley in the tranquil community surrounded by lush trees and beautiful nature. the residents can experience the garden view, mountain view, and pool view. it is very... details: 3 bedroom(s) 2 bathroom(s) 115 sqm p"", ""tags"": [""cam fee:฿9,500/mo"", ""updated: 3 weeks ago""], ""location_text"": ""Kamala, Kathu, Phuket"", ""url"": ""https://www.fazwaz.com/property-sales/3-bedroom-apartment-for-sale-at-kamala-hills-in-kamala-phuket-u5981731""}",2026-04-21 09:03:13.749675,2026-04-21 09:03:13.749675,1
258,fazwaz,3-bedroom-villa-for-sale-in-rawai-phuket-u6124917,https://www.fazwaz.com/property-sales/3-bedroom-villa-for-sale-in-rawai-phuket-u6124917,Renovated 3 Bedrooms 3 Bathrooms Villa 800m2 Land near Nai Harn,,,rawai,"Rawai, Phuket Town, Phuket",,,villa,freehold,,,,,,,,,24000000.0,,,,,,unknown,,0,,0,1,1,0,,,0,,,,,,"{""card_text"": ""see all renovated 3 bedrooms 3 bathrooms villa 800m2 land near nai harn listed 3 weeks ago updated 3 days ago rawai, phuket town, phuket ฿24,000,000 (฿133,000/sqm) 3 bedroom villa for sale in rawai, phuket private pool villa near nai harn beach – prime locationlarge 800 m2 land plot chanote title\nlocation highlights:\n\npeaceful area close to nai harn beach\n15–20 min walk / 3 min drive to the... det"", ""tags"": [""updated: 3 days ago""], ""location_text"": ""Rawai, Phuket Town, Phuket"", ""url"": ""https://www.fazwaz.com/property-sales/3-bedroom-villa-for-sale-in-rawai-phuket-u6124917""}",2026-04-21 09:03:13.761878,2026-04-21 09:03:13.761878,1
259,fazwaz,3-bedroom-villa-for-sale-at-trichada-breeze-in-choeng-thale-phuket-u5731160,https://www.fazwaz.com/property-sales/3-bedroom-villa-for-sale-at-trichada-breeze-in-choeng-thale-phuket-u5731160,Trichada Breeze,,,cherng-talay,"Choeng Thale, Thalang, Phuket",,,villa,unknown,,,,,,,,,26000000.0,,,,,,unknown,,0,,0,1,1,0,,,0,,,,,,"{""card_text"": ""see all trichada breeze updated 1 week ago choeng thale, thalang, phuket ฿26,000,000 (฿118,000/sqm) 3 bedroom villa for sale at trichada breeze this beautiful brand new villa the villa covers a land area of ​​430 square meters and has an interior area of ​​220 square meters ▪️ fully furnished. ▪️ open-plan living room with a large sofa and 65... details: 3 bedroom(s) 3 bathroom(s) 220 sqm property"", ""tags"": [""rent:฿180,000/mo| roi:8%"", ""cam fee:฿15,000/mo"", ""updated: 1 week ago""], ""location_text"": ""Choeng Thale, Thalang, Phuket"", ""url"": ""https://www.fazwaz.com/property-sales/3-bedroom-villa-for-sale-at-trichada-breeze-in-choeng-thale-phuket-u5731160""}",2026-04-21 09:03:13.764928,2026-04-21 09:03:13.764928,1
260,fazwaz,1-bedroom-condo-for-sale-at-citygate-in-kamala-phuket-u6121331,https://www.fazwaz.com/property-sales/1-bedroom-condo-for-sale-at-citygate-in-kamala-phuket-u6121331,CITYGATE,,,kamala,"Kamala, Kathu, Phuket",,,condo,unknown,,,,,,,,,4190000.0,,,,,,unknown,,0,,0,1,0,0,,,0,,,,,,"{""card_text"": ""see all citygate listed 3 weeks ago kamala, kathu, phuket ฿4,190,000 (฿120,000/sqm) 1 bedroom condo for sale at citygate citygate phuket open the door to a new form of relaxation with citygate phuket, a condominium that brings all living qualities together in one place. the highlight is to turn the project's space into... details: 1 bedroom(s) 1 bathroom(s) 35 sqm property type: condo beach 1.17 k"", ""tags"": [""est. rent:฿32,400/mo| roi:9%"", ""cam fee:฿2,100/mo"", ""sinking fund:฿21,000""], ""location_text"": ""Kamala, Kathu, Phuket"", ""url"": ""https://www.fazwaz.com/property-sales/1-bedroom-condo-for-sale-at-citygate-in-kamala-phuket-u6121331""}",2026-04-21 09:03:13.764928,2026-04-21 09:03:13.764928,1
261,fazwaz,1-bedroom-condo-for-sale-at-the-title-v-in-rawai-phuket-u5973323,https://www.fazwaz.com/property-sales/1-bedroom-condo-for-sale-at-the-title-v-in-rawai-phuket-u5973323,The Title V,,,rawai,"Rawai, Phuket Town, Phuket",,,condo,leasehold,,,,,,,,,4700000.0,,,,,,unknown,,0,,0,1,1,0,,,0,,,,,,"{""card_text"": ""see all the title v updated 3 days ago rawai, phuket town, phuket ฿4,700,000 ฿5,300,000 (฿115,000/sqm) 1 bedroom condo for sale at the title v one-bedroom apartments in phase 5 of the title v are for sale.the third floor offers stunning views of the pool and mountains.\nthe apartment is furnished primarily with ikea/index furniture, which was... details: 1 bedroom(s) 1 bathroom(s) 41 sqm property t"", ""tags"": [""rent:฿37,000/mo| roi:9%"", ""cam fee:฿2,255/mo"", ""sinking fund:฿24,600"", ""updated: 3 days ago""], ""location_text"": ""Rawai, Phuket Town, Phuket"", ""url"": ""https://www.fazwaz.com/property-sales/1-bedroom-condo-for-sale-at-the-title-v-in-rawai-phuket-u5973323""}",2026-04-21 09:03:13.764928,2026-04-21 09:03:13.764928,1
262,fazwaz,1-bedroom-condo-for-sale-at-phyll-phuket-by-central-pattana-in-wichit-phuket-u1853196,https://www.fazwaz.com/property-sales/1-bedroom-condo-for-sale-at-phyll-phuket-by-central-pattana-in-wichit-phuket-u1853196,Phyll Phuket by Central Pattana,,,phuket-town,"Wichit, Phuket Town, Phuket",,,condo,unknown,,,1.0,1.0,55.0,,,,4750000.0,86363.64,,,,,short_term,,0,,0,1,1,0,,,0,,,,,,"{""card_text"": ""see all phyll phuket by central pattana updated 2 hours ago wichit, phuket town, phuket ฿4,750,000 (฿142,000/sqm) 1 bedroom condo for sale at phyll phuket by central pattana available now for short-term and long-term rental\n \ndetails:\n\n1 bedroom, 1 bathroom\n33.55 sqm\n7th floor\ncentral garden view\nfully furnished, ready to move in\ninternet+wifi\nappliances: air conditi... details: 1 bedroom(s) 1 bat"", ""tags"": [""rent:฿28,000/mo| roi:7%"", ""updated: 2 hours ago""], ""location_text"": ""Wichit, Phuket Town, Phuket"", ""url"": ""https://www.fazwaz.com/property-sales/1-bedroom-condo-for-sale-at-phyll-phuket-by-central-pattana-in-wichit-phuket-u1853196""}",2026-04-21 09:03:13.772607,2026-04-21 09:03:13.772607,1
263,fazwaz,2-bedroom-condo-for-sale-at-katabello-in-karon-phuket-u6189074,https://www.fazwaz.com/property-sales/2-bedroom-condo-for-sale-at-katabello-in-karon-phuket-u6189074,Katabello,,,karon,"Karon, Phuket Town, Phuket",,,condo,leasehold,,,,,,,,,12900000.0,,,,,,unknown,,0,,0,0,0,0,,,1,,,,,,"{""card_text"": ""see all katabello listed 1 week ago updated 6 days ago karon, phuket town, phuket ฿12,900,000 (฿145,000/sqm) 2 bedroom condo for sale at katabello welcome to the katabello\nstep through the memorable entrance to your home, showcasing timeless mediterranean elegance. lets you enjoy sunbathing at the beach and create unique moments of fun with your... details: 2 bedroom(s) 2 bathroom(s) 89 sqm proper"", ""tags"": [""cam fee:฿7,120/mo"", ""sinking fund:฿71,200"", ""updated: 6 days ago""], ""location_text"": ""Karon, Phuket Town, Phuket"", ""url"": ""https://www.fazwaz.com/property-sales/2-bedroom-condo-for-sale-at-katabello-in-karon-phuket-u6189074""}",2026-04-21 09:03:13.772607,2026-04-21 09:03:13.772607,1
264,fazwaz,1-bedroom-condo-for-sale-at-the-title-rawai-phase-1-2-in-rawai-phuket-u1894801,https://www.fazwaz.com/property-sales/1-bedroom-condo-for-sale-at-the-title-rawai-phase-1-2-in-rawai-phuket-u1894801,The Title Rawai Phase 1-2,,,rawai,"Rawai, Phuket Town, Phuket",,,condo,unknown,,,,,,,,,4200000.0,,,,,,unknown,,0,,0,0,1,0,,,0,,,,,,"{""card_text"": ""see all the title rawai phase 1-2 updated 3 weeks ago rawai, phuket town, phuket ฿4,200,000 (฿96,600/sqm) 1 bedroom condo for sale at the title rawai phase 1-2 the title condominium, a condominium project under the concept 'condominium for tourism,' attempting to give you the best vacation. with a short walk to rawai beach and a large green area of over 8,00... details: 1 bedroom(s) 1 bathroom(s) "", ""tags"": [""rent:฿35,000/mo| roi:10%"", ""cam fee:฿1,523/mo"", ""updated: 3 weeks ago""], ""location_text"": ""Rawai, Phuket Town, Phuket"", ""url"": ""https://www.fazwaz.com/property-sales/1-bedroom-condo-for-sale-at-the-title-rawai-phase-1-2-in-rawai-phuket-u1894801""}",2026-04-21 09:03:13.772607,2026-04-21 09:03:13.772607,1
265,fazwaz,2-bedroom-condo-for-sale-at-the-title-rawai-phase-1-2-in-rawai-phuket-u5341221,https://www.fazwaz.com/property-sales/2-bedroom-condo-for-sale-at-the-title-rawai-phase-1-2-in-rawai-phuket-u5341221,The Title Rawai Phase 1-2,,,rawai,"Rawai, Phuket Town, Phuket",,,condo,unknown,,,,,,,,,6100000.0,,,,,,unknown,,0,,0,0,0,0,,,0,,,,,,"{""card_text"": ""see all the title rawai phase 1-2 updated 5 days ago rawai, phuket town, phuket ฿6,100,000 ฿7,500,000 (฿95,800/sqm) 2 bedroom condo for sale at the title rawai phase 1-2 located in the heart of rawai, this fully furnished 2-bedroom, 1.5-bathroom condo offers a comfortable and stylish living space just a short walk from rawai beach. situated in the title rawai phase 1-... details: 2 bedroom(s) 1.5 "", ""tags"": [""est. rent:฿41,200/mo| roi:8%"", ""cam fee:฿2,228/mo"", ""updated: 5 days ago""], ""location_text"": ""Rawai, Phuket Town, Phuket"", ""url"": ""https://www.fazwaz.com/property-sales/2-bedroom-condo-for-sale-at-the-title-rawai-phase-1-2-in-rawai-phuket-u5341221""}",2026-04-21 09:03:13.772607,2026-04-21 09:03:13.772607,1
266,fazwaz,4-bedroom-villa-for-sale-in-rawai-phuket-u5899029,https://www.fazwaz.com/property-sales/4-bedroom-villa-for-sale-in-rawai-phuket-u5899029,Brand New 4 bed 4 bath Pool Villa 3 mins to Rawai Beach,,,rawai,"Rawai, Phuket Town, Phuket",,,villa,unknown,,,,,,,,,18900000.0,,,,,,unknown,,0,,0,1,1,0,,,1,,,,,,"{""card_text"": ""see all brand new 4 bed 4 bath pool villa 3 mins to rawai beach listed 3 weeks ago rawai, phuket town, phuket ฿18,900,000 ฿21,900,000 (฿75,600/sqm) 4 bedroom villa for sale in rawai, phuket brand new luxury pool villa with 514 m2 land. \ngreat location: soi namjai, a top residential area just 3 mins to rawai beach.\nbuilt by a professional developer.\ndouble walls.\ncovered parking for... details: 4 b"", ""tags"": [], ""location_text"": ""Rawai, Phuket Town, Phuket"", ""url"": ""https://www.fazwaz.com/property-sales/4-bedroom-villa-for-sale-in-rawai-phuket-u5899029""}",2026-04-21 09:03:13.780601,2026-04-21 09:03:13.780601,1
267,fazwaz,studio-condo-for-sale-at-the-base-bukit-in-wichit-phuket-u6149678,https://www.fazwaz.com/property-sales/studio-condo-for-sale-at-the-base-bukit-in-wichit-phuket-u6149678,THE BASE Bukit,,,phuket-town,"Wichit, Phuket Town, Phuket",,,condo,unknown,,,,,,,,,2700000.0,,,,,,unknown,,0,,0,0,1,0,,,0,,,,,,"{""card_text"": ""see all the base bukit listed 2 weeks ago updated 6 days ago wichit, phuket town, phuket ฿2,700,000 (฿105,000/sqm) studio condo for sale at the base bukit details: studio 1 bathroom(s) 25.60 sqm property type: condo thai quota year built 2025 low rise floor 5 city view garden view garden access private garden terrace rent: ฿18,000/mo | roi: 8% updated: 6 days ago request details schedule viewing"", ""tags"": [""rent:฿18,000/mo| roi:8%"", ""updated: 6 days ago""], ""location_text"": ""Wichit, Phuket Town, Phuket"", ""url"": ""https://www.fazwaz.com/property-sales/studio-condo-for-sale-at-the-base-bukit-in-wichit-phuket-u6149678""}",2026-04-21 09:03:13.783272,2026-04-21 09:03:13.783272,1
268,fazwaz,3-bedroom-penthouse-for-sale-at-nakalay-palm-in-kamala-phuket-u5822294,https://www.fazwaz.com/property-sales/3-bedroom-penthouse-for-sale-at-nakalay-palm-in-kamala-phuket-u5822294,Nakalay Palm,,,kamala,"Kamala, Kathu, Phuket",,,house,unknown,,,,,,,,,26000000.0,,,,,,unknown,,0,,0,0,0,0,,,0,,,,,,"{""card_text"": ""see all nakalay palm updated 1 week ago kamala, kathu, phuket ฿26,000,000 (฿92,900/sqm) 3 bedroom penthouse for sale at nakalay palm amazing opportunity to own a piece of paradise! brand new renovation, only the best materials used. condo was completely gutted and everything is brand new! starting with all new tile thru out. the fl... details: 3 bedroom(s) 2.5 bathroom(s) 280 sqm property type: pe"", ""tags"": [""rent:฿200,000/mo| roi:9%"", ""cam fee:฿16,800/mo"", ""updated: 1 week ago""], ""location_text"": ""Kamala, Kathu, Phuket"", ""url"": ""https://www.fazwaz.com/property-sales/3-bedroom-penthouse-for-sale-at-nakalay-palm-in-kamala-phuket-u5822294""}",2026-04-21 09:03:13.783272,2026-04-21 09:03:13.783272,1
269,fazwaz,1-bedroom-condo-for-sale-at-the-beachfront-in-rawai-phuket-u1992971,https://www.fazwaz.com/property-sales/1-bedroom-condo-for-sale-at-the-beachfront-in-rawai-phuket-u1992971,The Beachfront,,,rawai,"Rawai, Phuket Town, Phuket",,,condo,unknown,,,,,,,,,6890000.0,,,,,,unknown,,0,,0,0,0,0,,,0,,,,,,"{""card_text"": ""see all the beachfront updated 2 months ago rawai, phuket town, phuket ฿6,890,000 (฿130,000/sqm) 1 bedroom condo for sale at the beachfront experience the best of phuket’s coastal lifestyle in this fully renovated condo, perfectly situated between chalong bay pier and rawai beach. enjoy a partial sea view from your private balcony,... details: 1 bedroom(s) 1 bathroom(s) 53 sqm property type: condo"", ""tags"": [""rent:฿65,000/mo| roi:11%"", ""cam fee:฿2,915/mo"", ""updated: 2 months ago""], ""location_text"": ""Rawai, Phuket Town, Phuket"", ""url"": ""https://www.fazwaz.com/property-sales/1-bedroom-condo-for-sale-at-the-beachfront-in-rawai-phuket-u1992971""}",2026-04-21 09:03:13.783272,2026-04-21 09:03:13.783272,1
270,fazwaz,2-bedroom-condo-for-sale-at-the-marin-phuket-in-kamala-phuket-u1658998,https://www.fazwaz.com/property-sales/2-bedroom-condo-for-sale-at-the-marin-phuket-in-kamala-phuket-u1658998,The Marin Phuket,,,kamala,"Kamala, Kathu, Phuket",,,condo,unknown,,,,,,,,,12250000.0,,,,,,unknown,,0,,0,1,1,0,,,0,,,,,,"{""card_text"": ""see all the marin phuket updated 2 months ago kamala, kathu, phuket ฿12,250,000 (฿170,000/sqm) 2 bedroom condo for sale at the marin phuket the marin phuketget away from the chaos to tranquil nature and complete privacy at the marin phuket, the luxurious modern condominium resort embraced by nature in kamala, phuket. the province, one of... details: 2 bedroom(s) 2 bathroom(s) 72 sqm property type:"", ""tags"": [""cam fee:฿4,320/mo"", ""sinking fund:฿43,200"", ""updated: 2 months ago""], ""location_text"": ""Kamala, Kathu, Phuket"", ""url"": ""https://www.fazwaz.com/property-sales/2-bedroom-condo-for-sale-at-the-marin-phuket-in-kamala-phuket-u1658998""}",2026-04-21 09:03:13.783272,2026-04-21 09:03:13.783272,1
271,fazwaz,2-bedroom-condo-for-sale-at-the-title-legendary-bang-tao-in-choeng-thale-phuket-u1714098,https://www.fazwaz.com/property-sales/2-bedroom-condo-for-sale-at-the-title-legendary-bang-tao-in-choeng-thale-phuket-u1714098,The Title Legendary-Bang Tao,,,cherng-talay,"Choeng Thale, Thalang, Phuket",,,condo,unknown,,,2.0,,,,,,11500000.0,,,,,,unknown,,0,,0,1,1,0,,,0,,,,,,"{""card_text"": ""see all the title legendary-bang tao updated 1 month ago choeng thale, thalang, phuket ฿11,500,000 ฿13,000,000 (฿131,000/sqm) 2 bedroom condo for sale at the title legendary-bang tao 2 bedroom condo contract resale. installments available until the end of construction details: 2 bedroom(s) 2 bathroom(s) 88 sqm property type: condo beach 2.92 km foreign quota year built 2025 low rise floor 2 mounta"", ""tags"": [""rent:฿70,000/mo| roi:7%"", ""cam fee:฿6,600/mo"", ""sinking fund:฿61,600"", ""updated: 1 month ago""], ""location_text"": ""Choeng Thale, Thalang, Phuket"", ""url"": ""https://www.fazwaz.com/property-sales/2-bedroom-condo-for-sale-at-the-title-legendary-bang-tao-in-choeng-thale-phuket-u1714098""}",2026-04-21 09:03:19.282804,2026-04-21 09:03:19.282804,1
272,fazwaz,studio-condo-for-sale-at-aristo-1-in-choeng-thale-phuket-u402895,https://www.fazwaz.com/property-sales/studio-condo-for-sale-at-aristo-1-in-choeng-thale-phuket-u402895,Aristo 1,,,cherng-talay,"Choeng Thale, Thalang, Phuket",,,condo,unknown,,,,,,,,,3099000.0,,,,,,unknown,,0,,0,0,0,0,,,0,,,,,,"{""card_text"": ""see all aristo 1 updated 2 months ago great price choeng thale, thalang, phuket ฿3,099,000 ฿3,780,000 (฿111,000/sqm) studio condo for sale at aristo 1 looking to sell unit *reduced from 3,780,000 thb* open to offers.the nicely set-up condo accommodates your everyday holiday with 3 different swimming pools (1 roof and 2 on sides), plus the best rooft... details: studio 1 bathroom(s) 28 sqm property"", ""tags"": [""est. rent:฿24,300/mo| roi:9%"", ""cam fee:฿1,680/mo"", ""updated: 2 months ago""], ""location_text"": ""Choeng Thale, Thalang, Phuket"", ""url"": ""https://www.fazwaz.com/property-sales/studio-condo-for-sale-at-aristo-1-in-choeng-thale-phuket-u402895""}",2026-04-21 09:03:19.282804,2026-04-21 09:03:19.282804,1
273,fazwaz,2-bedroom-condo-for-sale-at-allamanda-laguna-in-choeng-thale-phuket-u2003718,https://www.fazwaz.com/property-sales/2-bedroom-condo-for-sale-at-allamanda-laguna-in-choeng-thale-phuket-u2003718,Allamanda Laguna,,,cherng-talay,"Choeng Thale, Thalang, Phuket",,,condo,unknown,,,,,,,,,28500000.0,,,,,,unknown,,0,,0,0,0,0,,,0,,,,,,"{""card_text"": ""see all allamanda laguna updated 3 days ago choeng thale, thalang, phuket ฿28,500,000 (฿204,000/sqm) 2 bedroom condo for sale at allamanda laguna allamanda laguna, a luxury apartment in european design located by a lake in laguna's heart with a stunning view of the golf course. the project has an incredibly quiet atmosphere surrounded by nature... details: 2 bedroom(s) 2 bathroom(s) 140 sqm proper"", ""tags"": [""rent:฿150,000/mo| roi:6%"", ""updated: 3 days ago""], ""location_text"": ""Choeng Thale, Thalang, Phuket"", ""url"": ""https://www.fazwaz.com/property-sales/2-bedroom-condo-for-sale-at-allamanda-laguna-in-choeng-thale-phuket-u2003718""}",2026-04-21 09:03:19.282804,2026-04-21 09:03:19.282804,1
274,fazwaz,3-bedroom-house-for-sale-at-pruksa-ville-thalang-thepkasattri-in-thep-krasattri-phuket-u6183280,https://www.fazwaz.com/property-sales/3-bedroom-house-for-sale-at-pruksa-ville-thalang-thepkasattri-in-thep-krasattri-phuket-u6183280,Pruksa Ville Thalang-Thepkasattri,,,thalang,"Thep Krasattri, Thalang, Phuket",,,house,unknown,,,3.0,2.0,2.0,,,,3450000.0,1725000.0,,,,,unknown,,0,,0,0,0,0,,,1,,,,,,"{""card_text"": ""see all pruksa ville thalang-thepkasattri listed 1 week ago updated 1 week ago thep krasattri, thalang, phuket ฿3,450,000 (฿33,800/sqm) 3 bedroom house for sale at pruksa ville thalang-thepkasattri 🏡 house for sale at pruksa ville (phru somphan), thepkrasattri, thalang, phuket\n \n📐 land size: 101.2 sq.m.🛏️ 3 bedrooms🛁 2 bathrooms\n🌟 features included:\n\nbuilt-in furniture in every room\next... details"", ""tags"": [""est. rent:฿30,100/mo| roi:10%"", ""updated: 1 week ago""], ""location_text"": ""Thep Krasattri, Thalang, Phuket"", ""url"": ""https://www.fazwaz.com/property-sales/3-bedroom-house-for-sale-at-pruksa-ville-thalang-thepkasattri-in-thep-krasattri-phuket-u6183280""}",2026-04-21 09:03:19.282804,2026-04-21 09:03:19.282804,1
275,fazwaz,studio-condo-for-sale-at-the-bell-condominium-in-chalong-phuket-u1968984,https://www.fazwaz.com/property-sales/studio-condo-for-sale-at-the-bell-condominium-in-chalong-phuket-u1968984,The Bell Condominium,,,chalong,"Chalong, Phuket Town, Phuket",,,villa,unknown,,,,,,,,,1940000.0,,,,,,unknown,,0,,0,1,0,0,,,0,,,,,,"{""card_text"": ""see all the bell condominium updated 4 days ago chalong, phuket town, phuket ฿1,940,000 ฿2,100,000 (฿60,600/sqm) studio condo for sale at the bell condominium modern, fully-equipped and completely renovated in 2023, this studio is located in the south of chalong 500 meters from villa market. it includes a cosy living room, an open-plan fitted kitchen, and a... details: studio 1 bathroom(s) 32 sqm "", ""tags"": [""est. rent:฿14,400/mo| roi:9%"", ""cam fee:฿1,440/mo"", ""updated: 4 days ago""], ""location_text"": ""Chalong, Phuket Town, Phuket"", ""url"": ""https://www.fazwaz.com/property-sales/studio-condo-for-sale-at-the-bell-condominium-in-chalong-phuket-u1968984""}",2026-04-21 09:03:19.296451,2026-04-21 09:03:19.296451,1
276,fazwaz,3-bedroom-villa-for-sale-in-si-sunthon-phuket-u6116996,https://www.fazwaz.com/property-sales/3-bedroom-villa-for-sale-in-si-sunthon-phuket-u6116996,3 Bedrooms Modern Luxury Villa with Solar System,,,layan,"Si Sunthon, Thalang, Phuket",,,villa,unknown,,,,,,,,,28800000.0,,,,,,unknown,,0,,0,1,1,0,,,0,,,,,,"{""card_text"": ""see all 3 bedrooms modern luxury villa with solar system listed 3 weeks ago si sunthon, thalang, phuket ฿28,800,000 (฿111,000/sqm) 3 bedroom villa for sale in si sunthon, phuket 3-bedroom modern luxury villa with solar system for sale in pasak\n \nthis nearly completed modern villa is located in the highly desirable pasak area of choeng thale, offering a perfect... details: 3 bedroom(s) 3 bathroom(s"", ""tags"": [], ""location_text"": ""Si Sunthon, Thalang, Phuket"", ""url"": ""https://www.fazwaz.com/property-sales/3-bedroom-villa-for-sale-in-si-sunthon-phuket-u6116996""}",2026-04-21 09:03:19.296451,2026-04-21 09:03:19.296451,1
277,fazwaz,1-bedroom-condo-for-sale-at-cassia-phuket-in-choeng-thale-phuket-u1660394,https://www.fazwaz.com/property-sales/1-bedroom-condo-for-sale-at-cassia-phuket-in-choeng-thale-phuket-u1660394,Cassia Phuket,,,cherng-talay,"Choeng Thale, Thalang, Phuket",,,condo,leasehold,,,,,,,,,3500000.0,,,,,,unknown,,0,,0,1,0,0,,,0,,,,,,"{""card_text"": ""see all cassia phuket 5% guar. return for 3 years updated 2 weeks ago choeng thale, thalang, phuket ฿3,500,000 ฿3,900,000 (฿87,500/sqm) 1 bedroom condo for sale at cassia phuket one bedroom apartment with rental program and good return is available for sale. cassia hotel situated in a prime area of phuket ' cheung talay', only 35 minutes away from phuket international airport... details: 1 bedroom"", ""tags"": [""cam fee:฿75/mo"", ""updated: 2 weeks ago""], ""location_text"": ""Choeng Thale, Thalang, Phuket"", ""url"": ""https://www.fazwaz.com/property-sales/1-bedroom-condo-for-sale-at-cassia-phuket-in-choeng-thale-phuket-u1660394""}",2026-04-21 09:03:19.296451,2026-04-21 09:03:19.296451,1
278,fazwaz,4-bedroom-villa-for-sale-at-sai-taan-villas-in-choeng-thale-phuket-u1732492,https://www.fazwaz.com/property-sales/4-bedroom-villa-for-sale-at-sai-taan-villas-in-choeng-thale-phuket-u1732492,Sai Taan Villas,,,cherng-talay,"Choeng Thale, Thalang, Phuket",,,villa,unknown,,,,,,,,,85000000.0,,,,,,unknown,,0,,0,1,1,0,,,0,,,,,,"{""card_text"": ""see all sai taan villas updated 2 weeks ago choeng thale, thalang, phuket ฿85,000,000 (฿198,000/sqm) 4 bedroom villa for sale at sai taan villas a premium class villa is offered for sale in phuket after a deep renovation. 1). area. the bangtao area in phuket is the most comfortable and prestigious. it is located a 20-minute drive from the airp... details: 4 bedroom(s) 5 bathroom(s) 430 sqm propert"", ""tags"": [""rent:฿500,000/mo| roi:7%"", ""cam fee:฿24,773/mo"", ""updated: 2 weeks ago""], ""location_text"": ""Choeng Thale, Thalang, Phuket"", ""url"": ""https://www.fazwaz.com/property-sales/4-bedroom-villa-for-sale-at-sai-taan-villas-in-choeng-thale-phuket-u1732492""}",2026-04-21 09:03:19.296451,2026-04-21 09:03:19.296451,1
279,fazwaz,4-bedroom-house-for-sale-at-the-plant-thepkrasatti-thalang-in-thep-krasattri-phuket-u6030151,https://www.fazwaz.com/property-sales/4-bedroom-house-for-sale-at-the-plant-thepkrasatti-thalang-in-thep-krasattri-phuket-u6030151,The Plant Thepkrasatti-Thalang,,,thalang,"Thep Krasattri, Thalang, Phuket",,,house,unknown,,,,,,,,,6900000.0,,,,,,unknown,,0,,0,1,1,0,,,0,,,,,,"{""card_text"": ""see all the plant thepkrasatti-thalang updated 2 weeks ago thep krasattri, thalang, phuket ฿6,900,000 (฿42,600/sqm) 4 bedroom house for sale at the plant thepkrasatti-thalang the plant thepkasattri thalang by pruksa real estate\ndiscover the ariel house type at the plant thepkasattri-thalang, a well designed residential community developed by pruksa real estate. located in... details: 4 bedroom(s) "", ""tags"": [""rent:฿65,000/mo| roi:11%"", ""updated: 2 weeks ago""], ""location_text"": ""Thep Krasattri, Thalang, Phuket"", ""url"": ""https://www.fazwaz.com/property-sales/4-bedroom-house-for-sale-at-the-plant-thepkrasatti-thalang-in-thep-krasattri-phuket-u6030151""}",2026-04-21 09:03:19.296451,2026-04-21 09:03:19.296451,1
280,fazwaz,1-bedroom-condo-for-sale-at-laguna-beachside-in-choeng-thale-phuket-u2009849,https://www.fazwaz.com/property-sales/1-bedroom-condo-for-sale-at-laguna-beachside-in-choeng-thale-phuket-u2009849,Laguna Beachside,,,cherng-talay,"Choeng Thale, Thalang, Phuket",,,condo,unknown,,,,,,,,,15900000.0,,,,,,long_term,,0,,0,0,0,0,,,0,,,,,,"{""card_text"": ""see all laguna beachside updated 1 month ago choeng thale, thalang, phuket ฿15,900,000 (฿269,000/sqm) 1 bedroom condo for sale at laguna beachside relax and unwind in our spacious 1-bedroom apartments, just 200m from one of the best beaches! perfect for long-term stays, our apartments offer everything you need for a comfortable and memorable exp... details: 1 bedroom(s) 1 bathroom(s) 59 sqm proper"", ""tags"": [""rent:฿80,000/mo| roi:6%"", ""cam fee:฿50/mo"", ""sinking fund:฿5,900"", ""updated: 1 month ago""], ""location_text"": ""Choeng Thale, Thalang, Phuket"", ""url"": ""https://www.fazwaz.com/property-sales/1-bedroom-condo-for-sale-at-laguna-beachside-in-choeng-thale-phuket-u2009849""}",2026-04-21 09:03:19.296451,2026-04-21 09:03:19.296451,1
281,fazwaz,3-bedroom-villa-for-sale-at-the-menara-hills-in-si-sunthon-phuket-u1731252,https://www.fazwaz.com/property-sales/3-bedroom-villa-for-sale-at-the-menara-hills-in-si-sunthon-phuket-u1731252,The Menara Hills,,,layan,"Si Sunthon, Thalang, Phuket",,,villa,unknown,,,3.0,,,,,,25000000.0,,,,,,unknown,,0,,0,1,1,0,,,0,,,,,,"{""card_text"": ""see all the menara hills updated 2 weeks ago si sunthon, thalang, phuket ฿25,000,000 ฿26,000,000 (฿62,000/sqm) 3 bedroom villa for sale at the menara hills 3 bedrooms villa for sale at menara hills details: 3 bedroom(s) 4 bathroom(s) 403 sqm property type: villa year built 2025 pool view garden view private pool private garden terrace pets\n                    : cats and dogs (all sizes) rent: ฿165"", ""tags"": [""rent:฿165,000/mo| roi:8%"", ""cam fee:฿12,210/mo"", ""sinking fund:฿100,000"", ""updated: 2 weeks ago""], ""location_text"": ""Si Sunthon, Thalang, Phuket"", ""url"": ""https://www.fazwaz.com/property-sales/3-bedroom-villa-for-sale-at-the-menara-hills-in-si-sunthon-phuket-u1731252""}",2026-04-21 09:03:19.296451,2026-04-21 09:03:19.296451,1
282,fazwaz,2-bedroom-condo-for-sale-at-bel-air-panwa-in-wichit-phuket-u5781410,https://www.fazwaz.com/property-sales/2-bedroom-condo-for-sale-at-bel-air-panwa-in-wichit-phuket-u5781410,Bel Air Panwa,,,phuket-town,"Wichit, Phuket Town, Phuket",,,land,unknown,,,,,,,,,4500000.0,,,,,,unknown,,0,,0,0,1,0,,,0,,,,,,"{""card_text"": ""see all bel air panwa updated 2 weeks ago wichit, phuket town, phuket ฿4,500,000 (฿32,100/sqm) 2 bedroom condo for sale at bel air panwa bel air panwa, a modern condominium located in the best location of phuket island and surrounded by a private atmosphere. the project design presents a perfect combination of contemporary art to eco-f... details: 2 bedroom(s) 2 bathroom(s) 140 sqm property type: "", ""tags"": [""rent:฿35,000/mo| roi:9%"", ""cam fee:฿7,000/mo"", ""updated: 2 weeks ago""], ""location_text"": ""Wichit, Phuket Town, Phuket"", ""url"": ""https://www.fazwaz.com/property-sales/2-bedroom-condo-for-sale-at-bel-air-panwa-in-wichit-phuket-u5781410""}",2026-04-21 09:03:19.312088,2026-04-21 09:03:19.312088,1
283,fazwaz,1-bedroom-condo-for-sale-at-777-beach-condo-in-mai-khao-phuket-u6090566,https://www.fazwaz.com/property-sales/1-bedroom-condo-for-sale-at-777-beach-condo-in-mai-khao-phuket-u6090566,777 Beach Condo,,,mai-khao,"Mai Khao, Thalang, Phuket",,,condo,unknown,,,,,,,,,642000.0,,,,,,unknown,,0,,0,1,0,1,,,0,,,,,,"{""card_text"": ""see all 777 beach condo updated 1 month ago mai khao, thalang, phuket ฿642,000 (฿25,700/sqm) 1 bedroom condo for sale at 777 beach condo 777 beach condo, a modern condominium providing great conveniences for residents with a full range of facilities such as a large swimming pool, fitness center, spa, restaurants, shops, tennis courts,... details: 1 bedroom(s) 1 bathroom(s) 25 sqm property type: co"", ""tags"": [""est. rent:฿3,950/mo| roi:7%"", ""cam fee:฿48,200/mo"", ""sinking fund:฿482,000"", ""updated: 1 month ago""], ""location_text"": ""Mai Khao, Thalang, Phuket"", ""url"": ""https://www.fazwaz.com/property-sales/1-bedroom-condo-for-sale-at-777-beach-condo-in-mai-khao-phuket-u6090566""}",2026-04-21 09:03:19.312088,2026-04-21 09:03:19.312088,1
284,fazwaz,studio-condo-for-sale-at-kora-beach-resort-phuket-in-choeng-thale-phuket-u6089094,https://www.fazwaz.com/property-sales/studio-condo-for-sale-at-kora-beach-resort-phuket-in-choeng-thale-phuket-u6089094,Kora Beach Resort Phuket,,,cherng-talay,"Choeng Thale, Thalang, Phuket",,,condo,leasehold,,,,,35.0,,,,6400000.0,182857.14,,,,,unknown,,0,,0,1,0,0,,,0,,,,,,"{""card_text"": ""see all kora beach resort phuket choeng thale, thalang, phuket ฿6,400,000 (฿183,000/sqm) studio condo for sale at kora beach resort phuket urgent resale! a fully furnished and equipped apartment on the 2nd floor with a beautiful partial sea view. total area — 35 sq.m. project - kora beach resort. details: studio 1 bathroom(s) 35 sqm property type: condo beach 0.52 km leasehold year built 2025 low "", ""tags"": [""est. rent:฿46,600/mo| roi:9%"", ""cam fee:฿2,100/mo"", ""sinking fund:฿28,000""], ""location_text"": ""Choeng Thale, Thalang, Phuket"", ""url"": ""https://www.fazwaz.com/property-sales/studio-condo-for-sale-at-kora-beach-resort-phuket-in-choeng-thale-phuket-u6089094""}",2026-04-21 09:03:19.316920,2026-04-21 09:03:19.316920,1
285,fazwaz,2-bedroom-condo-for-sale-at-the-plantation-in-kamala-phuket-u1858038,https://www.fazwaz.com/property-sales/2-bedroom-condo-for-sale-at-the-plantation-in-kamala-phuket-u1858038,The Plantation,,,kamala,"Kamala, Kathu, Phuket",,,condo,unknown,,,,,,,,,28500000.0,,,,,,unknown,,0,,0,0,0,0,,,0,,,,,,"{""card_text"": ""see all the plantation updated 1 week ago kamala, kathu, phuket ฿28,500,000 (฿119,000/sqm) 2 bedroom condo for sale at the plantation plantation kamala, one of the luxury condominiums in phuket that brings you the unrivaled beauty of the andaman coastline.\noutstanding with its location allows you to feel the rainforest’s touch... details: 2 bedroom(s) 2 bathroom(s) 239 sqm property type: condo bea"", ""tags"": [""rent:฿160,000/mo| roi:7%"", ""cam fee:฿15,774/mo"", ""updated: 1 week ago""], ""location_text"": ""Kamala, Kathu, Phuket"", ""url"": ""https://www.fazwaz.com/property-sales/2-bedroom-condo-for-sale-at-the-plantation-in-kamala-phuket-u1858038""}",2026-04-21 09:03:19.316920,2026-04-21 09:03:19.316920,1
286,fazwaz,3-bedroom-townhouse-for-sale-at-phuket-grandville-village-in-si-sunthon-phuket-u6163086,https://www.fazwaz.com/property-sales/3-bedroom-townhouse-for-sale-at-phuket-grandville-village-in-si-sunthon-phuket-u6163086,Phuket Grandville Village,,,layan,"Si Sunthon, Thalang, Phuket",,,villa,unknown,,,3.0,3.0,178.0,,,,6500000.0,36516.85,,,,,unknown,,0,,0,0,1,0,,,0,,,,,,"{""card_text"": ""see all phuket grandville village listed 2 weeks ago si sunthon, thalang, phuket ฿6,500,000 (฿36,500/sqm) 3 bedroom townhouse for sale at phuket grandville village this property is a 178 sqm townhouse with 3 bedrooms and 3 bathrooms that is available for sale. it is part of the phuket grandville village project in si sunthon, phuket. you can buy this townho... details: 3 bedroom(s) 3 bathroom(s) 1"", ""tags"": [""est. rent:฿44,300/mo| roi:8%""], ""location_text"": ""Si Sunthon, Thalang, Phuket"", ""url"": ""https://www.fazwaz.com/property-sales/3-bedroom-townhouse-for-sale-at-phuket-grandville-village-in-si-sunthon-phuket-u6163086""}",2026-04-21 09:03:19.321759,2026-04-21 09:03:19.321759,1
287,fazwaz,studio-condo-for-sale-at-the-proud-rawai-condominium-in-rawai-phuket-u1742352,https://www.fazwaz.com/property-sales/studio-condo-for-sale-at-the-proud-rawai-condominium-in-rawai-phuket-u1742352,The Proud Rawai Condominium,,,rawai,"Rawai, Phuket Town, Phuket",,,condo,leasehold,,,,,,,,,3900000.0,,,,,,unknown,,0,,0,0,0,0,,,0,,,,,,"{""card_text"": ""see all the proud rawai condominium 8% guar. return for 3 years updated 2 weeks ago rawai, phuket town, phuket ฿3,900,000 (฿118,000/sqm) studio condo for sale at the proud rawai condominium leashold (90 years): chanot recieved 2024 roi: 6,5% yearly avg. revenue details: studio 1 bathroom(s) 33 sqm property type: condo beach 0.21 km leasehold year built 2020 low rise floor 4 city view balcony moder"", ""tags"": [""cam fee:฿1,650/mo"", ""sinking fund:฿16,500"", ""updated: 2 weeks ago""], ""location_text"": ""Rawai, Phuket Town, Phuket"", ""url"": ""https://www.fazwaz.com/property-sales/studio-condo-for-sale-at-the-proud-rawai-condominium-in-rawai-phuket-u1742352""}",2026-04-21 09:03:19.321759,2026-04-21 09:03:19.321759,1
288,fazwaz,1-bedroom-apartment-for-sale-at-the-privilege-in-patong-phuket-u5350591,https://www.fazwaz.com/property-sales/1-bedroom-apartment-for-sale-at-the-privilege-in-patong-phuket-u5350591,The Privilege,,,patong,"Patong, Kathu, Phuket",,,condo,unknown,,,1.0,,,,,,7750000.0,,,,,,unknown,,0,,0,0,0,0,,,0,,,,,,"{""card_text"": ""see all the privilege updated 1 week ago patong, kathu, phuket ฿7,750,000 ฿8,500,000 (฿88,100/sqm) 1 bedroom apartment for sale at the privilege luxury 1 bedroom apartment in kalim. sweeping views over the sea and the mountains. about half way between each of patong and kamala. 10 - 15 minutes to centre of each. private jacuzzi. building has p... details: 1 bedroom(s) 1 bathroom(s) 88 sqm property"", ""tags"": [""est. rent:฿60,300/mo| roi:9%"", ""cam fee:฿5,280/mo"", ""updated: 1 week ago""], ""location_text"": ""Patong, Kathu, Phuket"", ""url"": ""https://www.fazwaz.com/property-sales/1-bedroom-apartment-for-sale-at-the-privilege-in-patong-phuket-u5350591""}",2026-04-21 09:03:19.327726,2026-04-21 09:03:19.327726,1
289,fazwaz,4-bedroom-villa-for-sale-at-anchan-mountain-breeze-in-thep-krasattri-phuket-u5904574,https://www.fazwaz.com/property-sales/4-bedroom-villa-for-sale-at-anchan-mountain-breeze-in-thep-krasattri-phuket-u5904574,Anchan Mountain Breeze,,,thalang,"Thep Krasattri, Thalang, Phuket",,,villa,unknown,,,,,,,,,32600000.0,,,,,,unknown,,0,,0,1,1,0,,,1,,,,,,"{""card_text"": ""see all anchan mountain breeze updated 1 day ago thep krasattri, thalang, phuket ฿32,600,000 ฿38,000,000 (฿65,200/sqm) 4 bedroom villa for sale at anchan mountain breeze introducing “anchan mountain breeze,” the latest addition to phuket’s luxurious pool villa scene, an upcoming project that promises the ultimate in opulence and relaxation. located... details: 4 bedroom(s) 3 bathroom(s) 500 sqm pr"", ""tags"": [""rent:฿220,000/mo| roi:8%"", ""cam fee:฿13,520/mo"", ""sinking fund:฿100,000"", ""updated: 1 day ago""], ""location_text"": ""Thep Krasattri, Thalang, Phuket"", ""url"": ""https://www.fazwaz.com/property-sales/4-bedroom-villa-for-sale-at-anchan-mountain-breeze-in-thep-krasattri-phuket-u5904574""}",2026-04-21 09:03:19.327726,2026-04-21 09:03:19.327726,1
290,fazwaz,4-bedroom-villa-for-sale-at-botanica-foresta-in-thep-krasattri-phuket-u6129804,https://www.fazwaz.com/property-sales/4-bedroom-villa-for-sale-at-botanica-foresta-in-thep-krasattri-phuket-u6129804,Botanica Foresta,,,thalang,"Thep Krasattri, Thalang, Phuket",,,villa,unknown,,,,,,,,,49000000.0,,,,,,unknown,,0,,0,1,1,0,,,0,,,,,,"{""card_text"": ""see all botanica foresta listed 3 weeks ago thep krasattri, thalang, phuket ฿49,000,000 (฿190,000/sqm) 4 bedroom villa for sale at botanica foresta this exclusive private pool villa is located in botanica foresta, a premium low-density residential community surrounded by lush forest landscapes in the prestigious bangtao area of phuket.\nset... details: 4 bedroom(s) 4.5 bathroom(s) 258 sqm property "", ""tags"": [""est. rent:฿348,000/mo| roi:9%"", ""cam fee:฿11,920/mo"", ""sinking fund:฿100,000""], ""location_text"": ""Thep Krasattri, Thalang, Phuket"", ""url"": ""https://www.fazwaz.com/property-sales/4-bedroom-villa-for-sale-at-botanica-foresta-in-thep-krasattri-phuket-u6129804""}",2026-04-21 09:03:19.327726,2026-04-21 09:03:19.327726,1
291,fazwaz,6-bedroom-villa-for-sale-in-chalong-phuket-u5564735,https://www.fazwaz.com/property-sales/6-bedroom-villa-for-sale-in-chalong-phuket-u5564735,Sea view modern villa located in Chalong Hill,,,chalong,"Chalong, Phuket Town, Phuket",,,villa,unknown,,,6.0,8.0,,,,,39000000.0,,,,,,unknown,,0,,0,1,1,1,,,0,,,,,,"{""card_text"": ""see all sea view modern villa located in chalong hill updated 6 days ago chalong, phuket town, phuket ฿39,000,000 (฿73,600/sqm) 6 bedroom villa for sale in chalong, phuket • 6 bedrooms\n• 8 bathrooms\n• gym\n• pool\n• sauna\n• outdoor and indoor jacuzzi\n• separate area for domestic staff\n• security: high-voltage top line on a 3mt high... details: 6 bedroom(s) 8 bathroom(s) 530 sqm property type: villa "", ""tags"": [""updated: 6 days ago""], ""location_text"": ""Chalong, Phuket Town, Phuket"", ""url"": ""https://www.fazwaz.com/property-sales/6-bedroom-villa-for-sale-in-chalong-phuket-u5564735""}",2026-04-21 09:03:19.327726,2026-04-21 09:03:19.327726,1
292,fazwaz,2-bedroom-condo-for-sale-at-supalai-city-resort-phuket-in-ratsada-phuket-u5350611,https://www.fazwaz.com/property-sales/2-bedroom-condo-for-sale-at-supalai-city-resort-phuket-in-ratsada-phuket-u5350611,Supalai City Resort Phuket,,,phuket-town,"Ratsada, Phuket Town, Phuket",,,condo,unknown,,,,,,,,,2499000.0,,,,,,unknown,,0,,0,0,0,0,,,0,,,,,,"{""card_text"": ""see all supalai city resort phuket updated 1 week ago ratsada, phuket town, phuket ฿2,499,000 ฿3,050,000 (฿39,800/sqm) 2 bedroom condo for sale at supalai city resort phuket move-in ready | fully furnished with quality appliances   this beautifully appointed top-floor unit is fully furnished and equipped — just bring your suitcase!   included features: &nb... details: 2 bedroom(s) 1 bathroom(s) 62"", ""tags"": [""cam fee:฿1,880/mo"", ""updated: 1 week ago""], ""location_text"": ""Ratsada, Phuket Town, Phuket"", ""url"": ""https://www.fazwaz.com/property-sales/2-bedroom-condo-for-sale-at-supalai-city-resort-phuket-in-ratsada-phuket-u5350611""}",2026-04-21 09:03:19.327726,2026-04-21 09:03:19.327726,1
293,fazwaz,4-bedroom-villa-for-sale-at-botan-village-in-kathu-phuket-u160749,https://www.fazwaz.com/property-sales/4-bedroom-villa-for-sale-at-botan-village-in-kathu-phuket-u160749,Botan Village,,,kathu,"Kathu, Kathu, Phuket",,,villa,unknown,,,,,,,,,25200000.0,,,,,,unknown,,0,,0,1,1,0,,,0,,,,,,"{""card_text"": ""see all botan village updated 2 months ago kathu, kathu, phuket ฿25,200,000 (฿63,000/sqm) 4 bedroom villa for sale at botan village modern californian style architecture. clean lines, high ceilings, all new air conditioners. infinity pool. quiet. mountain views. huge private garden for kids to run around. safe gated community with... details: 4 bedroom(s) 5 bathroom(s) 400 sqm property type: villa"", ""tags"": [""rent:฿115,000/mo| roi:5%"", ""cam fee:฿6,000/mo"", ""updated: 2 months ago""], ""location_text"": ""Kathu, Kathu, Phuket"", ""url"": ""https://www.fazwaz.com/property-sales/4-bedroom-villa-for-sale-at-botan-village-in-kathu-phuket-u160749""}",2026-04-21 09:03:19.327726,2026-04-21 09:03:19.327726,1
294,fazwaz,2-bedroom-condo-for-sale-at-the-aqua-in-choeng-thale-phuket-u5961185,https://www.fazwaz.com/property-sales/2-bedroom-condo-for-sale-at-the-aqua-in-choeng-thale-phuket-u5961185,The Aqua,,,cherng-talay,"Choeng Thale, Thalang, Phuket",,,condo,unknown,,,,,,,,,19570000.0,,,,,,unknown,,0,,0,0,0,0,,,0,,,,,,"{""card_text"": ""see all the aqua updated 6 days ago choeng thale, thalang, phuket ฿19,570,000 (฿192,000/sqm) 2 bedroom condo for sale at the aqua the design concept of the aqua aims to create a comfortable and functional living space that suits all generations. the modern and sleek style features clean lines and neutral colors that complement t... details: 2 bedroom(s) 2 bathroom(s) 102 sqm property type: condo b"", ""tags"": [""rent:฿150,000/mo| roi:9%"", ""cam fee:฿5,610/mo"", ""sinking fund:฿51,000"", ""updated: 6 days ago""], ""location_text"": ""Choeng Thale, Thalang, Phuket"", ""url"": ""https://www.fazwaz.com/property-sales/2-bedroom-condo-for-sale-at-the-aqua-in-choeng-thale-phuket-u5961185""}",2026-04-21 09:03:19.327726,2026-04-21 09:03:19.327726,1
295,fazwaz,3-bedroom-villa-for-sale-at-mono-luxury-villa-pasak-in-si-sunthon-phuket-u5806766,https://www.fazwaz.com/property-sales/3-bedroom-villa-for-sale-at-mono-luxury-villa-pasak-in-si-sunthon-phuket-u5806766,Mono Luxury Villa Pasak,,,layan,"Si Sunthon, Thalang, Phuket",,,villa,unknown,,,,,,,,,15500000.0,,,,,,unknown,,0,,0,1,1,0,,,0,,,,,,"{""card_text"": ""see all mono luxury villa pasak 5% guar. return for 5 years updated 1 day ago si sunthon, thalang, phuket ฿15,500,000 (฿103,000/sqm) 3 bedroom villa for sale at mono luxury villa pasak mono luxury villa pasak, a luxurious villa with a private pool in asian fusion design and decoration, represents asian charm and uniqueness in a perfect blend of living with nature. the project is loc... details: 3 "", ""tags"": [""cam fee:฿3,105/mo"", ""sinking fund:฿31,050"", ""updated: 1 day ago""], ""location_text"": ""Si Sunthon, Thalang, Phuket"", ""url"": ""https://www.fazwaz.com/property-sales/3-bedroom-villa-for-sale-at-mono-luxury-villa-pasak-in-si-sunthon-phuket-u5806766""}",2026-04-21 09:03:19.327726,2026-04-21 09:03:19.327726,1
296,fazwaz,3-bedroom-villa-for-sale-in-choeng-thale-phuket-u5360893,https://www.fazwaz.com/property-sales/3-bedroom-villa-for-sale-in-choeng-thale-phuket-u5360893,3 Bedrooms Villa for Rent and Sale,,,cherng-talay,"Choeng Thale, Thalang, Phuket",,,villa,unknown,,,3.0,4.0,300.0,,,,21000000.0,70000.0,,,,,unknown,,0,,0,1,0,0,,,0,,,,,,"{""card_text"": ""see all 3 bedrooms villa for rent and sale updated 20 hours ago choeng thale, thalang, phuket ฿21,000,000 (฿70,000/sqm) 3 bedroom villa for sale in choeng thale, phuket this property is a 300 sqm villa with 3 bedrooms and 4 bathrooms that is available for sale. it is located in choeng thale, phuket and was completed in jul 2020. you can buy this villa&... details: 3 bedroom(s) 4 bathroom(s) 300 sq"", ""tags"": [""updated: 20 hours ago""], ""location_text"": ""Choeng Thale, Thalang, Phuket"", ""url"": ""https://www.fazwaz.com/property-sales/3-bedroom-villa-for-sale-in-choeng-thale-phuket-u5360893""}",2026-04-21 09:03:19.343461,2026-04-21 09:03:19.343461,1
297,fazwaz,4-bedroom-villa-for-sale-in-rawai-phuket-u6121123,https://www.fazwaz.com/property-sales/4-bedroom-villa-for-sale-in-rawai-phuket-u6121123,Luxury pool villa near a leading wellness destination,,,rawai,"Rawai, Phuket Town, Phuket",,,villa,unknown,,,,,,,,,23900000.0,,,,,,unknown,,0,,0,1,1,0,,,1,,,,,,"{""card_text"": ""see all luxury pool villa near a leading wellness destination listed 3 weeks ago rawai, phuket town, phuket ฿23,900,000 (฿72,400/sqm) 4 bedroom villa for sale in rawai, phuket 𝐄𝐋𝐋𝐀 𝐍𝐀𝐕𝐀 𝐕𝐈𝐋𝐋𝐀𝐒\nwhere sea, mountains, and distinctive design become one.\na bold architectural statement in the heart of rawai.\ncrafted with symmetry, elegance, and refined detail — this exclusi... details: 4 bedroom(s) 5 ba"", ""tags"": [], ""location_text"": ""Rawai, Phuket Town, Phuket"", ""url"": ""https://www.fazwaz.com/property-sales/4-bedroom-villa-for-sale-in-rawai-phuket-u6121123""}",2026-04-21 09:03:19.343461,2026-04-21 09:03:19.343461,1
298,fazwaz,1-bedroom-condo-for-sale-at-the-unity-patong-in-patong-phuket-u6071244,https://www.fazwaz.com/property-sales/1-bedroom-condo-for-sale-at-the-unity-patong-in-patong-phuket-u6071244,The Unity Patong,,,patong,"Patong, Kathu, Phuket",,,condo,unknown,,,,,,,,,4200000.0,,,,,,unknown,,0,,0,0,1,0,,,0,,,,,,"{""card_text"": ""see all the unity patong updated 3 weeks ago patong, kathu, phuket ฿4,200,000 ฿4,300,000 (฿97,300/sqm) 1 bedroom condo for sale at the unity patong discover this well-appointed 1-bedroom condo for sale in patong, phuket, located within the popular the unity patong residence. positioned just minutes from patong beach, this unit offers an ideal com... details: 1 bedroom(s) 1 bathroom(s) 43.19 sqm pr"", ""tags"": [""est. rent:฿27,900/mo| roi:8%"", ""cam fee:฿3,023/mo"", ""sinking fund:฿23,755"", ""updated: 3 weeks ago""], ""location_text"": ""Patong, Kathu, Phuket"", ""url"": ""https://www.fazwaz.com/property-sales/1-bedroom-condo-for-sale-at-the-unity-patong-in-patong-phuket-u6071244""}",2026-04-21 09:03:19.343461,2026-04-21 09:03:19.343461,1
299,fazwaz,2-bedroom-house-for-sale-in-sakhu-phuket-u1852886,https://www.fazwaz.com/property-sales/2-bedroom-house-for-sale-in-sakhu-phuket-u1852886,Detached House for Sale near Naithon Beach,,,mai-khao,"Sakhu, Thalang, Phuket",,,house,unknown,,,,,,,,,11500000.0,,,,,,unknown,,0,,0,0,1,0,,,0,,,,,,"{""card_text"": ""detached house for sale near naithon beach video tour updated 2 days ago sakhu, thalang, phuket ฿11,500,000 (฿105,000/sqm) 2 bedroom house for sale in sakhu, phuket modern and tastefully renovated detached house, 450m from naithon beach, one of the best beaches in phuket. in a quiet, safe neighborhood with a choice of restaurants and fresh fruit stalls along the... details: 2 bedroom(s) 2 bathroom"", ""tags"": [""updated: 2 days ago""], ""location_text"": ""Sakhu, Thalang, Phuket"", ""url"": ""https://www.fazwaz.com/property-sales/2-bedroom-house-for-sale-in-sakhu-phuket-u1852886""}",2026-04-21 09:03:19.343461,2026-04-21 09:03:19.343461,1
300,fazwaz,3-bedroom-villa-for-sale-at-anchan-flora-in-thep-krasattri-phuket-u5934377,https://www.fazwaz.com/property-sales/3-bedroom-villa-for-sale-at-anchan-flora-in-thep-krasattri-phuket-u5934377,Anchan Flora,,,thalang,"Thep Krasattri, Thalang, Phuket",,,villa,unknown,,,,,,,,,29900000.0,,,,,,unknown,,0,,0,1,1,0,,,0,,,,,,"{""card_text"": ""see all anchan flora updated 3 weeks ago thep krasattri, thalang, phuket ฿29,900,000 ฿31,000,000 (฿85,900/sqm) 3 bedroom villa for sale at anchan flora brand new villa, fully equipped, move in and live details: 3 bedroom(s) 3 bathroom(s) 348 sqm property type: villa year built 2025 mountain view pool view private pool private garden terrace pets\n                    : all kind of pets allowed rent-"", ""tags"": [""rent:฿200,000/mo| roi:8%"", ""cam fee:฿14,800/mo"", ""sinking fund:฿47,100,000"", ""updated: 3 weeks ago""], ""location_text"": ""Thep Krasattri, Thalang, Phuket"", ""url"": ""https://www.fazwaz.com/property-sales/3-bedroom-villa-for-sale-at-anchan-flora-in-thep-krasattri-phuket-u5934377""}",2026-04-21 09:03:19.343461,2026-04-21 09:03:19.343461,1
301,fazwaz,2-bedroom-condo-for-sale-at-surin-sabai-in-choeng-thale-phuket-u5731484,https://www.fazwaz.com/property-sales/2-bedroom-condo-for-sale-at-surin-sabai-in-choeng-thale-phuket-u5731484,Surin Sabai,,,cherng-talay,"Choeng Thale, Thalang, Phuket",,,condo,unknown,,,2.0,,,,,,11900000.0,,,,,,unknown,,0,,0,1,0,0,,,0,,,,,,"{""card_text"": ""see all surin sabai updated 1 week ago choeng thale, thalang, phuket ฿11,900,000 (฿80,400/sqm) 2 bedroom condo for sale at surin sabai one of a kind very spacious 2 bedroom corner unit sea view on surin beach and bangtao beach with its own private pool, shaded lounging area and bright natural daylight throughout the whole unit. a lon... details: 2 bedroom(s) 1 bathroom(s) 148 sqm property type: co"", ""tags"": [""est. rent:฿84,400/mo| roi:9%"", ""cam fee:฿8,880/mo"", ""sinking fund:฿44,400"", ""updated: 1 week ago""], ""location_text"": ""Choeng Thale, Thalang, Phuket"", ""url"": ""https://www.fazwaz.com/property-sales/2-bedroom-condo-for-sale-at-surin-sabai-in-choeng-thale-phuket-u5731484""}",2026-04-21 09:03:26.360825,2026-04-21 09:03:26.360825,1
302,fazwaz,3-bedroom-house-for-sale-at-pruksa-ville-thalang-thepkasattri-in-thep-krasattri-phuket-u1927557,https://www.fazwaz.com/property-sales/3-bedroom-house-for-sale-at-pruksa-ville-thalang-thepkasattri-in-thep-krasattri-phuket-u1927557,Pruksa Ville Thalang-Thepkasattri,,,thalang,"Thep Krasattri, Thalang, Phuket",,,house,unknown,,,3.0,2.0,120.0,,,,3250000.0,27083.33,,,,,unknown,,0,,0,0,0,0,,,1,,,,,,"{""card_text"": ""see all pruksa ville thalang-thepkasattri updated 4 days ago thep krasattri, thalang, phuket ฿3,250,000 (฿27,100/sqm) 3 bedroom house for sale at pruksa ville thalang-thepkasattri this property is a 120 sqm house with 3 bedrooms and 2 bathrooms that is available for sale. it is part of the pruksa ville thalang-thepkasattri project in thep krasattri, phuket. you can buy thi... details: 3 bedroom(s)"", ""tags"": [""rent:฿24,000/mo| roi:9%"", ""updated: 4 days ago""], ""location_text"": ""Thep Krasattri, Thalang, Phuket"", ""url"": ""https://www.fazwaz.com/property-sales/3-bedroom-house-for-sale-at-pruksa-ville-thalang-thepkasattri-in-thep-krasattri-phuket-u1927557""}",2026-04-21 09:03:26.360825,2026-04-21 09:03:26.360825,1
303,fazwaz,land-for-sale-in-thep-krasattri-phuket-u6029665,https://www.fazwaz.com/property-sales/land-for-sale-in-thep-krasattri-phuket-u6029665,Ocean view land plot for sale,,,thalang,"Thep Krasattri, Thalang, Phuket",,,land,unknown,,,,,,,,,4500000.0,,,,,,unknown,,0,,0,0,0,0,,,0,,,,,,"{""card_text"": ""see all ocean view land plot for sale updated 1 week ago thep krasattri, thalang, phuket ฿4,500,000 ฿6,900,000 (฿7,710/sqm) land for sale in thep krasattri, phuket ocean view land plot for sale – ao por, sunrise coast of phuket\nan exceptional opportunity to own a premium land plot overlooking the pristine bay of ao por, on phuket’s peaceful sunrise c... details: 584 sqm property type: land sea vie"", ""tags"": [""updated: 1 week ago""], ""location_text"": ""Thep Krasattri, Thalang, Phuket"", ""url"": ""https://www.fazwaz.com/property-sales/land-for-sale-in-thep-krasattri-phuket-u6029665""}",2026-04-21 09:03:26.360825,2026-04-21 09:03:26.360825,1
304,fazwaz,hotel-for-sale-in-kamala-phuket-u6070943,https://www.fazwaz.com/property-sales/hotel-for-sale-in-kamala-phuket-u6070943,KAMALA HOTEL FOR RENT & SALE,,,kamala,"Kamala, Kathu, Phuket",,,condo,freehold,,,,,,,,,27000000.0,,,,,,unknown,,0,,0,0,0,0,,,0,,,,,,"{""card_text"": ""see all kamala hotel for rent & sale updated 1 month ago kamala, kathu, phuket ฿27,000,000 (฿38,600/sqm) hotel for sale in kamala, phuket boutique hotel + bar & restaurant\npurpose: for sale / for rent / lease\n📍 location: kamala\ntitle deed: freehold\nproperty description:\n \n4-storey building\n \n8 luxury rooms (room size: 23... details: 700 sqm property type: hotel year built 2024 city view updated: 1"", ""tags"": [""updated: 1 month ago""], ""location_text"": ""Kamala, Kathu, Phuket"", ""url"": ""https://www.fazwaz.com/property-sales/hotel-for-sale-in-kamala-phuket-u6070943""}",2026-04-21 09:03:26.360825,2026-04-21 09:03:26.360825,1
305,fazwaz,1-bedroom-condo-for-sale-at-canvas-cherngtalay-in-choeng-thale-phuket-u6124451,https://www.fazwaz.com/property-sales/1-bedroom-condo-for-sale-at-canvas-cherngtalay-in-choeng-thale-phuket-u6124451,CANVAS Cherngtalay,,,cherng-talay,"Choeng Thale, Thalang, Phuket",,,condo,unknown,,,1.0,1.0,,,,,12000000.0,,,,,,unknown,,0,,0,1,1,0,,,0,,,,,,"{""card_text"": ""see all canvas cherngtalay listed 3 weeks ago choeng thale, thalang, phuket ฿12,000,000 (฿240,000/sqm) 1 bedroom condo for sale at canvas cherngtalay brand new, corner room, only one exclusive privacy pool access with panoramic balcony \nfully furnished with all electric appliances \n1 bedroom with bedding\n1 bathroom with bathtub\n1 dining r... details: 1 bedroom(s) 1 bathroom(s) 50 sqm property type"", ""tags"": [""rent:฿75,000/mo| roi:8%"", ""cam fee:฿4,250/mo"", ""sinking fund:฿32,500""], ""location_text"": ""Choeng Thale, Thalang, Phuket"", ""url"": ""https://www.fazwaz.com/property-sales/1-bedroom-condo-for-sale-at-canvas-cherngtalay-in-choeng-thale-phuket-u6124451""}",2026-04-21 09:03:26.376549,2026-04-21 09:03:26.376549,1
306,fazwaz,studio-condo-for-sale-at-noon-village-tower-iii-in-chalong-phuket-u5355926,https://www.fazwaz.com/property-sales/studio-condo-for-sale-at-noon-village-tower-iii-in-chalong-phuket-u5355926,NOON Village Tower III,,,chalong,"Chalong, Phuket Town, Phuket",,,villa,unknown,,,,1.0,24.0,,,,2290000.0,95416.67,,,,,unknown,,0,,0,1,0,0,,,0,,,,,,"{""card_text"": ""see all noon village tower iii updated 2 weeks ago chalong, phuket town, phuket ฿2,290,000 (฿95,400/sqm) studio condo for sale at noon village tower iii good investment opportunity with about 9% gross yield per year. this unit is located in a well maintained condominium in a very convenient location.\n\n24 sq.m\nbalcony\nstudio room\n1 bathroom\nrenovated... details: studio 1 bathroom(s) 24 sqm property"", ""tags"": [""est. rent:฿20,700/mo| roi:11%"", ""cam fee:฿1,440/mo"", ""sinking fund:฿12,000"", ""updated: 2 weeks ago""], ""location_text"": ""Chalong, Phuket Town, Phuket"", ""url"": ""https://www.fazwaz.com/property-sales/studio-condo-for-sale-at-noon-village-tower-iii-in-chalong-phuket-u5355926""}",2026-04-21 09:03:26.379591,2026-04-21 09:03:26.379591,1
307,fazwaz,1-bedroom-condo-for-sale-at-ocean-stone-in-choeng-thale-phuket-u1733268,https://www.fazwaz.com/property-sales/1-bedroom-condo-for-sale-at-ocean-stone-in-choeng-thale-phuket-u1733268,Ocean Stone,,,cherng-talay,"Choeng Thale, Thalang, Phuket",,,condo,unknown,,,,,,,,,6100000.0,,,,,,unknown,,0,,0,0,0,0,,,0,,,,,,"{""card_text"": ""see all ocean stone updated 2 days ago choeng thale, thalang, phuket ฿6,100,000 (฿136,000/sqm) 1 bedroom condo for sale at ocean stone high quality construction and well maintained condominium with 2 swimming pools and 2 gyms at the entrance of laguna and 500 meters to bangtao beach and boat avenue. details: 1 bedroom(s) 1 bathroom(s) 45 sqm property type: condo beach 1.23 km foreign quota year bu"", ""tags"": [""rent:฿40,000/mo| roi:8%"", ""cam fee:฿2,925/mo"", ""sinking fund:฿27,000"", ""updated: 2 days ago""], ""location_text"": ""Choeng Thale, Thalang, Phuket"", ""url"": ""https://www.fazwaz.com/property-sales/1-bedroom-condo-for-sale-at-ocean-stone-in-choeng-thale-phuket-u1733268""}",2026-04-21 09:03:26.379591,2026-04-21 09:03:26.379591,1
308,fazwaz,studio-condo-for-sale-at-aristo-1-in-choeng-thale-phuket-u1397540,https://www.fazwaz.com/property-sales/studio-condo-for-sale-at-aristo-1-in-choeng-thale-phuket-u1397540,Aristo 1,,,cherng-talay,"Choeng Thale, Thalang, Phuket",,,condo,unknown,,,,,28.0,,,,4500000.0,160714.29,,,,,unknown,,0,,0,1,1,0,,,0,,,,,,"{""card_text"": ""see all aristo 1 updated 2 weeks ago choeng thale, thalang, phuket ฿4,500,000 (฿160,000/sqm) studio condo for sale at aristo 1 discover the ultimate tropical getaway in this beautifully appointed 28 m² condo unit, just a short walk from the pristine sands of surin beach. this modern and well-equipped unit features:\n ... details: studio 1 bathroom(s) 28.10 sqm property type: condo beach 0.98 km for"", ""tags"": [""rent:฿35,000/mo| roi:9%"", ""cam fee:฿1,686/mo"", ""updated: 2 weeks ago""], ""location_text"": ""Choeng Thale, Thalang, Phuket"", ""url"": ""https://www.fazwaz.com/property-sales/studio-condo-for-sale-at-aristo-1-in-choeng-thale-phuket-u1397540""}",2026-04-21 09:03:26.379591,2026-04-21 09:03:26.379591,1
309,fazwaz,3-bedroom-house-for-sale-at-the-wish-paklok-2-in-pa-khlok-phuket-u5755339,https://www.fazwaz.com/property-sales/3-bedroom-house-for-sale-at-the-wish-paklok-2-in-pa-khlok-phuket-u5755339,The Wish Paklok 2,,,pa-khlok,"Pa Khlok, Thalang, Phuket",,,house,unknown,,,,,,,,,6490000.0,,,,,,unknown,,0,,0,0,1,0,,,0,,,,,,"{""card_text"": ""see all the wish paklok 2 updated 2 months ago pa khlok, thalang, phuket ฿6,490,000 (฿20,100/sqm) 3 bedroom house for sale at the wish paklok 2 3-bedroom, 2-bathroom corner house surrounded by nature\neach bedroom features sliding glass doors opening directly to the side garden, bringing in natural light and fresh breezes.the spacious living a... details: 3 bedroom(s) 2 bathroom(s) 323 sqm property"", ""tags"": [""rent:฿50,000/mo| roi:9%"", ""updated: 2 months ago""], ""location_text"": ""Pa Khlok, Thalang, Phuket"", ""url"": ""https://www.fazwaz.com/property-sales/3-bedroom-house-for-sale-at-the-wish-paklok-2-in-pa-khlok-phuket-u5755339""}",2026-04-21 09:03:26.379591,2026-04-21 09:03:26.379591,1
310,fazwaz,1-bedroom-villa-for-sale-at-the-harmony-villa-in-choeng-thale-phuket-u6012954,https://www.fazwaz.com/property-sales/1-bedroom-villa-for-sale-at-the-harmony-villa-in-choeng-thale-phuket-u6012954,The Harmony Villa,,,cherng-talay,"Choeng Thale, Thalang, Phuket",,,villa,unknown,,,1.0,1.0,69.0,,,,8000000.0,115942.03,,,,,unknown,,0,,0,1,0,0,,,0,,,,,,"{""card_text"": ""see all the harmony villa updated 1 day ago choeng thale, thalang, phuket ฿8,000,000 (฿116,000/sqm) 1 bedroom villa for sale at the harmony villa this property is a 69 sqm villa with 1 bedroom and 1 bathroom that is available for sale. it is part of the the harmony villa project in choeng thale, phuket. you can buy this villa for... details: 1 bedroom(s) 1 bathroom(s) 69 sqm property type: villa b"", ""tags"": [""rent:฿58,000/mo| roi:9%"", ""updated: 1 day ago""], ""location_text"": ""Choeng Thale, Thalang, Phuket"", ""url"": ""https://www.fazwaz.com/property-sales/1-bedroom-villa-for-sale-at-the-harmony-villa-in-choeng-thale-phuket-u6012954""}",2026-04-21 09:03:26.392538,2026-04-21 09:03:26.392538,1
311,fazwaz,1-bedroom-condo-for-sale-at-space-cherngtalay-condominium-in-choeng-thale-phuket-u5577615,https://www.fazwaz.com/property-sales/1-bedroom-condo-for-sale-at-space-cherngtalay-condominium-in-choeng-thale-phuket-u5577615,Space Cherngtalay Condominium,,,cherng-talay,"Choeng Thale, Thalang, Phuket",,,condo,unknown,,,,,,,,,3900000.0,,,,,,unknown,,0,,0,0,0,0,,,0,,,,,,"{""card_text"": ""see all space cherngtalay condominium updated 4 days ago choeng thale, thalang, phuket ฿3,900,000 (฿113,000/sqm) 1 bedroom condo for sale at space cherngtalay condominium welcome to space cherngtalay condominium, a modern residential project located near the beautiful bang tao beach in phuket. designed with a deep understanding of your needs, the condominium offers the... details: 1 bedroom(s) 1 b"", ""tags"": [""rent:฿30,000/mo| roi:9%"", ""cam fee:฿1,720/mo"", ""updated: 4 days ago""], ""location_text"": ""Choeng Thale, Thalang, Phuket"", ""url"": ""https://www.fazwaz.com/property-sales/1-bedroom-condo-for-sale-at-space-cherngtalay-condominium-in-choeng-thale-phuket-u5577615""}",2026-04-21 09:03:26.392538,2026-04-21 09:03:26.392538,1
312,fazwaz,2-bedroom-house-for-sale-at-bhukitta-resort-nai-yang-in-sakhu-phuket-u5592992,https://www.fazwaz.com/property-sales/2-bedroom-house-for-sale-at-bhukitta-resort-nai-yang-in-sakhu-phuket-u5592992,Bhukitta Resort Nai Yang,,,mai-khao,"Sakhu, Thalang, Phuket",,,house,unknown,,,,,,,,,4500000.0,,,,,,unknown,,0,,0,0,0,0,,,0,,,,,,"{""card_text"": ""see all bhukitta resort nai yang updated 2 months ago sakhu, thalang, phuket ฿4,500,000 (฿31,200/sqm) 2 bedroom house for sale at bhukitta resort nai yang pieceful , 50meter to 7-11 , 500 metere to the airport details: 2 bedroom(s) 2 bathroom(s) 144 sqm property type: house beach 1.42 km airport 2.08 km year built 2009 tropical or resort style kitchen bathroom pets\n                    : all kind o"", ""tags"": [""rent:฿25,000/mo| roi:7%"", ""updated: 2 months ago""], ""location_text"": ""Sakhu, Thalang, Phuket"", ""url"": ""https://www.fazwaz.com/property-sales/2-bedroom-house-for-sale-at-bhukitta-resort-nai-yang-in-sakhu-phuket-u5592992""}",2026-04-21 09:03:26.392538,2026-04-21 09:03:26.392538,1
313,fazwaz,2-bedroom-condo-for-sale-at-the-regent-bangtao-in-choeng-thale-phuket-u5995097,https://www.fazwaz.com/property-sales/2-bedroom-condo-for-sale-at-the-regent-bangtao-in-choeng-thale-phuket-u5995097,The Regent Bangtao,,,cherng-talay,"Choeng Thale, Thalang, Phuket",,,condo,unknown,,,,,,,,,10500000.0,,,,,,unknown,,0,,0,0,0,0,,,0,,,,,,"{""card_text"": ""see all the regent bangtao 7% guar. return for 3 years updated 5 days ago choeng thale, thalang, phuket ฿10,500,000 ฿12,000,000 (฿117,000/sqm) 2 bedroom condo for sale at the regent bangtao if you are looking for a condominium near the beach, we would like to introduce the regent bangtao, an exclusive condominium in a prime and desirable location close to boat avenue, the most famous ent... detail"", ""tags"": [""cam fee:฿2,700/mo"", ""updated: 5 days ago""], ""location_text"": ""Choeng Thale, Thalang, Phuket"", ""url"": ""https://www.fazwaz.com/property-sales/2-bedroom-condo-for-sale-at-the-regent-bangtao-in-choeng-thale-phuket-u5995097""}",2026-04-21 09:03:26.392538,2026-04-21 09:03:26.392538,1
314,fazwaz,studio-condo-for-sale-at-beachfront-bliss-in-sakhu-phuket-u6147935,https://www.fazwaz.com/property-sales/studio-condo-for-sale-at-beachfront-bliss-in-sakhu-phuket-u6147935,Beachfront Bliss,,,mai-khao,"Sakhu, Thalang, Phuket",,,condo,unknown,,,,,,,,,10000000.0,,,,,,unknown,,0,,0,0,0,0,,,0,,,,,,"{""card_text"": ""see all beachfront bliss 6% guar. return for 10 years listed 2 weeks ago exclusive discount sakhu, thalang, phuket ฿10,000,000 (฿310,000/sqm) studio condo for sale at beachfront bliss perched on top of a hill, right by marriott nai yang sits our condo unit. it is a short walk away from the sandy beaches of nai yang & it's bustling hustle. \nthe unit comes completely furnish... details: studio 1 bat"", ""tags"": [""cam fee:฿1,935/mo"", ""sinking fund:฿16,125""], ""location_text"": ""Sakhu, Thalang, Phuket"", ""url"": ""https://www.fazwaz.com/property-sales/studio-condo-for-sale-at-beachfront-bliss-in-sakhu-phuket-u6147935""}",2026-04-21 09:03:26.392538,2026-04-21 09:03:26.392538,1
315,fazwaz,2-bedroom-villa-for-sale-at-the-harmony-villa-in-choeng-thale-phuket-u1904462,https://www.fazwaz.com/property-sales/2-bedroom-villa-for-sale-at-the-harmony-villa-in-choeng-thale-phuket-u1904462,The Harmony Villa,,,cherng-talay,"Choeng Thale, Thalang, Phuket",,,villa,unknown,,,,,,,,,17500000.0,,,,,,unknown,,0,,0,1,1,0,,,0,,,,,,"{""card_text"": ""see all the harmony villa updated 2 weeks ago choeng thale, thalang, phuket ฿17,500,000 (฿94,100/sqm) 2 bedroom villa for sale at the harmony villa details: 2 bedroom(s) 2 bathroom(s) 186 sqm property type: villa beach 2.97 km year built 2020 palm view mountain view private pool jacuzzi garden access rent: ฿150,000/mo | roi: 10% updated: 2 weeks ago request details schedule viewing"", ""tags"": [""rent:฿150,000/mo| roi:10%"", ""updated: 2 weeks ago""], ""location_text"": ""Choeng Thale, Thalang, Phuket"", ""url"": ""https://www.fazwaz.com/property-sales/2-bedroom-villa-for-sale-at-the-harmony-villa-in-choeng-thale-phuket-u1904462""}",2026-04-21 09:03:26.392538,2026-04-21 09:03:26.392538,1
316,fazwaz,3-bedroom-townhouse-for-sale-at-ap-grand-residence-in-kamala-phuket-u1018456,https://www.fazwaz.com/property-sales/3-bedroom-townhouse-for-sale-at-ap-grand-residence-in-kamala-phuket-u1018456,AP Grand Residence,,,kamala,"Kamala, Kathu, Phuket",,,house,unknown,,,,,,,,,7270000.0,,,,,,unknown,,0,,0,1,1,0,,,0,,,,,,"{""card_text"": ""see all ap grand residence updated 22 hours ago kamala, kathu, phuket ฿7,270,000 ฿9,900,000 (฿34,600/sqm) 3 bedroom townhouse for sale at ap grand residence ap grand residence\nphuket island's luxury property development is specially designed for people who want to purchase for investment or living-reflecting on a relaxed lifestyle, surrounded by beautiful... details: 3 bedroom(s) 3 bathroom(s) 210"", ""tags"": [""rent:฿65,000/mo| roi:11%"", ""cam fee:฿5,300/mo"", ""updated: 22 hours ago""], ""location_text"": ""Kamala, Kathu, Phuket"", ""url"": ""https://www.fazwaz.com/property-sales/3-bedroom-townhouse-for-sale-at-ap-grand-residence-in-kamala-phuket-u1018456""}",2026-04-21 09:03:26.392538,2026-04-21 09:03:26.392538,1
317,fazwaz,studio-condo-for-sale-at-ozone-condotel-in-karon-phuket-u5611250,https://www.fazwaz.com/property-sales/studio-condo-for-sale-at-ozone-condotel-in-karon-phuket-u5611250,Ozone Condotel,,,karon,"Karon, Phuket Town, Phuket",,,condo,leasehold,,,,,,,,,2600000.0,,,,,,unknown,,0,,0,0,0,0,,,0,,,,,,"{""card_text"": ""see all ozone condotel updated 1 month ago karon, phuket town, phuket ฿2,600,000 (฿84,900/sqm) studio condo for sale at ozone condotel located walking to kata beach details: studio 1 bathroom(s) 30.64 sqm property type: condo beach 1.38 km leasehold year built 2016 low rise floor 4 forest, nature view modern or contemporary kitchen bedroom tenant-occupied until jul 1, 2026 rent: ฿15,000/mo | roi: "", ""tags"": [""rent:฿15,000/mo| roi:7%"", ""cam fee:฿1,532/mo"", ""sinking fund:฿15,320"", ""updated: 1 month ago""], ""location_text"": ""Karon, Phuket Town, Phuket"", ""url"": ""https://www.fazwaz.com/property-sales/studio-condo-for-sale-at-ozone-condotel-in-karon-phuket-u5611250""}",2026-04-21 09:03:26.408328,2026-04-21 09:03:26.408328,1
318,fazwaz,25-bedroom-hotel-for-sale-in-rawai-phuket-u1980201,https://www.fazwaz.com/property-sales/25-bedroom-hotel-for-sale-in-rawai-phuket-u1980201,Boutique Glamping and Restaurant to Take Over,,,rawai,"Rawai, Phuket Town, Phuket",,,condo,unknown,,,,,,,,,9500000.0,,,,,,unknown,,0,,0,1,1,0,,,0,,,,,,"{""card_text"": ""see all boutique glamping and restaurant to take over updated 1 month ago rawai, phuket town, phuket ฿9,500,000 ฿13,000,000 (฿1,480/sqm) 25 bedroom hotel for sale in rawai, phuket an eco-friendly boutique glamping property situated in the south of phuket. the property consists of 22 well presented bell tents surrounded by natural rocks and lavish tropical gardens. situate... details: 25 bedroom(s)"", ""tags"": [""updated: 1 month ago""], ""location_text"": ""Rawai, Phuket Town, Phuket"", ""url"": ""https://www.fazwaz.com/property-sales/25-bedroom-hotel-for-sale-in-rawai-phuket-u1980201""}",2026-04-21 09:03:26.408328,2026-04-21 09:03:26.408328,1
319,fazwaz,2-bedroom-condo-for-sale-at-the-title-legendary-bang-tao-in-choeng-thale-phuket-u6094858,https://www.fazwaz.com/property-sales/2-bedroom-condo-for-sale-at-the-title-legendary-bang-tao-in-choeng-thale-phuket-u6094858,The Title Legendary-Bang Tao,,,cherng-talay,"Choeng Thale, Thalang, Phuket",,,condo,unknown,,,,,,,,,7300000.0,,,,,,unknown,,0,,0,1,0,0,,,0,,,,,,"{""card_text"": ""see all the title legendary-bang tao updated 1 day ago choeng thale, thalang, phuket ฿7,300,000 ฿7,600,000 (฿140,000/sqm) 2 bedroom condo for sale at the title legendary-bang tao a very private unit with no neighboring apartments on either side, offering excellent privacy. well suited for both comfortable living and rental. located in the premium bangtao area, right next to th... details: 2 bedroo"", ""tags"": [""est. rent:฿55,300/mo| roi:9%"", ""cam fee:฿3,900/mo"", ""sinking fund:฿36,400"", ""updated: 1 day ago""], ""location_text"": ""Choeng Thale, Thalang, Phuket"", ""url"": ""https://www.fazwaz.com/property-sales/2-bedroom-condo-for-sale-at-the-title-legendary-bang-tao-in-choeng-thale-phuket-u6094858""}",2026-04-21 09:03:26.408328,2026-04-21 09:03:26.408328,1
320,fazwaz,2-bedroom-apartment-for-sale-at-bangtao-beach-gardens-in-choeng-thale-phuket-u5904535,https://www.fazwaz.com/property-sales/2-bedroom-apartment-for-sale-at-bangtao-beach-gardens-in-choeng-thale-phuket-u5904535,Bangtao Beach Gardens,,,cherng-talay,"Choeng Thale, Thalang, Phuket",,,condo,leasehold,,,,,,,,,9900000.0,,,,,,unknown,,0,,0,1,1,0,,,0,,,,,,"{""card_text"": ""see all bangtao beach gardens updated 4 weeks ago choeng thale, thalang, phuket ฿9,900,000 ฿11,000,000 (฿79,900/sqm) 2 bedroom apartment for sale at bangtao beach gardens this large two bedroom apartment has been finished to a modern style and is part of a popular low density and well managed apartment development bordering bangtao and surin. the unit has been complete... details: 2 bedroom(s) 2 b"", ""tags"": [""est. rent:฿82,800/mo| roi:10%"", ""cam fee:฿9,548/mo"", ""updated: 4 weeks ago""], ""location_text"": ""Choeng Thale, Thalang, Phuket"", ""url"": ""https://www.fazwaz.com/property-sales/2-bedroom-apartment-for-sale-at-bangtao-beach-gardens-in-choeng-thale-phuket-u5904535""}",2026-04-21 09:03:26.408328,2026-04-21 09:03:26.408328,1
321,fazwaz,3-bedroom-house-for-sale-at-land-and-houses-park-in-chalong-phuket-u1848636,https://www.fazwaz.com/property-sales/3-bedroom-house-for-sale-at-land-and-houses-park-in-chalong-phuket-u1848636,Land and Houses Park,,,chalong,"Chalong, Phuket Town, Phuket",,,house,unknown,,,,,,,,,8900000.0,,,,,,unknown,,0,,0,0,1,0,,,0,,,,,,"{""card_text"": ""see all land and houses park updated 4 days ago chalong, phuket town, phuket ฿8,900,000 (฿42,400/sqm) 3 bedroom house for sale at land and houses park land and houses park is a luxury single-detached house in the center of phuket amid a warm atmosphere with the location surrounded by lakes and beautiful nature underlying the quality design. the proj... details: 3 bedroom(s) 2 bathroom(s) 210 sqm p"", ""tags"": [""rent:฿60,000/mo| roi:8%"", ""cam fee:฿1,100/mo"", ""updated: 4 days ago""], ""location_text"": ""Chalong, Phuket Town, Phuket"", ""url"": ""https://www.fazwaz.com/property-sales/3-bedroom-house-for-sale-at-land-and-houses-park-in-chalong-phuket-u1848636""}",2026-04-21 09:03:26.408328,2026-04-21 09:03:26.408328,1
322,fazwaz,studio-apartment-for-sale-at-aristo-2-in-choeng-thale-phuket-u5594958,https://www.fazwaz.com/property-sales/studio-apartment-for-sale-at-aristo-2-in-choeng-thale-phuket-u5594958,Aristo 2,,,cherng-talay,"Choeng Thale, Thalang, Phuket",,,condo,freehold,,,,,28.0,,,,3200000.0,114285.71,,,,,unknown,,0,,0,1,0,0,,,0,,,,,,"{""card_text"": ""see all aristo 2 updated 1 month ago choeng thale, thalang, phuket ฿3,200,000 (฿114,000/sqm) studio apartment for sale at aristo 2 for sale: studio apartment – the aristo condo 2, surin beach   a modern 28 sq.m. freehold studio located on the 7th floor in the sought-after the aristo condo 2, just a short walk from two... details: studio 1 bathroom(s) 28 sqm property type: apartment beach 0.73 km f"", ""tags"": [""rent:฿40,000/mo| roi:15%"", ""cam fee:฿1,400/mo"", ""sinking fund:฿4,760"", ""updated: 1 month ago""], ""location_text"": ""Choeng Thale, Thalang, Phuket"", ""url"": ""https://www.fazwaz.com/property-sales/studio-apartment-for-sale-at-aristo-2-in-choeng-thale-phuket-u5594958""}",2026-04-21 09:03:26.408328,2026-04-21 09:03:26.408328,1
323,fazwaz,3-bedroom-house-for-sale-at-anuphas-golf-ville-in-kathu-phuket-u6136857,https://www.fazwaz.com/property-sales/3-bedroom-house-for-sale-at-anuphas-golf-ville-in-kathu-phuket-u6136857,Anuphas Golf Ville,,,kathu,"Kathu, Kathu, Phuket",,,house,unknown,,,,,,,,,8490000.0,,,,,,unknown,,0,,0,0,0,0,,,0,,,,,,"{""card_text"": ""see all anuphas golf ville listed 3 weeks ago updated 3 weeks ago kathu, kathu, phuket ฿8,490,000 (฿38,600/sqm) 3 bedroom house for sale at anuphas golf ville fully renovated single-storey house for sale – anuphas golf view, kathu\nthis beautifully renovated single-storey home is located in the well-established anuphas golf view community in kathu, off... details: 3 bedroom(s) 2 bathroom(s) 220 sqm"", ""tags"": [""cam fee:฿500/mo"", ""updated: 3 weeks ago""], ""location_text"": ""Kathu, Kathu, Phuket"", ""url"": ""https://www.fazwaz.com/property-sales/3-bedroom-house-for-sale-at-anuphas-golf-ville-in-kathu-phuket-u6136857""}",2026-04-21 09:03:26.408328,2026-04-21 09:03:26.408328,1
324,fazwaz,2-bedroom-condo-for-sale-at-calypso-condo-in-rawai-phuket-u6001710,https://www.fazwaz.com/property-sales/2-bedroom-condo-for-sale-at-calypso-condo-in-rawai-phuket-u6001710,Calypso Condo,,,rawai,"Rawai, Phuket Town, Phuket",,,condo,freehold,,,2.0,,76.0,,,,7500000.0,98684.21,,,,,unknown,,0,,0,1,1,0,,,0,,,,,,"{""card_text"": ""see all calypso condo 7% guar. return for 3 years updated 6 days ago rawai, phuket town, phuket ฿7,500,000 ฿7,980,000 (฿98,700/sqm) 2 bedroom condo for sale at calypso condo high rental demand area - perfect for investment or vacation rentals!prime location | 2 bedrooms | 76 sqm | freehold - foreign quotaprice: 7 500 000 thb (negotiable)discover this bright and spacious 2... details: 2 bedroom(s) "", ""tags"": [""cam fee:฿3,800/mo"", ""sinking fund:฿45,600"", ""updated: 6 days ago""], ""location_text"": ""Rawai, Phuket Town, Phuket"", ""url"": ""https://www.fazwaz.com/property-sales/2-bedroom-condo-for-sale-at-calypso-condo-in-rawai-phuket-u6001710""}",2026-04-21 09:03:26.424385,2026-04-21 09:03:26.424385,1
325,fazwaz,2-bedroom-condo-for-sale-at-the-residence-kalim-bay-in-patong-phuket-u6088363,https://www.fazwaz.com/property-sales/2-bedroom-condo-for-sale-at-the-residence-kalim-bay-in-patong-phuket-u6088363,The Residence Kalim Bay,,,patong,"Patong, Kathu, Phuket",,,condo,unknown,,,,,,,,,9500000.0,,,,,,unknown,,0,,0,0,0,0,,,0,,,,,,"{""card_text"": ""see all the residence kalim bay updated 4 days ago patong, kathu, phuket ฿9,500,000 (฿86,400/sqm) 2 bedroom condo for sale at the residence kalim bay beachside condo for sale – steps to kalim & patong beach\nspacious 2-bedroom condominium located just a few steps from kalim beach and patong beach. a great opportunity for a comfortable beac... details: 2 bedroom(s) 1 bathroom(s) 110 sqm property typ"", ""tags"": [""est. rent:฿66,300/mo| roi:8%"", ""cam fee:฿9,500/mo"", ""updated: 4 days ago""], ""location_text"": ""Patong, Kathu, Phuket"", ""url"": ""https://www.fazwaz.com/property-sales/2-bedroom-condo-for-sale-at-the-residence-kalim-bay-in-patong-phuket-u6088363""}",2026-04-21 09:03:26.424385,2026-04-21 09:03:26.424385,1
326,fazwaz,1-bedroom-condo-for-sale-at-space-cherngtalay-condominium-in-choeng-thale-phuket-u5766002,https://www.fazwaz.com/property-sales/1-bedroom-condo-for-sale-at-space-cherngtalay-condominium-in-choeng-thale-phuket-u5766002,Space Cherngtalay Condominium,,,cherng-talay,"Choeng Thale, Thalang, Phuket",,,condo,unknown,,,,,,,,,3900000.0,,,,,,unknown,,0,,0,0,0,0,,,0,,,,,,"{""card_text"": ""see all space cherngtalay condominium updated 6 days ago choeng thale, thalang, phuket ฿3,900,000 (฿139,000/sqm) 1 bedroom condo for sale at space cherngtalay condominium welcome to space cherngtalay condominium, a modern residential project located near the beautiful bang tao beach in phuket. designed with a deep understanding of your needs, the condominium offers the... details: 1 bedroom(s) 1 b"", ""tags"": [""rent:฿35,000/mo| roi:11%"", ""cam fee:฿1,400/mo"", ""updated: 6 days ago""], ""location_text"": ""Choeng Thale, Thalang, Phuket"", ""url"": ""https://www.fazwaz.com/property-sales/1-bedroom-condo-for-sale-at-space-cherngtalay-condominium-in-choeng-thale-phuket-u5766002""}",2026-04-21 09:03:26.424385,2026-04-21 09:03:26.424385,1
327,fazwaz,2-bedroom-condo-for-sale-at-andaman-beach-suites-in-patong-phuket-u6115133,https://www.fazwaz.com/property-sales/2-bedroom-condo-for-sale-at-andaman-beach-suites-in-patong-phuket-u6115133,Andaman Beach Suites,,,patong,"Patong, Kathu, Phuket",,,condo,unknown,,,,,,,,,22500000.0,,,,,,unknown,,0,,0,0,0,0,,,0,,,,,,"{""card_text"": ""see all andaman beach suites listed 4 weeks ago patong, kathu, phuket ฿22,500,000 (฿177,000/sqm) 2 bedroom condo for sale at andaman beach suites a rare opportunity in phuket real estate. this stunning property sits on the 14th floor of one of patong’s few high-rise buildings. current regulations limit construction height to 23 meters in... details: 2 bedroom(s) 2 bathroom(s) 127 sqm property type"", ""tags"": [""cam fee:฿5,080/mo""], ""location_text"": ""Patong, Kathu, Phuket"", ""url"": ""https://www.fazwaz.com/property-sales/2-bedroom-condo-for-sale-at-andaman-beach-suites-in-patong-phuket-u6115133""}",2026-04-21 09:03:26.424385,2026-04-21 09:03:26.424385,1
328,fazwaz,1-bedroom-condo-for-sale-at-the-marin-phuket-in-kamala-phuket-u1895076,https://www.fazwaz.com/property-sales/1-bedroom-condo-for-sale-at-the-marin-phuket-in-kamala-phuket-u1895076,The Marin Phuket,,,kamala,"Kamala, Kathu, Phuket",,,condo,unknown,,,,,,,,,6200000.0,,,,,,unknown,,0,,0,1,1,0,,,0,,,,,,"{""card_text"": ""see all the marin phuket updated 2 months ago kamala, kathu, phuket ฿6,200,000 (฿155,000/sqm) 1 bedroom condo for sale at the marin phuket the marin phuketget away from the chaos to tranquil nature and complete privacy at the marin phuket, the luxurious modern condominium resort embraced by nature in kamala, phuket. the province, one of... details: 1 bedroom(s) 1 bathroom(s) 40 sqm property type: "", ""tags"": [""cam fee:฿2,400/mo"", ""sinking fund:฿24,000"", ""updated: 2 months ago""], ""location_text"": ""Kamala, Kathu, Phuket"", ""url"": ""https://www.fazwaz.com/property-sales/1-bedroom-condo-for-sale-at-the-marin-phuket-in-kamala-phuket-u1895076""}",2026-04-21 09:03:26.424385,2026-04-21 09:03:26.424385,1
329,fazwaz,4-bedroom-townhouse-for-sale-at-laguna-links-in-choeng-thale-phuket-u6007485,https://www.fazwaz.com/property-sales/4-bedroom-townhouse-for-sale-at-laguna-links-in-choeng-thale-phuket-u6007485,Laguna Links,,,cherng-talay,"Choeng Thale, Thalang, Phuket",,,villa,unknown,,,,,,,,,26000000.0,,,,,,unknown,,0,,0,1,1,0,,,0,,,,,,"{""card_text"": ""see all laguna links updated 3 weeks ago choeng thale, thalang, phuket ฿26,000,000 (฿86,700/sqm) 4 bedroom townhouse for sale at laguna links 4-bed duplex pool villa for sale – laguna top estate, phuket\nlocated in one of phuket’s most prestigious residential estates, this spacious duplex villa offers privacy, lifestyle convenien... details: 4 bedroom(s) 3 bathroom(s) 300 sqm property type: townhou"", ""tags"": [""cam fee:฿7,500/mo"", ""updated: 3 weeks ago""], ""location_text"": ""Choeng Thale, Thalang, Phuket"", ""url"": ""https://www.fazwaz.com/property-sales/4-bedroom-townhouse-for-sale-at-laguna-links-in-choeng-thale-phuket-u6007485""}",2026-04-21 09:03:26.424385,2026-04-21 09:03:26.424385,1
330,fazwaz,3-bedroom-condo-for-sale-at-surin-sabai-in-choeng-thale-phuket-u1067422,https://www.fazwaz.com/property-sales/3-bedroom-condo-for-sale-at-surin-sabai-in-choeng-thale-phuket-u1067422,Surin Sabai,,,cherng-talay,"Choeng Thale, Thalang, Phuket",,,house,unknown,,,,,355.0,,,,11900000.0,33521.13,,,,,unknown,,0,,0,1,1,1,,,0,,,,,,"{""card_text"": ""see all surin sabai updated 1 week ago choeng thale, thalang, phuket ฿11,900,000 ฿16,000,000 (฿33,500/sqm) 3 bedroom condo for sale at surin sabai as a real estate agent, this is the kind of properties that is especially pleasurable to work with. overlooking surin, this spacious 355 sqm penthouse has a true personality of its own. built and cust... details: 3 bedroom(s) 3.5 bathroom(s) 355 sqm pro"", ""tags"": [""rent:฿90,000/mo| roi:9%"", ""cam fee:฿28,400/mo"", ""sinking fund:฿106,500"", ""updated: 1 week ago""], ""location_text"": ""Choeng Thale, Thalang, Phuket"", ""url"": ""https://www.fazwaz.com/property-sales/3-bedroom-condo-for-sale-at-surin-sabai-in-choeng-thale-phuket-u1067422""}",2026-04-21 09:03:26.424385,2026-04-21 09:03:26.424385,1
331,fazwaz,6-bedroom-villa-for-sale-at-cape-amarin-in-kamala-phuket-u5726411,https://www.fazwaz.com/property-sales/6-bedroom-villa-for-sale-at-cape-amarin-in-kamala-phuket-u5726411,Cape Amarin,,,kamala,"Kamala, Kathu, Phuket",,,villa,unknown,,,,,,,,,150000000.0,,,,,,unknown,,0,,0,1,0,0,,,0,,,,,,"{""card_text"": ""see all cape amarin updated 5 days ago kamala, kathu, phuket ฿150,000,000 (฿131,000/sqm) 6 bedroom villa for sale at cape amarin perched dramatically on the cliffs of cape amarin along phuket’s prestigious millionaire’s mile, villa silvermoon is a rare masterpiece of contemporary luxury living. with panoramic andama... details: 6 bedroom(s) 8 bathroom(s) 1,148 sqm property type: villa year built 2"", ""tags"": [""cam fee:฿46,588/mo"", ""updated: 5 days ago""], ""location_text"": ""Kamala, Kathu, Phuket"", ""url"": ""https://www.fazwaz.com/property-sales/6-bedroom-villa-for-sale-at-cape-amarin-in-kamala-phuket-u5726411""}",2026-04-21 09:03:32.779918,2026-04-21 09:03:32.779918,1
332,fazwaz,2-bedroom-condo-for-sale-at-space-cherngtalay-condominium-in-choeng-thale-phuket-u5577631,https://www.fazwaz.com/property-sales/2-bedroom-condo-for-sale-at-space-cherngtalay-condominium-in-choeng-thale-phuket-u5577631,Space Cherngtalay Condominium,,,cherng-talay,"Choeng Thale, Thalang, Phuket",,,condo,unknown,,,,,,,,,7350000.0,,,,,,unknown,,0,,0,0,1,0,,,0,,,,,,"{""card_text"": ""see all space cherngtalay condominium updated 2 weeks ago choeng thale, thalang, phuket ฿7,350,000 (฿144,000/sqm) 2 bedroom condo for sale at space cherngtalay condominium welcome to space cherngtalay condominium, a modern residential project located near the beautiful bang tao beach in phuket. designed with a deep understanding of your needs, the condominium offers the... details: 2 bedroom(s) 2 "", ""tags"": [""rent:฿55,000/mo| roi:9%"", ""cam fee:฿2,560/mo"", ""updated: 2 weeks ago""], ""location_text"": ""Choeng Thale, Thalang, Phuket"", ""url"": ""https://www.fazwaz.com/property-sales/2-bedroom-condo-for-sale-at-space-cherngtalay-condominium-in-choeng-thale-phuket-u5577631""}",2026-04-21 09:03:32.782533,2026-04-21 09:03:32.782533,1
333,fazwaz,3-bedroom-villa-for-sale-at-nai-harn-baan-bua-in-rawai-phuket-u5343931,https://www.fazwaz.com/property-sales/3-bedroom-villa-for-sale-at-nai-harn-baan-bua-in-rawai-phuket-u5343931,Nai Harn Baan Bua,,,rawai,"Rawai, Phuket Town, Phuket",,,villa,unknown,,,,,,,,,26900000.0,,,,,,unknown,,0,,0,1,1,0,,,0,,,,,,"{""card_text"": ""see all nai harn baan bua updated 4 days ago rawai, phuket town, phuket ฿26,900,000 (฿98,500/sqm) 3 bedroom villa for sale at nai harn baan bua elevate your living quality in a dream villa at 'nai harn baan bua,' a balinese-style villa that brings out the charm of a tropical luxury style. with full functions in modern style, the room is decor... details: 3 bedroom(s) 3.5 bathroom(s) 273 sqm proper"", ""tags"": [""est. rent:฿228,000/mo| roi:10%"", ""cam fee:฿6,000/mo"", ""sinking fund:฿150,000"", ""updated: 4 days ago""], ""location_text"": ""Rawai, Phuket Town, Phuket"", ""url"": ""https://www.fazwaz.com/property-sales/3-bedroom-villa-for-sale-at-nai-harn-baan-bua-in-rawai-phuket-u5343931""}",2026-04-21 09:03:32.785456,2026-04-21 09:03:32.785456,1
334,fazwaz,studio-apartment-for-sale-at-utopia-central-in-kathu-phuket-u5343774,https://www.fazwaz.com/property-sales/studio-apartment-for-sale-at-utopia-central-in-kathu-phuket-u5343774,Utopia Central,,,kathu,"Kathu, Kathu, Phuket",,,condo,unknown,,,,,,,,,1950000.0,,,,,,unknown,,0,,0,1,0,0,,,0,,,,,,"{""card_text"": ""see all utopia central 8% guar. return for 3 years updated 1 day ago kathu, kathu, phuket ฿1,950,000 (฿81,600/sqm) studio apartment for sale at utopia central it is in the center of phuket. it is convenient for living, working, and studying in phuket. it is beside prince of songkla university. details: studio 1 bathroom(s) 23.90 sqm property type: apartment foreign quota year built 2020 low rise f"", ""tags"": [""cam fee:฿1,195/mo"", ""sinking fund:฿11,950"", ""updated: 1 day ago""], ""location_text"": ""Kathu, Kathu, Phuket"", ""url"": ""https://www.fazwaz.com/property-sales/studio-apartment-for-sale-at-utopia-central-in-kathu-phuket-u5343774""}",2026-04-21 09:03:32.789171,2026-04-21 09:03:32.789171,1
335,fazwaz,1-bedroom-condo-for-sale-at-space-cherngtalay-condominium-in-choeng-thale-phuket-u5869279,https://www.fazwaz.com/property-sales/1-bedroom-condo-for-sale-at-space-cherngtalay-condominium-in-choeng-thale-phuket-u5869279,Space Cherngtalay Condominium,,,cherng-talay,"Choeng Thale, Thalang, Phuket",,,condo,unknown,,,,,,,,,3800000.0,,,,,,unknown,,0,,0,0,0,0,,,0,,,,,,"{""card_text"": ""see all space cherngtalay condominium updated 4 days ago choeng thale, thalang, phuket ฿3,800,000 (฿131,000/sqm) 1 bedroom condo for sale at space cherngtalay condominium details: 1 bedroom(s) 1 bathroom(s) 29 sqm property type: condo beach 2.97 km year built 2025 low rise floor 8 park view city view balcony modern or contemporary kitchen rent: ฿30,000/mo | roi: 9% cam fee: ฿1,450/mo updated: 4 da"", ""tags"": [""rent:฿30,000/mo| roi:9%"", ""cam fee:฿1,450/mo"", ""updated: 4 days ago""], ""location_text"": ""Choeng Thale, Thalang, Phuket"", ""url"": ""https://www.fazwaz.com/property-sales/1-bedroom-condo-for-sale-at-space-cherngtalay-condominium-in-choeng-thale-phuket-u5869279""}",2026-04-21 09:03:32.795806,2026-04-21 09:03:32.795806,1
336,fazwaz,10-bedroom-apartment-for-sale-at-mai-khao-beach-condotel-in-mai-khao-phuket-u5951612,https://www.fazwaz.com/property-sales/10-bedroom-apartment-for-sale-at-mai-khao-beach-condotel-in-mai-khao-phuket-u5951612,Mai Khao Beach Condotel,,,mai-khao,"Mai Khao, Thalang, Phuket",,,condo,unknown,,,,,,,,,11000000.0,,,,,,unknown,,0,,0,1,0,0,,,0,,,,,,"{""card_text"": ""see all mai khao beach condotel updated 9 hours ago mai khao, thalang, phuket ฿11,000,000 ฿12,500,000 (฿21,800/sqm) 10 bedroom apartment for sale at mai khao beach condotel best price in january 2026. \n• fire alarm system, hikvision video surveillance, powerful ventilation system with ductwork to the roof, air conditioners.\n• secure, free, spacious parking... details: 10 bedroom(s) 5 bathroom(s) 5"", ""tags"": [""cam fee:฿20,160/mo"", ""updated: 9 hours ago""], ""location_text"": ""Mai Khao, Thalang, Phuket"", ""url"": ""https://www.fazwaz.com/property-sales/10-bedroom-apartment-for-sale-at-mai-khao-beach-condotel-in-mai-khao-phuket-u5951612""}",2026-04-21 09:03:32.795806,2026-04-21 09:03:32.795806,1
337,fazwaz,5-bedroom-villa-for-sale-at-asherah-villas-phuket-in-thep-krasattri-phuket-u1857656,https://www.fazwaz.com/property-sales/5-bedroom-villa-for-sale-at-asherah-villas-phuket-in-thep-krasattri-phuket-u1857656,Asherah Villas Phuket,,,thalang,"Thep Krasattri, Thalang, Phuket",,,villa,unknown,,,5.0,6.0,450.0,,,,37000000.0,82222.22,,,,,unknown,,0,,0,1,1,0,,,0,,,,,,"{""card_text"": ""see all asherah villas phuket updated 1 month ago thep krasattri, thalang, phuket ฿37,000,000 (฿81,500/sqm) 5 bedroom villa for sale at asherah villas phuket this stunning 450 sqm villa, featuring 5 bedrooms and 6 bathrooms, part of the asherah villas phuket project in thep krasattri, phuket, this villa is now complete and is ready for occupancy.   se... details: 5 bedroom(s) 6 bathroom(s) 453.87 "", ""tags"": [""rent:฿280,000/mo| roi:9%"", ""cam fee:฿11,650/mo"", ""sinking fund:฿100,000"", ""updated: 1 month ago""], ""location_text"": ""Thep Krasattri, Thalang, Phuket"", ""url"": ""https://www.fazwaz.com/property-sales/5-bedroom-villa-for-sale-at-asherah-villas-phuket-in-thep-krasattri-phuket-u1857656""}",2026-04-21 09:03:32.795806,2026-04-21 09:03:32.795806,1
338,fazwaz,3-bedroom-villa-for-sale-in-rawai-phuket-u6033600,https://www.fazwaz.com/property-sales/3-bedroom-villa-for-sale-in-rawai-phuket-u6033600,3 Bedrooms 1 Office 4 Bathrooms Pool Villa in Soi Naya Nai Harn,,,rawai,"Rawai, Phuket Town, Phuket",,,villa,unknown,,,3.0,,,,,,12900000.0,,,,,,unknown,,0,,0,1,0,0,,,0,,,,,,"{""card_text"": ""see all 3 bedrooms 1 office 4 bathrooms pool villa in soi naya nai harn updated 4 days ago rawai, phuket town, phuket ฿12,900,000 (฿64,500/sqm) 3 bedroom villa for sale in rawai, phuket great location just 3 mins drive to nai harn beach 3 bedrooms 1 office over 3 floors\nlayout: \nentry level: living - dining - kitchen - guest toilet - pool 10m *4 m - laundry area - storageca... details: 3 bedroom(s"", ""tags"": [""updated: 4 days ago""], ""location_text"": ""Rawai, Phuket Town, Phuket"", ""url"": ""https://www.fazwaz.com/property-sales/3-bedroom-villa-for-sale-in-rawai-phuket-u6033600""}",2026-04-21 09:03:32.795806,2026-04-21 09:03:32.795806,1
339,fazwaz,4-bedroom-villa-for-sale-at-botanica-foresta-in-thep-krasattri-phuket-u1945058,https://www.fazwaz.com/property-sales/4-bedroom-villa-for-sale-at-botanica-foresta-in-thep-krasattri-phuket-u1945058,Botanica Foresta,,,thalang,"Thep Krasattri, Thalang, Phuket",,,villa,unknown,,,,,,,,,58000000.0,,,,,,unknown,,0,,0,1,1,0,,,0,,,,,,"{""card_text"": ""see all botanica foresta updated 3 weeks ago thep krasattri, thalang, phuket ฿58,000,000 (฿102,000/sqm) 4 bedroom villa for sale at botanica foresta the villa will be complete in november 2024 details: 4 bedroom(s) 6 bathroom(s) 570 sqm property type: villa beach 4.36 km year built 2024 mountain view pool view private pool rooftop terrace private garden pets\n                    : cats and dogs (al"", ""tags"": [""rent:฿500,000/mo| roi:10%"", ""cam fee:฿19,200/mo"", ""sinking fund:฿100,000"", ""updated: 3 weeks ago""], ""location_text"": ""Thep Krasattri, Thalang, Phuket"", ""url"": ""https://www.fazwaz.com/property-sales/4-bedroom-villa-for-sale-at-botanica-foresta-in-thep-krasattri-phuket-u1945058""}",2026-04-21 09:03:32.795806,2026-04-21 09:03:32.795806,1
340,fazwaz,2-bedroom-apartment-for-sale-at-palm-breeze-resort-in-rawai-phuket-u5343890,https://www.fazwaz.com/property-sales/2-bedroom-apartment-for-sale-at-palm-breeze-resort-in-rawai-phuket-u5343890,Palm Breeze Resort,,,rawai,"Rawai, Phuket Town, Phuket",,,condo,unknown,,,2.0,,,,,,5800000.0,,,,,,unknown,,0,,0,1,1,1,,,0,,,,,,"{""card_text"": ""see all palm breeze resort updated 2 weeks ago rawai, phuket town, phuket ฿5,800,000 ฿6,845,000 (฿55,200/sqm) 2 bedroom apartment for sale at palm breeze resort for sale 2 bedrooms condo in rawai. \n\narea: 105 m2\npool view.\n2 bedrooms.\nfloor: 3th\nfully furnished\nparking: shared\ntennis court.\nfitness.\nchildren's playground.\n\nthe residential complex is loca... details: 2 bedroom(s) 1 bathroom(s) 105 "", ""tags"": [""est. rent:฿62,800/mo| roi:13%"", ""cam fee:฿4,410/mo"", ""updated: 2 weeks ago""], ""location_text"": ""Rawai, Phuket Town, Phuket"", ""url"": ""https://www.fazwaz.com/property-sales/2-bedroom-apartment-for-sale-at-palm-breeze-resort-in-rawai-phuket-u5343890""}",2026-04-21 09:03:32.795806,2026-04-21 09:03:32.795806,1
341,fazwaz,3-bedroom-villa-for-sale-at-aroonpat-patong-phuket-in-patong-phuket-u1398774,https://www.fazwaz.com/property-sales/3-bedroom-villa-for-sale-at-aroonpat-patong-phuket-in-patong-phuket-u1398774,Aroonpat Patong Phuket,,,patong,"Patong, Kathu, Phuket",,,villa,unknown,,,3.0,3.0,,,,,14700000.0,,,,,,unknown,,0,,0,1,0,0,,,0,,,,,,"{""card_text"": ""see all aroonpat patong phuket updated 1 month ago patong, kathu, phuket ฿14,700,000 (฿61,200/sqm) 3 bedroom villa for sale at aroonpat patong phuket 3 bedroom 3 bathroom pool villa in a nice quiet area of patong 10 mins walk to the beach on nanai road. large western kitchen and spacious throughout the property.swimming pool with jacuzzi and swim j... details: 3 bedroom(s) 3 bathroom(s) 240 sqm pr"", ""tags"": [""rent:฿60,000/mo| roi:5%"", ""updated: 1 month ago""], ""location_text"": ""Patong, Kathu, Phuket"", ""url"": ""https://www.fazwaz.com/property-sales/3-bedroom-villa-for-sale-at-aroonpat-patong-phuket-in-patong-phuket-u1398774""}",2026-04-21 09:03:32.811456,2026-04-21 09:03:32.811456,1
342,fazwaz,13-bedroom-hotel-for-sale-at-mai-khao-beach-condotel-in-mai-khao-phuket-u1713206,https://www.fazwaz.com/property-sales/13-bedroom-hotel-for-sale-at-mai-khao-beach-condotel-in-mai-khao-phuket-u1713206,Mai Khao Beach Condotel,,,mai-khao,"Mai Khao, Thalang, Phuket",,,condo,unknown,,,,,,,,,10990000.0,,,,,,unknown,,0,,0,1,1,0,,,0,,,,,,"{""card_text"": ""see all mai khao beach condotel updated 2 weeks ago mai khao, thalang, phuket ฿10,990,000 ฿14,300,000 (฿21,800/sqm) 13 bedroom hotel for sale at mai khao beach condotel investment project, phuket – 12+1 apartments + café (ready concept)\na high-profit, ready-to-redevelop investment opportunity\nthis completed redevelopment concept offers a prime ground-flo... details: 13 bedroom(s) 14 bathroom(s) 50"", ""tags"": [""cam fee:฿20,160/mo"", ""updated: 2 weeks ago""], ""location_text"": ""Mai Khao, Thalang, Phuket"", ""url"": ""https://www.fazwaz.com/property-sales/13-bedroom-hotel-for-sale-at-mai-khao-beach-condotel-in-mai-khao-phuket-u1713206""}",2026-04-21 09:03:32.811456,2026-04-21 09:03:32.811456,1
343,fazwaz,2-bedroom-condo-for-sale-at-bellevue-lagoon-phuket-in-choeng-thale-phuket-u5365099,https://www.fazwaz.com/property-sales/2-bedroom-condo-for-sale-at-bellevue-lagoon-phuket-in-choeng-thale-phuket-u5365099,Bellevue Lagoon Phuket,,,cherng-talay,"Choeng Thale, Thalang, Phuket",,,condo,freehold,,,,,,,,,8950000.0,,,,,,unknown,,0,,0,0,0,0,,,0,,,,,,"{""card_text"": ""see all bellevue lagoon phuket updated 5 days ago choeng thale, thalang, phuket ฿8,950,000 ฿9,800,000 (฿119,000/sqm) 2 bedroom condo for sale at bellevue lagoon phuket discover an exceptional opportunity with this 2-bedroom freehold condo for sale at bellevue lagoon, bang tao beach. perfectly positioned next to the prestigious laguna phuket complex, this modern cond... details: 2 bedroom(s) 2 bath"", ""tags"": [""cam fee:฿4,515/mo"", ""sinking fund:฿45,150"", ""updated: 5 days ago""], ""location_text"": ""Choeng Thale, Thalang, Phuket"", ""url"": ""https://www.fazwaz.com/property-sales/2-bedroom-condo-for-sale-at-bellevue-lagoon-phuket-in-choeng-thale-phuket-u5365099""}",2026-04-21 09:03:32.811456,2026-04-21 09:03:32.811456,1
344,fazwaz,3-bedroom-villa-for-sale-at-aileen-villas-tropico-phase-2-in-sakhu-phuket-u6163043,https://www.fazwaz.com/property-sales/3-bedroom-villa-for-sale-at-aileen-villas-tropico-phase-2-in-sakhu-phuket-u6163043,Aileen Villas Tropico (Phase 2),,,mai-khao,"Sakhu, Thalang, Phuket",,,villa,unknown,,,,,,,,,13500000.0,,,,,,unknown,,0,,0,1,1,0,,,0,,,,,,"{""card_text"": ""see all aileen villas tropico (phase 2) listed 2 weeks ago updated 2 weeks ago sakhu, thalang, phuket ฿13,500,000 (฿57,000/sqm) 3 bedroom villa for sale at aileen villas tropico (phase 2) located in the peaceful and serene surroundings of nai yang, this brand-new modern villa offers the perfect balance of privacy, style, and convenience, just a short drive to both nai thon beach and na... details:"", ""tags"": [""est. rent:฿98,700/mo| roi:9%"", ""cam fee:฿5,500/mo"", ""sinking fund:฿30,000,000"", ""updated: 2 weeks ago""], ""location_text"": ""Sakhu, Thalang, Phuket"", ""url"": ""https://www.fazwaz.com/property-sales/3-bedroom-villa-for-sale-at-aileen-villas-tropico-phase-2-in-sakhu-phuket-u6163043""}",2026-04-21 09:03:32.811456,2026-04-21 09:03:32.811456,1
345,fazwaz,4-bedroom-house-for-sale-at-land-and-houses-park-in-chalong-phuket-u6071250,https://www.fazwaz.com/property-sales/4-bedroom-house-for-sale-at-land-and-houses-park-in-chalong-phuket-u6071250,Land and Houses Park,,,chalong,"Chalong, Phuket Town, Phuket",,,house,unknown,,,,,,,,,22500000.0,,,,,,long_term,,0,,0,0,1,0,,,0,,,,,,"{""card_text"": ""see all land and houses park listed 1 month ago updated 1 month ago chalong, phuket town, phuket ฿22,500,000 (฿37,300/sqm) 4 bedroom house for sale at land and houses park “set within one of chalong’s most established gated communities, this spacious lakefront family home offers a rare opportunity for long-term living just minutes from bcis. with approximate... details: 4 bedroom(s) 4.5 bathroom(s"", ""tags"": [""est. rent:฿118,000/mo| roi:6%"", ""updated: 1 month ago""], ""location_text"": ""Chalong, Phuket Town, Phuket"", ""url"": ""https://www.fazwaz.com/property-sales/4-bedroom-house-for-sale-at-land-and-houses-park-in-chalong-phuket-u6071250""}",2026-04-21 09:03:32.811456,2026-04-21 09:03:32.811456,1
346,fazwaz,3-bedroom-villa-for-sale-in-rawai-phuket-u5962848,https://www.fazwaz.com/property-sales/3-bedroom-villa-for-sale-in-rawai-phuket-u5962848,3 Bedroom Villa for Sale in Rawai,,,rawai,"Rawai, Phuket Town, Phuket",,,villa,unknown,,,,,800.0,,,,17200000.0,21500.0,,,,,unknown,,0,,0,1,1,0,,,0,,,,,,"{""card_text"": ""see all 3 bedroom villa for sale in rawai updated 1 week ago rawai, phuket town, phuket ฿17,200,000 (฿90,600/sqm) 3 bedroom villa for sale in rawai, phuket private villa offering luxury, space & future growth\nset within approx 800 sq.m. (½ rai) of lush, landscaped grounds, this impeccably upgraded 3-bedroom, 4-bathroom two-storey villa offers... details: 3 bedroom(s) 3.5 bathroom(s) 190 sqm proper"", ""tags"": [""updated: 1 week ago""], ""location_text"": ""Rawai, Phuket Town, Phuket"", ""url"": ""https://www.fazwaz.com/property-sales/3-bedroom-villa-for-sale-in-rawai-phuket-u5962848""}",2026-04-21 09:03:32.811456,2026-04-21 09:03:32.811456,1
347,fazwaz,3-bedroom-villa-for-sale-in-chalong-phuket-u5612893,https://www.fazwaz.com/property-sales/3-bedroom-villa-for-sale-in-chalong-phuket-u5612893,3 Bedrooms Hillside Pool Villa with Chalong Bay Seaview,,,chalong,"Chalong, Phuket Town, Phuket",,,villa,unknown,,,,,,,,,40000000.0,,,,,,unknown,,0,,0,1,0,0,,,0,,,,,,"{""card_text"": ""see all 3 bedrooms hillside pool villa with chalong bay seaview updated 1 day ago chalong, phuket town, phuket ฿40,000,000 (฿160,000/sqm) 3 bedroom villa for sale in chalong, phuket 3-bedroom hillside pool villa with panoramic chalong bay views\nwitness breathtaking sea views in this elegant 3-bedroom, 3-bathroom private pool villa, nestled on a peaceful hillside near the iconic c... details: 3 bed"", ""tags"": [""updated: 1 day ago""], ""location_text"": ""Chalong, Phuket Town, Phuket"", ""url"": ""https://www.fazwaz.com/property-sales/3-bedroom-villa-for-sale-in-chalong-phuket-u5612893""}",2026-04-21 09:03:32.811456,2026-04-21 09:03:32.811456,1
348,fazwaz,land-for-sale-in-kamala-phuket-u1934340,https://www.fazwaz.com/property-sales/land-for-sale-in-kamala-phuket-u1934340,Great Sea View Land for Sale on Millionaire Road Kamala,,,kamala,"Kamala, Kathu, Phuket",,,land,freehold,,,,,1172.0,,,,17900000.0,15273.04,,,,,unknown,,0,,0,0,0,0,,,0,,,,,,"{""card_text"": ""see all great sea view land for sale on millionaire road kamala updated 1 week ago kamala, kathu, phuket ฿17,900,000 ฿19,900,000 (฿15,300/sqm) land for sale in kamala, phuket land for sale in kamala, millionaire road, next to ayara and andara signature. the plot has full sea view, private access road and electricity. area of 1172 sqm chanote (2 ngan, 93 sqw).   ... details: 1,172 sqm property type"", ""tags"": [""updated: 1 week ago""], ""location_text"": ""Kamala, Kathu, Phuket"", ""url"": ""https://www.fazwaz.com/property-sales/land-for-sale-in-kamala-phuket-u1934340""}",2026-04-21 09:03:32.827341,2026-04-21 09:03:32.827341,1
349,fazwaz,2-bedroom-townhouse-for-sale-at-nara-wealth-green-1-in-thep-krasattri-phuket-u5988126,https://www.fazwaz.com/property-sales/2-bedroom-townhouse-for-sale-at-nara-wealth-green-1-in-thep-krasattri-phuket-u5988126,Nara Wealth Green 1,,,thalang,"Thep Krasattri, Thalang, Phuket",,,house,unknown,,,2.0,,,,,,3421053.0,,,,,,unknown,,0,,0,0,1,0,,,0,,,,,,"{""card_text"": ""see all nara wealth green 1 updated 1 week ago thep krasattri, thalang, phuket ฿3,421,053 (฿42,800/sqm) 2 bedroom townhouse for sale at nara wealth green 1 cozy house for sale in a great location! • 2 bedrooms, a spacious living room, and a garden/terrace or outdoor kitchen — the perfect place for a comfortable life and relaxation. • the... details: 2 bedroom(s) 1 bathroom(s) 80 sqm property type:"", ""tags"": [""updated: 1 week ago""], ""location_text"": ""Thep Krasattri, Thalang, Phuket"", ""url"": ""https://www.fazwaz.com/property-sales/2-bedroom-townhouse-for-sale-at-nara-wealth-green-1-in-thep-krasattri-phuket-u5988126""}",2026-04-21 09:03:32.828458,2026-04-21 09:03:32.828458,1
350,fazwaz,studio-condo-for-sale-at-surin-sands-condo-in-choeng-thale-phuket-u1702770,https://www.fazwaz.com/property-sales/studio-condo-for-sale-at-surin-sands-condo-in-choeng-thale-phuket-u1702770,Surin Sands Condo,,,cherng-talay,"Choeng Thale, Thalang, Phuket",,,condo,leasehold,,,,,,,,,2500000.0,,,,,,unknown,,0,,0,1,0,0,,,0,,,,,,"{""card_text"": ""see all surin sands condo updated 1 week ago choeng thale, thalang, phuket ฿2,500,000 ฿3,000,000 (฿83,300/sqm) studio condo for sale at surin sands condo 5 min walk from surin beach. nice view on palm trees. new project, to be finished in dec 2024. details: studio 1 bathroom(s) 30 sqm property type: condo beach 0.62 km leasehold year built 2025 low rise floor 3 mountain view city view pool access "", ""tags"": [""cam fee:฿1,800/mo"", ""sinking fund:฿18,000"", ""updated: 1 week ago""], ""location_text"": ""Choeng Thale, Thalang, Phuket"", ""url"": ""https://www.fazwaz.com/property-sales/studio-condo-for-sale-at-surin-sands-condo-in-choeng-thale-phuket-u1702770""}",2026-04-21 09:03:32.828458,2026-04-21 09:03:32.828458,1
351,fazwaz,2-bedroom-condo-for-sale-at-escent-phuket-in-wichit-phuket-u6172140,https://www.fazwaz.com/property-sales/2-bedroom-condo-for-sale-at-escent-phuket-in-wichit-phuket-u6172140,Escent Phuket,,,phuket-town,"Wichit, Phuket Town, Phuket",,,land,unknown,,,,,,,,,6200000.0,,,,,,unknown,,0,,0,1,1,0,,,1,,,,,,"{""card_text"": ""see all escent phuket listed 2 weeks ago updated 2 weeks ago wichit, phuket town, phuket ฿6,200,000 (฿121,000/sqm) 2 bedroom condo for sale at escent phuket introducing the latest three projects from cpn development, inspired by the core concept of an “island archipelago lifestyle.”phase 2 expands under the theme of “beach city life,&rdq... details: 2 bedroom(s) 2 bathroom(s) 51.36 sqm property ty"", ""tags"": [""updated: 2 weeks ago""], ""location_text"": ""Wichit, Phuket Town, Phuket"", ""url"": ""https://www.fazwaz.com/property-sales/2-bedroom-condo-for-sale-at-escent-phuket-in-wichit-phuket-u6172140""}",2026-04-21 09:03:32.842990,2026-04-21 09:03:32.842990,1
352,fazwaz,1-bedroom-condo-for-sale-at-noon-village-tower-i-in-chalong-phuket-u5356691,https://www.fazwaz.com/property-sales/1-bedroom-condo-for-sale-at-noon-village-tower-i-in-chalong-phuket-u5356691,NOON Village Tower I,,,chalong,"Chalong, Phuket Town, Phuket",,,villa,unknown,,,1.0,1.0,41.0,,,,3990000.0,97317.07,,,,,unknown,,0,,0,0,0,0,,,0,,,,,,"{""card_text"": ""see all noon village tower i updated 2 weeks ago chalong, phuket town, phuket ฿3,990,000 (฿97,300/sqm) 1 bedroom condo for sale at noon village tower i good investment opportunity with about 7,5% gross yield per year. this unit is located in a well maintained condominium in a very convenient location.\n\n41 sq.m\nbalcony\n1 bedroom\n1 bathroom\n\n\ncommon fa... details: 1 bedroom(s) 1 bathroom(s) 41 sqm p"", ""tags"": [""est. rent:฿27,800/mo| roi:8%"", ""cam fee:฿2,460/mo"", ""sinking fund:฿20,500"", ""updated: 2 weeks ago""], ""location_text"": ""Chalong, Phuket Town, Phuket"", ""url"": ""https://www.fazwaz.com/property-sales/1-bedroom-condo-for-sale-at-noon-village-tower-i-in-chalong-phuket-u5356691""}",2026-04-21 09:03:32.842990,2026-04-21 09:03:32.842990,1
353,fazwaz,6-bedroom-villa-for-sale-in-patong-phuket-u5943312,https://www.fazwaz.com/property-sales/6-bedroom-villa-for-sale-in-patong-phuket-u5943312,Absolute SeaView RockStar Villa in Patong,,,patong,"Patong, Kathu, Phuket",,,villa,unknown,,,,,,,,,75000000.0,,,,,,unknown,,0,,0,1,0,0,,,0,,,,,,"{""card_text"": ""absolute seaview rockstar villa in patong updated 5 days ago patong, kathu, phuket ฿75,000,000 (฿62,500/sqm) 6 bedroom villa for sale in patong, phuket discover an exceptional opportunity to own one of patong’s most sought-after luxury villas — a fully-furnished, absolute property that combines spacious living, premium amenities, and an u... details: 6 bedroom(s) 7.5 bathroom(s) 1,200 sqm property"", ""tags"": [""updated: 5 days ago""], ""location_text"": ""Patong, Kathu, Phuket"", ""url"": ""https://www.fazwaz.com/property-sales/6-bedroom-villa-for-sale-in-patong-phuket-u5943312""}",2026-04-21 09:03:32.842990,2026-04-21 09:03:32.842990,1
354,fazwaz,5-bedroom-villa-for-sale-at-grand-sea-through-in-rawai-phuket-u1912476,https://www.fazwaz.com/property-sales/5-bedroom-villa-for-sale-at-grand-sea-through-in-rawai-phuket-u1912476,Grand Sea Through,,,rawai,"Rawai, Phuket Town, Phuket",,,villa,unknown,,,,,,,,,42000000.0,,,,,,unknown,,0,,0,1,1,0,,,1,,,,,,"{""card_text"": ""see all grand sea through updated 1 month ago rawai, phuket town, phuket ฿42,000,000 (฿120,000/sqm) 5 bedroom villa for sale at grand sea through located in rawai, this large family villa is in a quiet neighbourhood that is going up. the villa has lots of common area space to host and entertain as well as large bedrooms to accomodate 10 or more... details: 5 bedroom(s) 5.5 bathroom(s) 350 sqm prop"", ""tags"": [""rent:฿200,000/mo| roi:6%"", ""updated: 1 month ago""], ""location_text"": ""Rawai, Phuket Town, Phuket"", ""url"": ""https://www.fazwaz.com/property-sales/5-bedroom-villa-for-sale-at-grand-sea-through-in-rawai-phuket-u1912476""}",2026-04-21 09:03:32.842990,2026-04-21 09:03:32.842990,1
355,fazwaz,2-bedroom-apartment-for-sale-at-skypark-aurora-laguna-phuket-in-choeng-thale-phuket-u5586623,https://www.fazwaz.com/property-sales/2-bedroom-apartment-for-sale-at-skypark-aurora-laguna-phuket-in-choeng-thale-phuket-u5586623,Skypark Aurora Laguna Phuket,,,cherng-talay,"Choeng Thale, Thalang, Phuket",,,condo,leasehold,,,,,,,,,9052632.0,,,,,,unknown,,0,,0,1,0,0,,,0,,,,,,"{""card_text"": ""see all skypark aurora laguna phuket updated 1 week ago choeng thale, thalang, phuket ฿9,052,632 (฿226,000/sqm) 2 bedroom apartment for sale at skypark aurora laguna phuket 2bdr condo apartment in laguna skypark, bang tao with washer and balcony for sale\n \n💰8 600 000thb\n \nfeatures:\n \n ⁃ 10-minute walk to the beach\n ⁃ 3-minute walk through a beau... details: 2 bedroom(s) 2 bathroom(s) 40 sqm proper"", ""tags"": [""est. rent:฿52,100/mo| roi:7%"", ""updated: 1 week ago""], ""location_text"": ""Choeng Thale, Thalang, Phuket"", ""url"": ""https://www.fazwaz.com/property-sales/2-bedroom-apartment-for-sale-at-skypark-aurora-laguna-phuket-in-choeng-thale-phuket-u5586623""}",2026-04-21 09:03:32.854498,2026-04-21 09:03:32.854498,1
356,fazwaz,25-bedroom-hotel-for-sale-in-choeng-thale-phuket-u6073785,https://www.fazwaz.com/property-sales/25-bedroom-hotel-for-sale-in-choeng-thale-phuket-u6073785,HOTEL 25 ROOMS+ IN THE HEART OF CHOENG THALE,,,cherng-talay,"Choeng Thale, Thalang, Phuket",,,condo,unknown,,,,,,,,,4500000.0,,,,,,unknown,,0,,0,0,1,0,,,0,,,,,,"{""card_text"": ""see all hotel 25 rooms+ in the heart of choeng thale updated 5 days ago choeng thale, thalang, phuket ฿4,500,000 (฿6,430/sqm) 25 bedroom hotel for sale in choeng thale, phuket discover a rare opportunity to acquire and transform a boutique hotel in need of renovation in a prime location currently offering 25 rooms this property has immense potential for expansion allowing f... details: 25 bedroom("", ""tags"": [""updated: 5 days ago""], ""location_text"": ""Choeng Thale, Thalang, Phuket"", ""url"": ""https://www.fazwaz.com/property-sales/25-bedroom-hotel-for-sale-in-choeng-thale-phuket-u6073785""}",2026-04-21 09:03:32.854498,2026-04-21 09:03:32.854498,1
357,fazwaz,5-bedroom-condo-for-sale-at-mai-khao-beach-condotel-in-mai-khao-phuket-u5576868,https://www.fazwaz.com/property-sales/5-bedroom-condo-for-sale-at-mai-khao-beach-condotel-in-mai-khao-phuket-u5576868,Mai Khao Beach Condotel,,,mai-khao,"Mai Khao, Thalang, Phuket",,,condo,freehold,,,,,504.0,,,,10990000.0,21805.56,,,,,unknown,,0,,0,1,0,0,,,0,,,,,,"{""card_text"": ""see all mai khao beach condotel updated 2 weeks ago mai khao, thalang, phuket ฿10,990,000 ฿14,300,000 (฿21,800/sqm) 5 bedroom condo for sale at mai khao beach condotel 🏝️ 504 m² foreign freehold property near mai khao beach – ideal for custom luxury apartment\na rare opportunity to own a 504 sq.m. foreign freehold property just 600 meters fr... details: 5 bedroom(s) 5 bathroom(s) 504 sqm property t"", ""tags"": [""cam fee:฿20,160/mo"", ""updated: 2 weeks ago""], ""location_text"": ""Mai Khao, Thalang, Phuket"", ""url"": ""https://www.fazwaz.com/property-sales/5-bedroom-condo-for-sale-at-mai-khao-beach-condotel-in-mai-khao-phuket-u5576868""}",2026-04-21 09:03:32.858637,2026-04-21 09:03:32.858637,1
358,fazwaz,3-bedroom-villa-for-sale-at-eva-beach-in-rawai-phuket-u647974,https://www.fazwaz.com/property-sales/3-bedroom-villa-for-sale-at-eva-beach-in-rawai-phuket-u647974,Eva Beach,,,rawai,"Rawai, Phuket Town, Phuket",,,villa,unknown,,,,,,,,,33000000.0,,,,,,unknown,,0,,0,0,0,0,,,0,,,,,,"{""card_text"": ""see all eva beach rawai, phuket town, phuket ฿33,000,000 (฿106,000/sqm) 3 bedroom villa for sale at eva beach eva beachwelcome to the true relaxation paradise definition, a colorful city with various styles where you can take a glimpse of the blue sea in front of you at a luxury villa called \""eva beach.\"" it d... details: 3 bedroom(s) 3.5 bathroom(s) 310 sqm property type: villa beach 2.64 km year "", ""tags"": [""rent:฿275,000/mo| roi:10%"", ""cam fee:฿9,100/mo"", ""updated: 3 months ago""], ""location_text"": ""Rawai, Phuket Town, Phuket"", ""url"": ""https://www.fazwaz.com/property-sales/3-bedroom-villa-for-sale-at-eva-beach-in-rawai-phuket-u647974""}",2026-04-21 09:03:32.858637,2026-04-21 09:03:32.858637,1
359,fazwaz,1-bedroom-apartment-for-sale-at-mai-khao-beach-condotel-in-mai-khao-phuket-u5820016,https://www.fazwaz.com/property-sales/1-bedroom-apartment-for-sale-at-mai-khao-beach-condotel-in-mai-khao-phuket-u5820016,Mai Khao Beach Condotel,,,mai-khao,"Mai Khao, Thalang, Phuket",,,land,leasehold,,,,,,,,,1800000.0,,,,,,unknown,,0,,0,1,0,0,,,0,,,,,,"{""card_text"": ""see all mai khao beach condotel updated 1 month ago mai khao, thalang, phuket ฿1,800,000 (฿50,000/sqm) 1 bedroom apartment for sale at mai khao beach condotel profitable apartment for sale in sunny phuket, thailand\nlocated in the mbc condominium on the north side of the island, just 600 meters from the famous mai khao beach, this apartment offers both comfo... details: 1 bedroom(s) 1 bathroom(s) 3"", ""tags"": [""rent:฿25,000/mo| roi:30%"", ""cam fee:฿1,440/mo"", ""updated: 1 month ago""], ""location_text"": ""Mai Khao, Thalang, Phuket"", ""url"": ""https://www.fazwaz.com/property-sales/1-bedroom-apartment-for-sale-at-mai-khao-beach-condotel-in-mai-khao-phuket-u5820016""}",2026-04-21 09:03:32.858637,2026-04-21 09:03:32.858637,1
360,fazwaz,studio-condo-for-sale-at-oceana-kamala-in-kamala-phuket-u1846270,https://www.fazwaz.com/property-sales/studio-condo-for-sale-at-oceana-kamala-in-kamala-phuket-u1846270,Oceana Kamala,,,kamala,"Kamala, Kathu, Phuket",,,condo,unknown,,,1.0,1.0,32.0,,,,4500000.0,140625.0,,,,,unknown,,0,,0,0,0,0,,,0,,,,,,"{""card_text"": ""see all oceana kamala updated 2 weeks ago kamala, kathu, phuket ฿4,500,000 (฿140,000/sqm) studio condo for sale at oceana kamala kamala, kathu, phuket - size: 32 m² - type: 1 bedroom, 1 bathroom - proximity: just a short walk to kamala beach. welcome to your dream home at oceana kamala, a luxury condominium nestled in the... details: studio 1 bathroom(s) 32.21 sqm property type: condo beach 1.5 km"", ""tags"": [""rent:฿35,000/mo| roi:9%"", ""cam fee:฿1,611/mo"", ""sinking fund:฿19,326"", ""updated: 2 weeks ago""], ""location_text"": ""Kamala, Kathu, Phuket"", ""url"": ""https://www.fazwaz.com/property-sales/studio-condo-for-sale-at-oceana-kamala-in-kamala-phuket-u1846270""}",2026-04-21 09:03:32.858637,2026-04-21 09:03:32.858637,1
361,fazwaz,1-bedroom-condo-for-sale-at-noon-village-tower-i-in-chalong-phuket-u1033180,https://www.fazwaz.com/property-sales/1-bedroom-condo-for-sale-at-noon-village-tower-i-in-chalong-phuket-u1033180,NOON Village Tower I,,,chalong,"Chalong, Phuket Town, Phuket",,,villa,unknown,,,1.0,1.0,32.0,,,,3500000.0,109375.0,,,,,unknown,,0,,0,1,0,0,,,0,,,,,,"{""card_text"": ""see all noon village tower i updated 1 month ago chalong, phuket town, phuket ฿3,500,000 (฿109,000/sqm) 1 bedroom condo for sale at noon village tower i this property is a 32 sqm condo with 1 bedroom and 1 bathroom that is available for rent. it is part of the noon village tower i project in chalong, phuket and was completed in dec 2016. utility bills... details: 1 bedroom(s) 1 bathroom(s) 32 sqm "", ""tags"": [""rent:฿20,000/mo| roi:7%"", ""cam fee:฿1,920/mo"", ""sinking fund:฿16,000"", ""updated: 1 month ago""], ""location_text"": ""Chalong, Phuket Town, Phuket"", ""url"": ""https://www.fazwaz.com/property-sales/1-bedroom-condo-for-sale-at-noon-village-tower-i-in-chalong-phuket-u1033180""}",2026-04-21 09:03:40.205377,2026-04-21 09:03:40.205377,1
362,fazwaz,6-bedroom-house-for-sale-at-ban-don-garden-home-in-thep-krasattri-phuket-u6100219,https://www.fazwaz.com/property-sales/6-bedroom-house-for-sale-at-ban-don-garden-home-in-thep-krasattri-phuket-u6100219,Ban Don Garden Home,,,thalang,"Thep Krasattri, Thalang, Phuket",,,villa,unknown,,,,,,,,,16000000.0,,,,,,unknown,,0,,0,1,1,0,,,0,,,,,,"{""card_text"": ""see all ban don garden home updated 2 weeks ago thep krasattri, thalang, phuket ฿16,000,000 ฿20,000,000 (฿46,500/sqm) 6 bedroom house for sale at ban don garden home this unique property offers the opportunity to acquire a running hospitality business in a peaceful thai village located in bandon, thalang, one of the most strategic areas of phuket between choeng th... details: 6 bedroom(s) 6 bathro"", ""tags"": [""updated: 2 weeks ago""], ""location_text"": ""Thep Krasattri, Thalang, Phuket"", ""url"": ""https://www.fazwaz.com/property-sales/6-bedroom-house-for-sale-at-ban-don-garden-home-in-thep-krasattri-phuket-u6100219""}",2026-04-21 09:03:40.207590,2026-04-21 09:03:40.207590,1
363,fazwaz,1-bedroom-apartment-for-sale-at-palmetto-park-condominium-in-karon-phuket-u6112751,https://www.fazwaz.com/property-sales/1-bedroom-apartment-for-sale-at-palmetto-park-condominium-in-karon-phuket-u6112751,Palmetto Park Condominium,,,karon,"Karon, Phuket Town, Phuket",,,condo,unknown,,,,,,,,,4600000.0,,,,,,unknown,,0,,0,1,0,0,,,0,,,,,,"{""card_text"": ""see all palmetto park condominium listed 1 month ago karon, phuket town, phuket ฿4,600,000 (฿140/sqm) 1 bedroom apartment for sale at palmetto park condominium apartment in palmetto park condominium, phuket\ncozy furnished apartment ready for occupancy — theperfect choice for living or investing in sunny phuket!\n📍 location:palmetto park condominiu... details: 1 bedroom(s) 1 bathroom(s) 32,780 sqm p"", ""tags"": [""cam fee:฿1,966,800/mo"", ""sinking fund:฿26,224,000""], ""location_text"": ""Karon, Phuket Town, Phuket"", ""url"": ""https://www.fazwaz.com/property-sales/1-bedroom-apartment-for-sale-at-palmetto-park-condominium-in-karon-phuket-u6112751""}",2026-04-21 09:03:40.207590,2026-04-21 09:03:40.207590,1
364,fazwaz,3-bedroom-villa-for-sale-at-sunrise-garden-pool-villas-in-si-sunthon-phuket-u6102705,https://www.fazwaz.com/property-sales/3-bedroom-villa-for-sale-at-sunrise-garden-pool-villas-in-si-sunthon-phuket-u6102705,Sunrise Garden Pool Villas,,,layan,"Si Sunthon, Thalang, Phuket",,,villa,unknown,,,,,,,,,15990000.0,,,,,,unknown,,0,,0,1,1,0,,,0,,,,,,"{""card_text"": ""see all sunrise garden pool villas listed 1 month ago updated 3 weeks ago si sunthon, thalang, phuket ฿15,990,000 (฿123,000/sqm) 3 bedroom villa for sale at sunrise garden pool villas discover this modern 3-bedroom pool villa located in the peaceful and residential area of pasak, phuket, completed in september 2025, offering the perfect balance between privacy, comfort and inv... details: 3 bedroo"", ""tags"": [""cam fee:฿5,566/mo"", ""sinking fund:฿45,326"", ""updated: 3 weeks ago""], ""location_text"": ""Si Sunthon, Thalang, Phuket"", ""url"": ""https://www.fazwaz.com/property-sales/3-bedroom-villa-for-sale-at-sunrise-garden-pool-villas-in-si-sunthon-phuket-u6102705""}",2026-04-21 09:03:40.215754,2026-04-21 09:03:40.215754,1
365,fazwaz,studio-apartment-for-sale-at-the-zero-bang-tao-in-choeng-thale-phuket-u5897957,https://www.fazwaz.com/property-sales/studio-apartment-for-sale-at-the-zero-bang-tao-in-choeng-thale-phuket-u5897957,The Zero Bang Tao,,,cherng-talay,"Choeng Thale, Thalang, Phuket",,,land,leasehold,,,,,,,,,4105263.0,,,,,,unknown,,0,,0,0,1,0,,,1,,,,,,"{""card_text"": ""see all the zero bang tao updated 6 days ago choeng thale, thalang, phuket ฿4,105,263 (฿149,000/sqm) studio apartment for sale at the zero bang tao about property:  studio 27,6 square meters the name of the building zero bangtao that is built by developer from england.📍location:thailand phuket nearby:bang tao beach — 7 minutes by car,... details: studio 1 bathroom(s) 27.60 sqm property type: apart"", ""tags"": [""cam fee:฿2,208/mo"", ""sinking fund:฿22,080"", ""updated: 6 days ago""], ""location_text"": ""Choeng Thale, Thalang, Phuket"", ""url"": ""https://www.fazwaz.com/property-sales/studio-apartment-for-sale-at-the-zero-bang-tao-in-choeng-thale-phuket-u5897957""}",2026-04-21 09:03:40.219170,2026-04-21 09:03:40.219170,1
366,fazwaz,3-bedroom-villa-for-sale-in-rawai-phuket-u5799064,https://www.fazwaz.com/property-sales/3-bedroom-villa-for-sale-in-rawai-phuket-u5799064,Rare Find Sea View Pool Villa for Sale in Rawai,,,rawai,"Rawai, Phuket Town, Phuket",,,villa,unknown,,,,,,,,,8000000.0,,,,,,unknown,,0,,0,1,0,0,,,0,,,,,,"{""card_text"": ""see all rare find sea view pool villa for sale in rawai updated 2 weeks ago rawai, phuket town, phuket ฿8,000,000 ฿9,500,000 (฿23,800/sqm) 3 bedroom villa for sale in rawai, phuket rare find!  sea view pool villa for sale in rawai, phuket. location: rawai / naiharn area, phuket (quiet soi mangosteen). size: 336 sq m built-up area / 108 sq m land size an exceptional opportun... details: 3 bedroom(s"", ""tags"": [""updated: 2 weeks ago""], ""location_text"": ""Rawai, Phuket Town, Phuket"", ""url"": ""https://www.fazwaz.com/property-sales/3-bedroom-villa-for-sale-in-rawai-phuket-u5799064""}",2026-04-21 09:03:40.222073,2026-04-21 09:03:40.222073,1
367,fazwaz,studio-condo-for-sale-at-the-green-golf-residence-in-kathu-phuket-u6124059,https://www.fazwaz.com/property-sales/studio-condo-for-sale-at-the-green-golf-residence-in-kathu-phuket-u6124059,The Green Golf Residence,,,kathu,"Kathu, Kathu, Phuket",,,condo,unknown,,,,,,,,,2750000.0,,,,,,unknown,,0,,0,1,0,0,,,0,,,,,,"{""card_text"": ""see all the green golf residence listed 3 weeks ago updated 3 weeks ago kathu, kathu, phuket ฿2,750,000 (฿57,300/sqm) studio condo for sale at the green golf residence 📍 kathu – the geographic heart of phuket (pet friendly)\nbetween patong beach, central phuket & phuket town.\na rare opportunity to own a fully renovated 5th-floor studio in one of phuket&rsq... details: studio 1 bathroom(s) 48 sqm pr"", ""tags"": [""cam fee:฿45/mo"", ""updated: 3 weeks ago""], ""location_text"": ""Kathu, Kathu, Phuket"", ""url"": ""https://www.fazwaz.com/property-sales/studio-condo-for-sale-at-the-green-golf-residence-in-kathu-phuket-u6124059""}",2026-04-21 09:03:40.222073,2026-04-21 09:03:40.222073,1
368,fazwaz,4-bedroom-villa-for-sale-at-nai-harn-baan-bua-in-rawai-phuket-u5992183,https://www.fazwaz.com/property-sales/4-bedroom-villa-for-sale-at-nai-harn-baan-bua-in-rawai-phuket-u5992183,Nai Harn Baan Bua,,,rawai,"Rawai, Phuket Town, Phuket",,,villa,unknown,,,4.0,,,,,,37000000.0,,,,,,unknown,,0,,0,1,1,1,,,0,,,,,,"{""card_text"": ""see all nai harn baan bua updated 1 month ago rawai, phuket town, phuket ฿37,000,000 (฿74,000/sqm) 4 bedroom villa for sale at nai harn baan bua luxury 4-bedroom balinese-style pool villa near nai harn beach 🌴\n\n\n 4 bedrooms + office/gym room\n\n\n high-end residential estate near nai harn beach\n\n\n built over 3 levels with mountain... details: 4 bedroom(s) 4.5 bathroom(s) 500 sqm property type: villa "", ""tags"": [""rent:฿150,000/mo| roi:5%"", ""cam fee:฿6,000/mo"", ""sinking fund:฿150,000"", ""updated: 1 month ago""], ""location_text"": ""Rawai, Phuket Town, Phuket"", ""url"": ""https://www.fazwaz.com/property-sales/4-bedroom-villa-for-sale-at-nai-harn-baan-bua-in-rawai-phuket-u5992183""}",2026-04-21 09:03:40.222073,2026-04-21 09:03:40.222073,1
369,fazwaz,4-bedroom-house-for-sale-in-kathu-phuket-u5930123,https://www.fazwaz.com/property-sales/4-bedroom-house-for-sale-in-kathu-phuket-u5930123,For Rent Stand-Alone House 4 Bedrooms in Kathu,,,kathu,"Kathu, Kathu, Phuket",,,house,unknown,,,4.0,3.0,,,,,11000000.0,,,,,,long_term,,0,,0,0,1,0,,,0,,,,,,"{""card_text"": ""see all for rent stand-alone house 4 bedrooms in kathu updated 1 week ago kathu, kathu, phuket ฿11,000,000 (฿30,600/sqm) 4 bedroom house for sale in kathu, phuket spacious 2-storey detached house on a 90 sq.wah land plot.private, bright, and ideal for families or long-term living.\n✔ 4 bedrooms | 3 bathrooms✔ large living area & spacious kitchen✔ wide outdoo... details: 4 bedroom(s) 3 bathroom(s) 3"", ""tags"": [""updated: 1 week ago""], ""location_text"": ""Kathu, Kathu, Phuket"", ""url"": ""https://www.fazwaz.com/property-sales/4-bedroom-house-for-sale-in-kathu-phuket-u5930123""}",2026-04-21 09:03:40.229588,2026-04-21 09:03:40.229588,1
370,fazwaz,2-bedroom-condo-for-sale-at-the-base-bukit-in-wichit-phuket-u5651116,https://www.fazwaz.com/property-sales/2-bedroom-condo-for-sale-at-the-base-bukit-in-wichit-phuket-u5651116,THE BASE Bukit,,,phuket-town,"Wichit, Phuket Town, Phuket",,,land,unknown,,,,,,,,,3500000.0,,,,,,unknown,,0,,0,1,1,0,,,0,,,,,,"{""card_text"": ""see all the base bukit updated 4 weeks ago wichit, phuket town, phuket ฿3,500,000 (฿102,000/sqm) 2 bedroom condo for sale at the base bukit the base bukit is a visionary residential development located in the heart of phuket city, thailand. this exquisite project seamlessly blends the rich heritage of peranakan culture with the contempora... details: 2 bedroom(s) 1 bathroom(s) 34.28 sqm property t"", ""tags"": [""rent:฿25,000/mo| roi:9%"", ""updated: 4 weeks ago""], ""location_text"": ""Wichit, Phuket Town, Phuket"", ""url"": ""https://www.fazwaz.com/property-sales/2-bedroom-condo-for-sale-at-the-base-bukit-in-wichit-phuket-u5651116""}",2026-04-21 09:03:40.230920,2026-04-21 09:03:40.230920,1
371,fazwaz,3-bedroom-villa-for-sale-in-rawai-phuket-u5746793,https://www.fazwaz.com/property-sales/3-bedroom-villa-for-sale-in-rawai-phuket-u5746793,3 Bedrooms Pool Villa Ready to Move In & Earn Rental Income,,,rawai,"Rawai, Phuket Town, Phuket",,,villa,unknown,,,,,,,,,12500000.0,,,,,,unknown,,0,,0,1,1,0,,,0,,,,,,"{""card_text"": ""see all 3 bedrooms pool villa ready to move in & earn rental income updated 3 weeks ago rawai, phuket town, phuket ฿12,500,000 ฿12,900,000 (฿67,600/sqm) 3 bedroom villa for sale in rawai, phuket 3-bedroom pool villa – ready to move in & earn income instantly discover the perfect blend of lifestyle and investment with this charming 3-bedroom, 3-bathroom private pool villa. set... details: 3 bedroom"", ""tags"": [""updated: 3 weeks ago""], ""location_text"": ""Rawai, Phuket Town, Phuket"", ""url"": ""https://www.fazwaz.com/property-sales/3-bedroom-villa-for-sale-in-rawai-phuket-u5746793""}",2026-04-21 09:03:40.230920,2026-04-21 09:03:40.230920,1
372,fazwaz,3-bedroom-villa-for-sale-at-the-passion-residence-urban-in-chalong-phuket-u6145602,https://www.fazwaz.com/property-sales/3-bedroom-villa-for-sale-at-the-passion-residence-urban-in-chalong-phuket-u6145602,The Passion Residence Urban,,,chalong,"Chalong, Phuket Town, Phuket",,,villa,unknown,,,,,,,,,13900000.0,,,,,,unknown,,0,,0,1,0,0,,,1,,,,,,"{""card_text"": ""see all the passion residence urban listed 3 weeks ago chalong, phuket town, phuket ฿13,900,000 (฿57,900/sqm) 3 bedroom villa for sale at the passion residence urban the passion residence urban is a contemporary residential development designed for modern city living, where style, comfort, and functionality come together seamlessly. thoughtfully crafted with a foc... details: 3 bedroom(s) 4 bathro"", ""tags"": [], ""location_text"": ""Chalong, Phuket Town, Phuket"", ""url"": ""https://www.fazwaz.com/property-sales/3-bedroom-villa-for-sale-at-the-passion-residence-urban-in-chalong-phuket-u6145602""}",2026-04-21 09:03:40.230920,2026-04-21 09:03:40.230920,1
373,fazwaz,2-bedroom-condo-for-sale-at-escent-phuket-in-wichit-phuket-u6172135,https://www.fazwaz.com/property-sales/2-bedroom-condo-for-sale-at-escent-phuket-in-wichit-phuket-u6172135,Escent Phuket,,,phuket-town,"Wichit, Phuket Town, Phuket",,,land,unknown,,,,,,,,,6200000.0,,,,,,unknown,,0,,0,1,1,0,,,1,,,,,,"{""card_text"": ""see all escent phuket listed 2 weeks ago updated 2 weeks ago wichit, phuket town, phuket ฿6,200,000 (฿121,000/sqm) 2 bedroom condo for sale at escent phuket introducing the latest three projects from cpn development, inspired by the core concept of an “island archipelago lifestyle.”phase 2 expands under the theme of “beach city life,&rdq... details: 2 bedroom(s) 2 bathroom(s) 51.25 sqm property ty"", ""tags"": [""updated: 2 weeks ago""], ""location_text"": ""Wichit, Phuket Town, Phuket"", ""url"": ""https://www.fazwaz.com/property-sales/2-bedroom-condo-for-sale-at-escent-phuket-in-wichit-phuket-u6172135""}",2026-04-21 09:03:40.237877,2026-04-21 09:03:40.237877,1
374,fazwaz,3-bedroom-villa-for-sale-at-sunrise-palms-phase-ii-in-si-sunthon-phuket-u6100811,https://www.fazwaz.com/property-sales/3-bedroom-villa-for-sale-at-sunrise-palms-phase-ii-in-si-sunthon-phuket-u6100811,Sunrise Palms - Phase II,,,layan,"Si Sunthon, Thalang, Phuket",,,villa,unknown,,,,,,,,,15990000.0,,,,,,unknown,,0,,0,1,1,0,,,0,,,,,,"{""card_text"": ""see all sunrise palms - phase ii listed 1 month ago updated 3 weeks ago si sunthon, thalang, phuket ฿15,990,000 (฿114,000/sqm) 3 bedroom villa for sale at sunrise palms - phase ii discover this modern 3-bedroom pool villa located in the peaceful and residential area of pasak, phuket, completed in january 2026, offering the perfect balance between privacy, comfort and investment... details: 3 bedro"", ""tags"": [""updated: 3 weeks ago""], ""location_text"": ""Si Sunthon, Thalang, Phuket"", ""url"": ""https://www.fazwaz.com/property-sales/3-bedroom-villa-for-sale-at-sunrise-palms-phase-ii-in-si-sunthon-phuket-u6100811""}",2026-04-21 09:03:40.237877,2026-04-21 09:03:40.237877,1
375,fazwaz,2-bedroom-condo-for-sale-at-zcape-i-in-choeng-thale-phuket-u6024397,https://www.fazwaz.com/property-sales/2-bedroom-condo-for-sale-at-zcape-i-in-choeng-thale-phuket-u6024397,Zcape I,,,cherng-talay,"Choeng Thale, Thalang, Phuket",,,condo,unknown,,,,,,,,,4000000.0,,,,,,unknown,,0,,0,0,0,0,,,0,,,,,,"{""card_text"": ""see all zcape i choeng thale, thalang, phuket ฿4,000,000 (฿95,900/sqm) 2 bedroom condo for sale at zcape i located at the bustling area right between boat avenue and porto de phuket, this is the perfect location if you are looking for a private and 180 degrees mountain view condo in an excellent residentia... details: 2 bedroom(s) 1 bathroom(s) 41.70 sqm property type: condo beach 2.18 km foreign "", ""tags"": [""rent:฿28,000/mo| roi:8%"", ""cam fee:฿1,585/mo""], ""location_text"": ""Choeng Thale, Thalang, Phuket"", ""url"": ""https://www.fazwaz.com/property-sales/2-bedroom-condo-for-sale-at-zcape-i-in-choeng-thale-phuket-u6024397""}",2026-04-21 09:03:40.242772,2026-04-21 09:03:40.242772,1
376,fazwaz,1-bedroom-apartment-for-sale-at-the-proud-rawai-condominium-in-rawai-phuket-u5795670,https://www.fazwaz.com/property-sales/1-bedroom-apartment-for-sale-at-the-proud-rawai-condominium-in-rawai-phuket-u5795670,The Proud Rawai Condominium,,,rawai,"Rawai, Phuket Town, Phuket",,,condo,leasehold,,,,,,,,,3000000.0,,,,,,unknown,,0,,0,0,0,0,,,0,,,,,,"{""card_text"": ""see all the proud rawai condominium 8% guar. return for 3 years updated 1 week ago rawai, phuket town, phuket ฿3,000,000 ฿3,300,000 (฿93,000/sqm) 1 bedroom apartment for sale at the proud rawai condominium this beautifully maintained apartment is located in a modern residential complex just 2 km from nai harn beach, one of phuket’s most popular and family-friendly destinations.  \napartme... detail"", ""tags"": [""cam fee:฿1,613/mo"", ""sinking fund:฿16,125"", ""updated: 1 week ago""], ""location_text"": ""Rawai, Phuket Town, Phuket"", ""url"": ""https://www.fazwaz.com/property-sales/1-bedroom-apartment-for-sale-at-the-proud-rawai-condominium-in-rawai-phuket-u5795670""}",2026-04-21 09:03:40.242772,2026-04-21 09:03:40.242772,1
377,fazwaz,3-bedroom-apartment-for-sale-at-maan-tawan-in-choeng-thale-phuket-u5550330,https://www.fazwaz.com/property-sales/3-bedroom-apartment-for-sale-at-maan-tawan-in-choeng-thale-phuket-u5550330,Maan Tawan,,,cherng-talay,"Choeng Thale, Thalang, Phuket",,,condo,leasehold,,,,,,,,,33000000.0,,,,,,unknown,,0,,0,0,0,0,,,0,,,,,,"{""card_text"": ""see all maan tawan updated 1 day ago choeng thale, thalang, phuket ฿33,000,000 ฿35,000,000 (฿100,000/sqm) 3 bedroom apartment for sale at maan tawan maan tawan apartment for sale in phuket is comfortably located across a beach and only 150 meters away from bang tao beach, one of the longest and most attractive beaches in all of phuket. the residen... details: 3 bedroom(s) 3 bathroom(s) 330 sqm pro"", ""tags"": [""cam fee:฿16,000/mo"", ""updated: 1 day ago""], ""location_text"": ""Choeng Thale, Thalang, Phuket"", ""url"": ""https://www.fazwaz.com/property-sales/3-bedroom-apartment-for-sale-at-maan-tawan-in-choeng-thale-phuket-u5550330""}",2026-04-21 09:03:40.242772,2026-04-21 09:03:40.242772,1
378,fazwaz,studio-condo-for-sale-at-the-regent-bangtao-in-choeng-thale-phuket-u5780581,https://www.fazwaz.com/property-sales/studio-condo-for-sale-at-the-regent-bangtao-in-choeng-thale-phuket-u5780581,The Regent Bangtao,,,cherng-talay,"Choeng Thale, Thalang, Phuket",,,condo,unknown,,,,,,,,,4320000.0,,,,,,unknown,,0,,0,0,0,0,,,0,,,,,,"{""card_text"": ""see all the regent bangtao 7% guar. return for 3 years updated 1 week ago choeng thale, thalang, phuket ฿4,320,000 (฿96,000/sqm) studio condo for sale at the regent bangtao renovated studio in 2024 year with tenants. details: studio 1 bathroom(s) 45 sqm property type: condo foreign quota year built 2015 low rise floor 4 palm view mountain view jacuzzi terrace balcony cam fee: ฿1,350/mo updated: 1 "", ""tags"": [""cam fee:฿1,350/mo"", ""updated: 1 week ago""], ""location_text"": ""Choeng Thale, Thalang, Phuket"", ""url"": ""https://www.fazwaz.com/property-sales/studio-condo-for-sale-at-the-regent-bangtao-in-choeng-thale-phuket-u5780581""}",2026-04-21 09:03:40.242772,2026-04-21 09:03:40.242772,1
379,fazwaz,1-bedroom-condo-for-sale-at-cassia-residence-phuket-in-choeng-thale-phuket-u5649691,https://www.fazwaz.com/property-sales/1-bedroom-condo-for-sale-at-cassia-residence-phuket-in-choeng-thale-phuket-u5649691,Cassia Residence Phuket,,,cherng-talay,"Choeng Thale, Thalang, Phuket",,,condo,unknown,,,,,,,,,8500000.0,,,,,,unknown,,0,,0,0,0,0,,,0,,,,,,"{""card_text"": ""see all cassia residence phuket updated 1 day ago choeng thale, thalang, phuket ฿8,500,000 ฿9,900,000 (฿160,000/sqm) 1 bedroom condo for sale at cassia residence phuket condo for sell in phuket with ocean front view. good location in phuket.  near the beach details: 1 bedroom(s) 1 bathroom(s) 53.16 sqm property type: condo beach 0.83 km thai quota year built 2019 low rise floor 6 sea view lake vie"", ""tags"": [""est. rent:฿59,200/mo| roi:8%"", ""updated: 1 day ago""], ""location_text"": ""Choeng Thale, Thalang, Phuket"", ""url"": ""https://www.fazwaz.com/property-sales/1-bedroom-condo-for-sale-at-cassia-residence-phuket-in-choeng-thale-phuket-u5649691""}",2026-04-21 09:03:40.242772,2026-04-21 09:03:40.242772,1
380,fazwaz,3-bedroom-house-for-sale-at-mono-loft-house-koh-keaw-in-ko-kaeo-phuket-u5942892,https://www.fazwaz.com/property-sales/3-bedroom-house-for-sale-at-mono-loft-house-koh-keaw-in-ko-kaeo-phuket-u5942892,Mono Loft House Koh Keaw,,,phuket-town,"Ko Kaeo, Phuket Town, Phuket",,,house,leasehold,,,3.0,3.0,,,,,6850000.0,,,,,,unknown,,0,,0,0,0,0,,,0,,,,,,"{""card_text"": ""see all mono loft house koh keaw updated 4 days ago ko kaeo, phuket town, phuket ฿6,850,000 ฿7,300,000 (฿39,800/sqm) 3 bedroom house for sale at mono loft house koh keaw 3 bed 3 bath japanese loft-style home in koh kaew  fully furnished and ready to move-in safe and secured leasehold ownership from the developer details: 3 bedroom(s) 3 bathroom(s) 172 sqm property type: house year built 2017 unblo"", ""tags"": [""est. rent:฿49,400/mo| roi:9%"", ""cam fee:฿1,500/mo"", ""sinking fund:฿15,000"", ""updated: 4 days ago""], ""location_text"": ""Ko Kaeo, Phuket Town, Phuket"", ""url"": ""https://www.fazwaz.com/property-sales/3-bedroom-house-for-sale-at-mono-loft-house-koh-keaw-in-ko-kaeo-phuket-u5942892""}",2026-04-21 09:03:40.253580,2026-04-21 09:03:40.253580,1
381,fazwaz,2-bedroom-villa-for-sale-at-the-kiri-villas-in-thep-krasattri-phuket-u1980993,https://www.fazwaz.com/property-sales/2-bedroom-villa-for-sale-at-the-kiri-villas-in-thep-krasattri-phuket-u1980993,The Kiri Villas,,,thalang,"Thep Krasattri, Thalang, Phuket",,,villa,unknown,,,,,,,,,20000000.0,,,,,,unknown,,0,,0,1,1,0,,,0,,,,,,"{""card_text"": ""see all the kiri villas updated 2 months ago thep krasattri, thalang, phuket ฿20,000,000 (฿80,000/sqm) 2 bedroom villa for sale at the kiri villas the kiri villas: experience a novelty of relaxation in a private pool villa with a quiet atmosphere that offers a large party space. the villas are designed in a gorgeous contemporary concept with qua... details: 2 bedroom(s) 2 bathroom(s) 250 sqm prope"", ""tags"": [""rent:฿100,000/mo| roi:6%"", ""updated: 2 months ago""], ""location_text"": ""Thep Krasattri, Thalang, Phuket"", ""url"": ""https://www.fazwaz.com/property-sales/2-bedroom-villa-for-sale-at-the-kiri-villas-in-thep-krasattri-phuket-u1980993""}",2026-04-21 09:03:40.254605,2026-04-21 09:03:40.254605,1
382,fazwaz,2-bedroom-condo-for-sale-at-paradox-karon-in-karon-phuket-u5967532,https://www.fazwaz.com/property-sales/2-bedroom-condo-for-sale-at-paradox-karon-in-karon-phuket-u5967532,Paradox Karon,,,karon,"Karon, Phuket Town, Phuket",,,condo,leasehold,,,2.0,2.0,130.0,,,,19900000.0,153076.92,,,,,unknown,,0,,0,0,0,0,,,0,,,,,,"{""card_text"": ""see all paradox karon updated 1 week ago karon, phuket town, phuket ฿19,900,000 (฿153,000/sqm) 2 bedroom condo for sale at paradox karon a unique opportunity to secure an amazing apartment right on karon beach.\n- 2 bedrooms, 2 bathrooms.\n- total 130 sq.m.\n- prime location, right on karon beach. \n price: 19,900,000 thai baht\nthis 1... details: 2 bedroom(s) 2 bathroom(s) 130 sqm property type: condo"", ""tags"": [""cam fee:฿11,182/mo"", ""updated: 1 week ago""], ""location_text"": ""Karon, Phuket Town, Phuket"", ""url"": ""https://www.fazwaz.com/property-sales/2-bedroom-condo-for-sale-at-paradox-karon-in-karon-phuket-u5967532""}",2026-04-21 09:03:40.254605,2026-04-21 09:03:40.254605,1
383,fazwaz,3-bedroom-villa-for-sale-at-the-kiri-villas-in-thep-krasattri-phuket-u5724446,https://www.fazwaz.com/property-sales/3-bedroom-villa-for-sale-at-the-kiri-villas-in-thep-krasattri-phuket-u5724446,The Kiri Villas,,,thalang,"Thep Krasattri, Thalang, Phuket",,,villa,unknown,,,,,200.0,,,,15000000.0,75000.0,,,,,unknown,,0,,0,1,1,0,,,0,,,,,,"{""card_text"": ""see all the kiri villas updated 1 week ago thep krasattri, thalang, phuket ฿15,000,000 ฿17,900,000 (฿75,000/sqm) 3 bedroom villa for sale at the kiri villas this property is a eco pool villa with build up200 sqm.total plot area 588 sqm.this vila is a part of the kiri pool villas and resort project it's available for rent and sale.you and rent this propert... details: 3 bedroom(s) 3 bathroom(s) 200"", ""tags"": [""rent:฿110,000/mo| roi:9%"", ""updated: 1 week ago""], ""location_text"": ""Thep Krasattri, Thalang, Phuket"", ""url"": ""https://www.fazwaz.com/property-sales/3-bedroom-villa-for-sale-at-the-kiri-villas-in-thep-krasattri-phuket-u5724446""}",2026-04-21 09:03:40.254605,2026-04-21 09:03:40.254605,1
384,fazwaz,1-bedroom-condo-for-sale-at-fantasea-condo-kamala-in-kamala-phuket-u5551150,https://www.fazwaz.com/property-sales/1-bedroom-condo-for-sale-at-fantasea-condo-kamala-in-kamala-phuket-u5551150,Fantasea Condo Kamala,,,kamala,"Kamala, Kathu, Phuket",,,condo,unknown,,,,,,,,,2500000.0,,,,,,unknown,,0,,0,0,0,0,,,0,,,,,,"{""card_text"": ""see all fantasea condo kamala updated 2 months ago kamala, kathu, phuket ฿2,500,000 (฿89,300/sqm) 1 bedroom condo for sale at fantasea condo kamala fantasea condo kamala experience the best of kamala living with our prime location just steps away from phuket fantasea and the beach. immerse yourself in luxury with our full range of top-quality ame... details: 1 bedroom(s) 1 bathroom(s) 28 sqm prope"", ""tags"": [""rent:฿25,000/mo| roi:12%"", ""cam fee:฿1,400/mo"", ""sinking fund:฿14,000"", ""updated: 2 months ago""], ""location_text"": ""Kamala, Kathu, Phuket"", ""url"": ""https://www.fazwaz.com/property-sales/1-bedroom-condo-for-sale-at-fantasea-condo-kamala-in-kamala-phuket-u5551150""}",2026-04-21 09:03:40.254605,2026-04-21 09:03:40.254605,1
385,fazwaz,2-bedroom-villa-for-sale-at-baan-rommai-chailay-in-ratsada-phuket-u1096282,https://www.fazwaz.com/property-sales/2-bedroom-villa-for-sale-at-baan-rommai-chailay-in-ratsada-phuket-u1096282,Baan Rommai Chailay,,,phuket-town,"Ratsada, Phuket Town, Phuket",,,villa,unknown,,,2.0,2.0,,,,,14900000.0,,,,,,unknown,,0,,0,0,1,0,,,0,,,,,,"{""card_text"": ""see all baan rommai chailay updated 3 weeks ago ratsada, phuket town, phuket ฿14,900,000 ฿15,500,000 (฿37,200/sqm) 2 bedroom villa for sale at baan rommai chailay amazing sea view villa with 2 bedrooms and 2 bathrooms over looking coconut island. details: 2 bedroom(s) 2 bathroom(s) 400 sqm property type: villa year built 2013 sea view mountain view private garden terrace balcony pets\n             "", ""tags"": [""rent:฿50,000/mo| roi:4%"", ""cam fee:฿2,200/mo"", ""updated: 3 weeks ago""], ""location_text"": ""Ratsada, Phuket Town, Phuket"", ""url"": ""https://www.fazwaz.com/property-sales/2-bedroom-villa-for-sale-at-baan-rommai-chailay-in-ratsada-phuket-u1096282""}",2026-04-21 09:03:40.254605,2026-04-21 09:03:40.254605,1
386,fazwaz,3-bedroom-villa-for-sale-at-vip-space-odyssey-in-rawai-phuket-u6163099,https://www.fazwaz.com/property-sales/3-bedroom-villa-for-sale-at-vip-space-odyssey-in-rawai-phuket-u6163099,VIP Space Odyssey,,,rawai,"Rawai, Phuket Town, Phuket",,,villa,unknown,,,,,350.0,,,,14000000.0,40000.0,,,,,unknown,,0,,0,1,0,0,,,0,,,,,,"{""card_text"": ""see all vip space odyssey 6% guar. return for 3 years listed 2 weeks ago updated 2 weeks ago rawai, phuket town, phuket ฿14,000,000 (฿70,000/sqm) 3 bedroom villa for sale at vip space odyssey luxury pool villas for sale at wyndham grand rawai\n📍 rawai, phuket, thailand\nrawai vip villas & kid park\nsize land plot: 350 sqm\nsize built-up living space: 200 sqm\nyear it was built: 2015... details: 3 bedro"", ""tags"": [""cam fee:฿12,000/mo"", ""sinking fund:฿80,000"", ""updated: 2 weeks ago""], ""location_text"": ""Rawai, Phuket Town, Phuket"", ""url"": ""https://www.fazwaz.com/property-sales/3-bedroom-villa-for-sale-at-vip-space-odyssey-in-rawai-phuket-u6163099""}",2026-04-21 09:03:40.266955,2026-04-21 09:03:40.266955,1
387,fazwaz,2-bedroom-condo-for-sale-at-canvas-cherngtalay-in-choeng-thale-phuket-u6082832,https://www.fazwaz.com/property-sales/2-bedroom-condo-for-sale-at-canvas-cherngtalay-in-choeng-thale-phuket-u6082832,CANVAS Cherngtalay,,,cherng-talay,"Choeng Thale, Thalang, Phuket",,,condo,unknown,,,,2.0,,,,,10500000.0,,,,,,unknown,,0,,0,0,0,0,,,0,,,,,,"{""card_text"": ""see all canvas cherngtalay updated 22 hours ago choeng thale, thalang, phuket ฿10,500,000 (฿179,000/sqm) 2 bedroom condo for sale at canvas cherngtalay modern 2-bedroom condominium located in the prestigious canvas cherngtalay project in one of phuket’s most desirable residential areas. the unit offers a functional layout, 2 bathrooms, and a pl... details: 2 bedroom(s) 2 bathroom(s) 58.74 sqm prop"", ""tags"": [""est. rent:฿77,600/mo| roi:9%"", ""cam fee:฿4,993/mo"", ""sinking fund:฿38,181"", ""updated: 22 hours ago""], ""location_text"": ""Choeng Thale, Thalang, Phuket"", ""url"": ""https://www.fazwaz.com/property-sales/2-bedroom-condo-for-sale-at-canvas-cherngtalay-in-choeng-thale-phuket-u6082832""}",2026-04-21 09:03:40.268657,2026-04-21 09:03:40.268657,1
388,fazwaz,2-bedroom-condo-for-sale-at-the-title-heritage-bang-tao-in-choeng-thale-phuket-u6165448,https://www.fazwaz.com/property-sales/2-bedroom-condo-for-sale-at-the-title-heritage-bang-tao-in-choeng-thale-phuket-u6165448,The Title Heritage Bang-Tao,,,cherng-talay,"Choeng Thale, Thalang, Phuket",,,condo,leasehold,,,1.0,,,,,,8750000.0,,,,,,unknown,,0,,0,0,0,0,,,1,,,,,,"{""card_text"": ""see all the title heritage bang-tao listed 2 weeks ago updated 2 weeks ago choeng thale, thalang, phuket ฿8,750,000 (฿156,000/sqm) 2 bedroom condo for sale at the title heritage bang-tao 1 bed plus can be 2 bedroom good price details: 2 bedroom(s) 1 bathroom(s) 56 sqm property type: condo beach 2.31 km leasehold off plan 2026 low rise floor 4 cam fee: ฿4,760/mo sinking fund: ฿47,600 updated: 2 wee"", ""tags"": [""cam fee:฿4,760/mo"", ""sinking fund:฿47,600"", ""updated: 2 weeks ago""], ""location_text"": ""Choeng Thale, Thalang, Phuket"", ""url"": ""https://www.fazwaz.com/property-sales/2-bedroom-condo-for-sale-at-the-title-heritage-bang-tao-in-choeng-thale-phuket-u6165448""}",2026-04-21 09:03:40.268657,2026-04-21 09:03:40.268657,1
389,fazwaz,2-bedroom-condo-for-sale-at-bayshore-oceanview-condominium-in-patong-phuket-u16347,https://www.fazwaz.com/property-sales/2-bedroom-condo-for-sale-at-bayshore-oceanview-condominium-in-patong-phuket-u16347,Bayshore Oceanview Condominium,,,patong,"Patong, Kathu, Phuket",,,condo,leasehold,,,2.0,1.0,,,,,6999999.0,,,,,,unknown,,0,,0,0,0,0,,,0,,,,,,"{""card_text"": ""see all bayshore oceanview condominium updated 4 weeks ago patong, kathu, phuket ฿6,999,999 (฿73,700/sqm) 2 bedroom condo for sale at bayshore oceanview condominium this 2 bedroom and 1 bathroom condo is popular and one we lived in ourselves for years.with 2 balconies, one from the lounge room overlooking patong to the ocean, providing panoramic views to enjoy re... details: 2 bedroom(s) 1 bathroo"", ""tags"": [""rent:฿79,000/mo| roi:14%"", ""cam fee:฿4,750/mo"", ""updated: 4 weeks ago""], ""location_text"": ""Patong, Kathu, Phuket"", ""url"": ""https://www.fazwaz.com/property-sales/2-bedroom-condo-for-sale-at-bayshore-oceanview-condominium-in-patong-phuket-u16347""}",2026-04-21 09:03:40.268657,2026-04-21 09:03:40.268657,1
390,fazwaz,4-bedroom-villa-for-sale-at-angsana-laguna-in-choeng-thale-phuket-u5618542,https://www.fazwaz.com/property-sales/4-bedroom-villa-for-sale-at-angsana-laguna-in-choeng-thale-phuket-u5618542,Angsana Laguna,,,cherng-talay,"Choeng Thale, Thalang, Phuket",,,villa,unknown,,,,,,,,,28900000.0,,,,,,unknown,,0,,0,1,0,0,,,0,,,,,,"{""card_text"": ""see all angsana laguna updated 6 days ago choeng thale, thalang, phuket ฿28,900,000 ฿31,500,000 (฿57,800/sqm) 4 bedroom villa for sale at angsana laguna angsana laguna offers a very special living experience with phuket's natural scenery, the pearl of andaman. impressed by the speechless sunset view making everyday fun or a romantic getaway with your... details: 4 bedroom(s) 5 bathroom(s) 500 sqm "", ""tags"": [""est. rent:฿355,000/mo| roi:15%"", ""cam fee:฿80/mo"", ""updated: 6 days ago""], ""location_text"": ""Choeng Thale, Thalang, Phuket"", ""url"": ""https://www.fazwaz.com/property-sales/4-bedroom-villa-for-sale-at-angsana-laguna-in-choeng-thale-phuket-u5618542""}",2026-04-21 09:03:40.268657,2026-04-21 09:03:40.268657,1
391,fazwaz,3-bedroom-villa-for-sale-in-kamala-phuket-u5728827,https://www.fazwaz.com/property-sales/3-bedroom-villa-for-sale-in-kamala-phuket-u5728827,3 Bedrooms 4 Bathrooms Villa in Kamala beach,,,kamala,"Kamala, Kathu, Phuket",,,villa,unknown,,,,,,,,,25000000.0,,,,,,unknown,,0,,0,1,0,0,,,0,,,,,,"{""card_text"": ""see all 3 bedrooms 4 bathrooms villa in kamala beach updated 3 weeks ago kamala, kathu, phuket ฿25,000,000 ฿28,000,000 (฿70,200/sqm) 3 bedroom villa for sale in kamala, phuket kamala beach is one of the most beautiful beaches in phuket.\n\n\n a newly renovated luxury villa on a peaceful and private plot, ideal for family living or as a holiday home. conveniently located appro... details: 3 bedroom(s)"", ""tags"": [""updated: 3 weeks ago""], ""location_text"": ""Kamala, Kathu, Phuket"", ""url"": ""https://www.fazwaz.com/property-sales/3-bedroom-villa-for-sale-in-kamala-phuket-u5728827""}",2026-04-21 09:03:47.409234,2026-04-21 09:03:47.409234,1
392,fazwaz,2-bedroom-penthouse-for-sale-at-the-green-golf-residence-in-kathu-phuket-u6077429,https://www.fazwaz.com/property-sales/2-bedroom-penthouse-for-sale-at-the-green-golf-residence-in-kathu-phuket-u6077429,The Green Golf Residence,,,kathu,"Kathu, Kathu, Phuket",,,house,unknown,,,2.0,2.0,120.0,,,,7100000.0,59166.67,,,,,unknown,,0,,0,0,0,0,,,0,,,,,,"{""card_text"": ""see all the green golf residence updated 1 day ago kathu, kathu, phuket ฿7,100,000 (฿59,200/sqm) 2 bedroom penthouse for sale at the green golf residence this property is a 120 sqm penthouse with 2 bedrooms and 2 bathrooms that is available for sale. it is part of the the green golf residence project in kathu, phuket and was completed in feb... details: 2 bedroom(s) 2 bathroom(s) 120 sqm property "", ""tags"": [""cam fee:฿45/mo"", ""updated: 1 day ago""], ""location_text"": ""Kathu, Kathu, Phuket"", ""url"": ""https://www.fazwaz.com/property-sales/2-bedroom-penthouse-for-sale-at-the-green-golf-residence-in-kathu-phuket-u6077429""}",2026-04-21 09:03:47.409234,2026-04-21 09:03:47.409234,1
393,fazwaz,6-bedroom-villa-for-sale-in-rawai-phuket-u1966306,https://www.fazwaz.com/property-sales/6-bedroom-villa-for-sale-in-rawai-phuket-u1966306,New 6 Bedrooms Luxury Pool Villa,,,rawai,"Rawai, Phuket Town, Phuket",,,villa,unknown,,,,,535.0,,,,30000000.0,56074.77,,,,,unknown,,0,,0,1,1,1,,,0,,,,,,"{""card_text"": ""see all new 6 bedrooms luxury pool villa updated 1 month ago rawai, phuket town, phuket ฿30,000,000 (฿75,000/sqm) 6 bedroom villa for sale in rawai, phuket the property is 100m from a 5* wellness resort with spa, gym and restaurant  ownership: thai company  land size: 535 sqm. build-up area: around 400 sqm swimming pool: 3.8m x 7.5m (complete... details: 6 bedroom(s) 7 bathroom(s) 400 sqm property"", ""tags"": [""updated: 1 month ago""], ""location_text"": ""Rawai, Phuket Town, Phuket"", ""url"": ""https://www.fazwaz.com/property-sales/6-bedroom-villa-for-sale-in-rawai-phuket-u1966306""}",2026-04-21 09:03:47.409234,2026-04-21 09:03:47.409234,1
394,fazwaz,2-bedroom-condo-for-sale-at-nai-harn-beach-condominium-in-rawai-phuket-u5900215,https://www.fazwaz.com/property-sales/2-bedroom-condo-for-sale-at-nai-harn-beach-condominium-in-rawai-phuket-u5900215,Nai Harn Beach Condominium,,,rawai,"Rawai, Phuket Town, Phuket",,,condo,unknown,,,,,,,,,9100000.0,,,,,,unknown,,0,,0,1,1,0,,,0,,,,,,"{""card_text"": ""see all nai harn beach condominium updated 4 days ago rawai, phuket town, phuket ฿9,100,000 (฿79,100/sqm) 2 bedroom condo for sale at nai harn beach condominium apartments with spacious balconies and panoramic views of the mountains and green garden. an excellent choice for families who value light, space and natural scenery. layout and equipment total area:... details: 2 bedroom(s) 2 bathroom(s) "", ""tags"": [""rent:฿78,000/mo| roi:10%"", ""cam fee:฿8,050/mo"", ""updated: 4 days ago""], ""location_text"": ""Rawai, Phuket Town, Phuket"", ""url"": ""https://www.fazwaz.com/property-sales/2-bedroom-condo-for-sale-at-nai-harn-beach-condominium-in-rawai-phuket-u5900215""}",2026-04-21 09:03:47.409234,2026-04-21 09:03:47.409234,1
395,fazwaz,4-bedroom-villa-for-sale-at-botanica-foresta-in-thep-krasattri-phuket-u5920994,https://www.fazwaz.com/property-sales/4-bedroom-villa-for-sale-at-botanica-foresta-in-thep-krasattri-phuket-u5920994,Botanica Foresta,,,thalang,"Thep Krasattri, Thalang, Phuket",,,villa,unknown,,,,,,,,,35000000.0,,,,,,unknown,,0,,0,1,1,0,,,0,,,,,,"{""card_text"": ""see all botanica foresta updated 6 days ago thep krasattri, thalang, phuket ฿35,000,000 (฿98,600/sqm) 4 bedroom villa for sale at botanica foresta no matter you are looking for luxury, privacy, tranquility, relaxation, comfort, or modernity, your search has ended here at botanica foresta phase 10, a luxurious pool villa. guaranteed by many quali... details: 4 bedroom(s) 4 bathroom(s) 355 sqm prope"", ""tags"": [""rent:฿180,000/mo| roi:6%"", ""cam fee:฿10,340/mo"", ""sinking fund:฿100,000"", ""updated: 6 days ago""], ""location_text"": ""Thep Krasattri, Thalang, Phuket"", ""url"": ""https://www.fazwaz.com/property-sales/4-bedroom-villa-for-sale-at-botanica-foresta-in-thep-krasattri-phuket-u5920994""}",2026-04-21 09:03:47.409234,2026-04-21 09:03:47.409234,1
396,fazwaz,2-bedroom-condo-for-sale-at-the-title-v-in-rawai-phuket-u5806728,https://www.fazwaz.com/property-sales/2-bedroom-condo-for-sale-at-the-title-v-in-rawai-phuket-u5806728,The Title V,,,rawai,"Rawai, Phuket Town, Phuket",,,land,unknown,,,,,,,,,8500000.0,,,,,,unknown,,0,,0,1,0,1,,,0,,,,,,"{""card_text"": ""see all the title v updated 2 weeks ago rawai, phuket town, phuket ฿8,500,000 ฿9,000,000 (฿109,000/sqm) 2 bedroom condo for sale at the title v new comfort-class complex in the south of the island the complex features 6 swimming pools, a hammam, gym, parking, 24/7 security, and a reception desk. it’s a quiet, peaceful location perfect f... details: 2 bedroom(s) 2 bathroom(s) 78 sqm property type: "", ""tags"": [""est. rent:฿65,400/mo| roi:9%"", ""cam fee:฿4,290/mo"", ""sinking fund:฿46,800"", ""updated: 2 weeks ago""], ""location_text"": ""Rawai, Phuket Town, Phuket"", ""url"": ""https://www.fazwaz.com/property-sales/2-bedroom-condo-for-sale-at-the-title-v-in-rawai-phuket-u5806728""}",2026-04-21 09:03:47.422988,2026-04-21 09:03:47.422988,1
397,fazwaz,1-bedroom-condo-for-sale-at-noon-village-tower-ii-in-chalong-phuket-u1968947,https://www.fazwaz.com/property-sales/1-bedroom-condo-for-sale-at-noon-village-tower-ii-in-chalong-phuket-u1968947,NOON Village Tower II,,,chalong,"Chalong, Phuket Town, Phuket",,,villa,freehold,,,,,33.0,,,,3500000.0,106060.61,,,,,unknown,,0,,0,1,1,0,,,0,,,,,,"{""card_text"": ""see all noon village tower ii updated 1 day ago chalong, phuket town, phuket ฿3,500,000 (฿106,000/sqm) 1 bedroom condo for sale at noon village tower ii freehold condo for sale at noon village tower 2, 5th floor – city view. location: chalong, noon village tower 2, 5th floor. view: beautiful cityscape views. size: 33 sqm., bedrooms: 1-bedroom un... details: 1 bedroom(s) 1 bathroom(s) 33 sqm proper"", ""tags"": [""est. rent:฿26,200/mo| roi:9%"", ""cam fee:฿1,980/mo"", ""sinking fund:฿16,500"", ""updated: 1 day ago""], ""location_text"": ""Chalong, Phuket Town, Phuket"", ""url"": ""https://www.fazwaz.com/property-sales/1-bedroom-condo-for-sale-at-noon-village-tower-ii-in-chalong-phuket-u1968947""}",2026-04-21 09:03:47.422988,2026-04-21 09:03:47.422988,1
398,fazwaz,1-bedroom-condo-for-sale-at-sansuri-in-choeng-thale-phuket-u642206,https://www.fazwaz.com/property-sales/1-bedroom-condo-for-sale-at-sansuri-in-choeng-thale-phuket-u642206,Sansuri,,,cherng-talay,"Choeng Thale, Thalang, Phuket",,,condo,freehold,,,,,,,,,12840000.0,,,,,,unknown,,0,,0,1,0,1,,,0,,,,,,"{""card_text"": ""see all sansuri updated 1 month ago great price choeng thale, thalang, phuket ฿12,840,000 (฿120,000/sqm) 1 bedroom condo for sale at sansuri foreigner freehold condominium perfectly situated in a cozy private condominium with all the needed facilities (swimming pool, bar, gym, reception), our spacious apartment is your best choice for a dr... details: 1 bedroom(s) 1 bathroom(s) 107 sqm property ty"", ""tags"": [""rent:฿50,000/mo| roi:5%"", ""cam fee:฿5,885/mo"", ""sinking fund:฿53,500"", ""updated: 1 month ago""], ""location_text"": ""Choeng Thale, Thalang, Phuket"", ""url"": ""https://www.fazwaz.com/property-sales/1-bedroom-condo-for-sale-at-sansuri-in-choeng-thale-phuket-u642206""}",2026-04-21 09:03:47.422988,2026-04-21 09:03:47.422988,1
399,fazwaz,3-bedroom-villa-for-sale-at-thepburi-ratsadanusorn-in-ratsada-phuket-u1703440,https://www.fazwaz.com/property-sales/3-bedroom-villa-for-sale-at-thepburi-ratsadanusorn-in-ratsada-phuket-u1703440,Thepburi Ratsadanusorn,,,phuket-town,"Ratsada, Phuket Town, Phuket",,,villa,unknown,,,,,,,,,7000000.0,,,,,,unknown,,0,,0,1,1,0,,,0,,,,,,"{""card_text"": ""see all thepburi ratsadanusorn updated 1 month ago ratsada, phuket town, phuket ฿7,000,000 (฿31,800/sqm) 3 bedroom villa for sale at thepburi ratsadanusorn thepburi ratsadanusorn, a great project on a prime location near the phuket center, surrounded by many amenities such as banks, schools, shops, restaurants, and other landmarks. these include phuket r... details: 3 bedroom(s) 2 bathroom(s) 220 "", ""tags"": [""est. rent:฿50,400/mo| roi:9%"", ""cam fee:฿2,200/mo"", ""updated: 1 month ago""], ""location_text"": ""Ratsada, Phuket Town, Phuket"", ""url"": ""https://www.fazwaz.com/property-sales/3-bedroom-villa-for-sale-at-thepburi-ratsadanusorn-in-ratsada-phuket-u1703440""}",2026-04-21 09:03:47.422988,2026-04-21 09:03:47.422988,1
400,fazwaz,studio-condo-for-sale-at-harmony-condominium-in-rawai-phuket-u5340814,https://www.fazwaz.com/property-sales/studio-condo-for-sale-at-harmony-condominium-in-rawai-phuket-u5340814,Harmony Condominium,,,rawai,"Rawai, Phuket Town, Phuket",,,condo,unknown,,,,,,,,,4690000.0,,,,,,unknown,,0,,0,0,0,0,,,0,,,,,,"{""card_text"": ""see all harmony condominium updated 1 month ago rawai, phuket town, phuket ฿4,690,000 ฿5,200,000 (฿127,000/sqm) studio condo for sale at harmony condominium positioned in the heart of one of phuket’s most sought-after neighborhoods, this brand-new premium studio at harmony condominium rawai offers the perfect blend of lifestyle and investment potent... details: studio 1 bathroom(s) 37 sqm property"", ""tags"": [""rent:฿40,000/mo| roi:10%"", ""cam fee:฿2,960/mo"", ""sinking fund:฿22,200"", ""updated: 1 month ago""], ""location_text"": ""Rawai, Phuket Town, Phuket"", ""url"": ""https://www.fazwaz.com/property-sales/studio-condo-for-sale-at-harmony-condominium-in-rawai-phuket-u5340814""}",2026-04-21 09:03:47.422988,2026-04-21 09:03:47.422988,1
401,fazwaz,studio-condo-for-sale-at-vip-karon-in-karon-phuket-u5673537,https://www.fazwaz.com/property-sales/studio-condo-for-sale-at-vip-karon-in-karon-phuket-u5673537,VIP Karon,,,karon,"Karon, Phuket Town, Phuket",,,condo,leasehold,,,,,44.0,,,,4200000.0,95454.55,,,,,unknown,,0,,0,0,0,0,,,0,,,,,,"{""card_text"": ""see all vip karon updated 2 months ago karon, phuket town, phuket ฿4,200,000 (฿95,500/sqm) studio condo for sale at vip karon just 4 months away from completion, this brand-new 44 sqm 1-bedroom apartment at vip karon offers the perfect blend of modern comfort and unbeatable location.\nfully furnished and ready to move in, the... details: studio 1 bathroom(s) 44 sqm property type: condo beach 1.67 k"", ""tags"": [""cam fee:฿2,640/mo"", ""sinking fund:฿22,000"", ""updated: 2 months ago""], ""location_text"": ""Karon, Phuket Town, Phuket"", ""url"": ""https://www.fazwaz.com/property-sales/studio-condo-for-sale-at-vip-karon-in-karon-phuket-u5673537""}",2026-04-21 09:03:47.438922,2026-04-21 09:03:47.438922,1
402,fazwaz,3-bedroom-house-for-sale-at-passorn-koh-kaew-in-ko-kaeo-phuket-u1855378,https://www.fazwaz.com/property-sales/3-bedroom-house-for-sale-at-passorn-koh-kaew-in-ko-kaeo-phuket-u1855378,Passorn Koh Kaew,,,phuket-town,"Ko Kaeo, Phuket Town, Phuket",,,house,unknown,,,3.0,3.0,350.0,,,,7590000.0,21685.71,,,,,unknown,,0,,0,0,0,0,,,0,,,,,,"{""card_text"": ""see all passorn koh kaew updated 1 month ago ko kaeo, phuket town, phuket ฿7,590,000 (฿21,700/sqm) 3 bedroom house for sale at passorn koh kaew this property is a 350 sqm house with 3 bedrooms and 3 bathrooms that is available for sale. it is part of the passorn koh kaew project in ko kaeo, phuket. you can buy this house for a... details: 3 bedroom(s) 3 bathroom(s) 350 sqm property type: house mou"", ""tags"": [""rent:฿60,000/mo| roi:9%"", ""updated: 1 month ago""], ""location_text"": ""Ko Kaeo, Phuket Town, Phuket"", ""url"": ""https://www.fazwaz.com/property-sales/3-bedroom-house-for-sale-at-passorn-koh-kaew-in-ko-kaeo-phuket-u1855378""}",2026-04-21 09:03:47.445226,2026-04-21 09:03:47.445226,1
403,fazwaz,4-bedroom-villa-for-sale-at-trichada-azure-in-si-sunthon-phuket-u2012679,https://www.fazwaz.com/property-sales/4-bedroom-villa-for-sale-at-trichada-azure-in-si-sunthon-phuket-u2012679,Trichada Azure,,,layan,"Si Sunthon, Thalang, Phuket",,,villa,unknown,,,,,,,,,34800000.0,,,,,,unknown,,0,,0,1,1,0,,,0,,,,,,"{""card_text"": ""see all trichada azure updated 5 days ago si sunthon, thalang, phuket ฿34,800,000 ฿36,000,000 (฿85,300/sqm) 4 bedroom villa for sale at trichada azure now entering our 9th year of operation, trichada has been an unqualified success, with 111 villas sold over 4 developments, 75 villas over 3 developments delivered & the 4th development well under... details: 4 bedroom(s) 4 bathroom(s) 408 sqm prope"", ""tags"": [""rent:฿275,000/mo| roi:9%"", ""updated: 5 days ago""], ""location_text"": ""Si Sunthon, Thalang, Phuket"", ""url"": ""https://www.fazwaz.com/property-sales/4-bedroom-villa-for-sale-at-trichada-azure-in-si-sunthon-phuket-u2012679""}",2026-04-21 09:03:47.450816,2026-04-21 09:03:47.450816,1
404,fazwaz,1-bedroom-condo-for-sale-at-the-pela-resort-in-kamala-phuket-u5904264,https://www.fazwaz.com/property-sales/1-bedroom-condo-for-sale-at-the-pela-resort-in-kamala-phuket-u5904264,The Pela Resort,,,kamala,"Kamala, Kathu, Phuket",,,land,leasehold,,,,,,,,,3950000.0,,,,,,unknown,,0,,0,0,0,0,,,0,,,,,,"{""card_text"": ""see all the pela resort updated 1 week ago kamala, kathu, phuket ฿3,950,000 ฿5,850,000 (฿52,700/sqm) 1 bedroom condo for sale at the pela resort discover your own slice of paradise in this tropical surroundings. experience the ultimate island lifestyle with this exclusive property for sale a where sun, sea, and serenity define everyday living.... details: 1 bedroom(s) 1 bathroom(s) 75 sqm property"", ""tags"": [""updated: 1 week ago""], ""location_text"": ""Kamala, Kathu, Phuket"", ""url"": ""https://www.fazwaz.com/property-sales/1-bedroom-condo-for-sale-at-the-pela-resort-in-kamala-phuket-u5904264""}",2026-04-21 09:03:47.450816,2026-04-21 09:03:47.450816,1
405,fazwaz,1-bedroom-penthouse-for-sale-at-the-vip-mercury-wyndham-la-vita-phuket-in-rawai-phuket-u1700530,https://www.fazwaz.com/property-sales/1-bedroom-penthouse-for-sale-at-the-vip-mercury-wyndham-la-vita-phuket-in-rawai-phuket-u1700530,The VIP Mercury - Wyndham La Vita Phuket,,,rawai,"Rawai, Phuket Town, Phuket",,,house,leasehold,,,,,72.0,,,,9450000.0,131250.0,,,,,unknown,,0,,0,0,0,0,,,0,,,,,,"{""card_text"": ""see all the vip mercury - wyndham la vita phuket 6% guar. return for 2 years updated 5 days ago rawai, phuket town, phuket ฿9,450,000 (฿131,000/sqm) 1 bedroom penthouse for sale at the vip mercury - wyndham la vita phuket for sale two-level apartment with sea views in the residential complex wyndham la vita.\n\narea 72 sq.m.\n300 meters to rawai beach\n7 minutes drive to nai harn beach\n1.5 km. to nai "", ""tags"": [""cam fee:฿4,320/mo"", ""sinking fund:฿28,800"", ""updated: 5 days ago""], ""location_text"": ""Rawai, Phuket Town, Phuket"", ""url"": ""https://www.fazwaz.com/property-sales/1-bedroom-penthouse-for-sale-at-the-vip-mercury-wyndham-la-vita-phuket-in-rawai-phuket-u1700530""}",2026-04-21 09:03:47.455637,2026-04-21 09:03:47.455637,1
406,fazwaz,3-bedroom-villa-for-sale-in-choeng-thale-phuket-u5801390,https://www.fazwaz.com/property-sales/3-bedroom-villa-for-sale-in-choeng-thale-phuket-u5801390,3 Storeys Villa for Sale with Private Swimming Pool,,,cherng-talay,"Choeng Thale, Thalang, Phuket",,,villa,unknown,,,3.0,4.0,250.0,,,,7000000.0,28000.0,,,,,unknown,,0,,0,1,0,0,,,0,,,,,,"{""card_text"": ""see all 3 storeys villa for sale with private swimming pool updated 4 weeks ago choeng thale, thalang, phuket ฿7,000,000 ฿7,900,000 (฿28,000/sqm) 3 bedroom villa for sale in choeng thale, phuket this property is a 250 sqm villa with 3 bedrooms and 4 bathrooms that is available for sale. it is located in choeng thale, phuket and was completed in may 2023. you can buy this villa for a... details: 3 "", ""tags"": [""updated: 4 weeks ago""], ""location_text"": ""Choeng Thale, Thalang, Phuket"", ""url"": ""https://www.fazwaz.com/property-sales/3-bedroom-villa-for-sale-in-choeng-thale-phuket-u5801390""}",2026-04-21 09:03:47.455637,2026-04-21 09:03:47.455637,1
407,fazwaz,studio-condo-for-sale-at-the-one-naiharn-in-rawai-phuket-u1113644,https://www.fazwaz.com/property-sales/studio-condo-for-sale-at-the-one-naiharn-in-rawai-phuket-u1113644,The One Naiharn,,,rawai,"Rawai, Phuket Town, Phuket",,,condo,unknown,,,,,,,,,4699800.0,,,,,,unknown,,0,,0,0,0,0,,,0,,,,,,"{""card_text"": ""see all the one naiharn updated 3 days ago rawai, phuket town, phuket ฿4,699,800 (฿175,000/sqm) studio condo for sale at the one naiharn the one naiharn, a unique luxury condominium, distinctive with a location near naiharn beach, a pristine beach considered the second most beautiful beach in southeast asia. it is known for its crystal... details: studio 1 bathroom(s) 26.80 sqm property type: cond"", ""tags"": [""cam fee:฿1,608/mo"", ""sinking fund:฿21,440"", ""updated: 3 days ago""], ""location_text"": ""Rawai, Phuket Town, Phuket"", ""url"": ""https://www.fazwaz.com/property-sales/studio-condo-for-sale-at-the-one-naiharn-in-rawai-phuket-u1113644""}",2026-04-21 09:03:47.455637,2026-04-21 09:03:47.455637,1
408,fazwaz,2-bedroom-villa-for-sale-at-banyan-tree-in-choeng-thale-phuket-u6155958,https://www.fazwaz.com/property-sales/2-bedroom-villa-for-sale-at-banyan-tree-in-choeng-thale-phuket-u6155958,Banyan Tree,,,cherng-talay,"Choeng Thale, Thalang, Phuket",,,villa,unknown,,,,,,,,,38900000.0,,,,,,unknown,,0,,0,1,1,0,,,0,,,,,,"{""card_text"": ""see all banyan tree updated 1 week ago choeng thale, thalang, phuket ฿38,900,000 (฿156,000/sqm) 2 bedroom villa for sale at banyan tree nestled within the lush, tranquil surroundings of laguna phuket, this elegant banyan tree villa offers a rare blend of privacy, luxury, and effortless resort living. surrounded by tropical greenery an... details: 2 bedroom(s) 3 bathroom(s) 250 sqm property type: v"", ""tags"": [""cam fee:฿47,500/mo"", ""updated: 1 week ago""], ""location_text"": ""Choeng Thale, Thalang, Phuket"", ""url"": ""https://www.fazwaz.com/property-sales/2-bedroom-villa-for-sale-at-banyan-tree-in-choeng-thale-phuket-u6155958""}",2026-04-21 09:03:47.455637,2026-04-21 09:03:47.455637,1
409,fazwaz,3-bedroom-villa-for-sale-at-nai-harn-baan-bua-in-rawai-phuket-u6109060,https://www.fazwaz.com/property-sales/3-bedroom-villa-for-sale-at-nai-harn-baan-bua-in-rawai-phuket-u6109060,Nai Harn Baan Bua,,,rawai,"Rawai, Phuket Town, Phuket",,,villa,leasehold,,,,,,,,,25000000.0,,,,,,unknown,,0,,0,1,1,0,,,0,,,,,,"{""card_text"": ""see all nai harn baan bua updated 4 days ago rawai, phuket town, phuket ฿25,000,000 (฿91,600/sqm) 3 bedroom villa for sale at nai harn baan bua beautiful villa in ban bua village\n25,000,000 thb\nthese villas normally 30 mtb\nin process of refurb.\nleasehold land 3 x 30 but can change to thai freehold in thai company or thai owned\ndetails:\nproper... details: 3 bedroom(s) 3 bathroom(s) 273 sqm property"", ""tags"": [""rent:฿260,000/mo| roi:12%"", ""cam fee:฿6,000/mo"", ""sinking fund:฿150,000"", ""updated: 4 days ago""], ""location_text"": ""Rawai, Phuket Town, Phuket"", ""url"": ""https://www.fazwaz.com/property-sales/3-bedroom-villa-for-sale-at-nai-harn-baan-bua-in-rawai-phuket-u6109060""}",2026-04-21 09:03:47.466834,2026-04-21 09:03:47.466834,1
410,fazwaz,2-bedroom-penthouse-for-sale-at-icon-park-in-kamala-phuket-u2017206,https://www.fazwaz.com/property-sales/2-bedroom-penthouse-for-sale-at-icon-park-in-kamala-phuket-u2017206,Icon Park,,,kamala,"Kamala, Kathu, Phuket",,,house,leasehold,,,,,,,,,8900000.0,,,,,,unknown,,0,,0,1,0,0,,,0,,,,,,"{""card_text"": ""see all icon park updated 3 days ago kamala, kathu, phuket ฿8,900,000 (฿78,100/sqm) 2 bedroom penthouse for sale at icon park this spacious foreign freehold penthouse has been beautifully designed over two levels and renovated in 2026.on the lower level is the open plan kitchen/dinning and lounge area. this unit has a wonder... details: 2 bedroom(s) 2 bathroom(s) 114 sqm property type: penthouse b"", ""tags"": [""est. rent:฿53,000/mo| roi:7%"", ""cam fee:฿5,130/mo"", ""sinking fund:฿68,400"", ""updated: 3 days ago""], ""location_text"": ""Kamala, Kathu, Phuket"", ""url"": ""https://www.fazwaz.com/property-sales/2-bedroom-penthouse-for-sale-at-icon-park-in-kamala-phuket-u2017206""}",2026-04-21 09:03:47.468540,2026-04-21 09:03:47.468540,1
411,fazwaz,studio-condo-for-sale-at-the-naithon-condominium-in-sakhu-phuket-u6077798,https://www.fazwaz.com/property-sales/studio-condo-for-sale-at-the-naithon-condominium-in-sakhu-phuket-u6077798,The Naithon Condominium,,,mai-khao,"Sakhu, Thalang, Phuket",,,condo,unknown,,,,,7.0,,,,3200000.0,457142.86,,,,,unknown,,0,,0,0,1,0,,,0,,,,,,"{""card_text"": ""see all the naithon condominium updated 3 weeks ago sakhu, thalang, phuket ฿3,200,000 (฿76,700/sqm) studio condo for sale at the naithon condominium unit type: corner studio (extra privacy)\n\n\nsize: 41.7 sq.m. (including balcony)\n\n\nfloor: 2nd floor\n\n\nlocation: conveniently located next to the elevator for easy access.\n\n\nlayout: large living space... details: studio 1 bathroom(s) 41.70 sqm property "", ""tags"": [""est. rent:฿38,700/mo| roi:15%"", ""cam fee:฿1,500/mo"", ""updated: 3 weeks ago""], ""location_text"": ""Sakhu, Thalang, Phuket"", ""url"": ""https://www.fazwaz.com/property-sales/studio-condo-for-sale-at-the-naithon-condominium-in-sakhu-phuket-u6077798""}",2026-04-21 09:03:47.470544,2026-04-21 09:03:47.470544,1
412,fazwaz,3-bedroom-house-for-sale-at-baan-vijit-in-si-sunthon-phuket-u5918720,https://www.fazwaz.com/property-sales/3-bedroom-house-for-sale-at-baan-vijit-in-si-sunthon-phuket-u5918720,Baan Vijit,,,layan,"Si Sunthon, Thalang, Phuket",,,house,unknown,,,,,,,,,6890000.0,,,,,,unknown,,0,,0,0,1,0,,,0,,,,,,"{""card_text"": ""see all baan vijit updated 2 months ago si sunthon, thalang, phuket ฿6,890,000 (฿25,000/sqm) 3 bedroom house for sale at baan vijit spacious 3-bed home with officewhat’s nearby\n\nrobinson thalang – 500 m.\nthao thep–thao sri monument – 500 m\nclose to thepkrasattri main road\ntesco lotus / makro / homepro &ndas... details: 3 bedroom(s) 4 bathroom(s) 276 sqm property type: house garden view unblocked o"", ""tags"": [""rent:฿32,000/mo| roi:6%"", ""updated: 2 months ago""], ""location_text"": ""Si Sunthon, Thalang, Phuket"", ""url"": ""https://www.fazwaz.com/property-sales/3-bedroom-house-for-sale-at-baan-vijit-in-si-sunthon-phuket-u5918720""}",2026-04-21 09:03:47.472049,2026-04-21 09:03:47.472049,1
413,fazwaz,studio-apartment-for-sale-at-nai-harn-beach-condominium-in-rawai-phuket-u6107777,https://www.fazwaz.com/property-sales/studio-apartment-for-sale-at-nai-harn-beach-condominium-in-rawai-phuket-u6107777,Nai Harn Beach Condominium,,,rawai,"Rawai, Phuket Town, Phuket",,,condo,leasehold,,,,,,,,,4000000.0,,,,,,unknown,,0,,0,1,1,0,,,0,,,,,,"{""card_text"": ""see all nai harn beach condominium listed 1 month ago updated 4 days ago rawai, phuket town, phuket ฿4,000,000 (฿69,000/sqm) studio apartment for sale at nai harn beach condominium modern fully furnished condo for sale in nai harn beach condominium, rawai, phuket.\nthis apartment was purchased and used only by the owner and has never been rented before. the owner lived here perso... details: studio"", ""tags"": [""est. rent:฿36,700/mo| roi:11%"", ""cam fee:฿4,060/mo"", ""updated: 4 days ago""], ""location_text"": ""Rawai, Phuket Town, Phuket"", ""url"": ""https://www.fazwaz.com/property-sales/studio-apartment-for-sale-at-nai-harn-beach-condominium-in-rawai-phuket-u6107777""}",2026-04-21 09:03:47.472049,2026-04-21 09:03:47.472049,1
414,fazwaz,studio-condo-for-sale-at-bellevue-beachfront-condo-in-choeng-thale-phuket-u5984018,https://www.fazwaz.com/property-sales/studio-condo-for-sale-at-bellevue-beachfront-condo-in-choeng-thale-phuket-u5984018,Bellevue Beachfront Condo,,,cherng-talay,"Choeng Thale, Thalang, Phuket",,,condo,leasehold,,,,,,,,,5400000.0,,,,,,unknown,,0,,0,0,0,0,,,1,,,,,,"{""card_text"": ""see all bellevue beachfront condo updated 1 day ago choeng thale, thalang, phuket ฿5,400,000 (฿169,000/sqm) studio condo for sale at bellevue beachfront condo you must be hurry, if you need this perfect project near the beach!\nkeys in february!\ntwo studio apartments for urgent sale. bellevue beachfront, buildings d and c, 2nd and 4th floors,  leasehold... details: studio 1 bathroom(s) 32 sqm prope"", ""tags"": [""cam fee:฿1,600/mo"", ""sinking fund:฿16,000"", ""updated: 1 day ago""], ""location_text"": ""Choeng Thale, Thalang, Phuket"", ""url"": ""https://www.fazwaz.com/property-sales/studio-condo-for-sale-at-bellevue-beachfront-condo-in-choeng-thale-phuket-u5984018""}",2026-04-21 09:03:47.476476,2026-04-21 09:03:47.476476,1
415,fazwaz,3-bedroom-condo-for-sale-at-palm-pine-at-karon-hill-in-karon-phuket-u5855965,https://www.fazwaz.com/property-sales/3-bedroom-condo-for-sale-at-palm-pine-at-karon-hill-in-karon-phuket-u5855965,Palm & Pine At Karon Hill,,,karon,"Karon, Phuket Town, Phuket",,,condo,unknown,,,,,146.0,,,,8900000.0,60958.9,,,,,unknown,,0,,0,1,1,0,,,0,,,,,,"{""card_text"": ""palm & pine at karon hill updated 1 day ago karon, phuket town, phuket ฿8,900,000 ฿9,800,000 (฿61,000/sqm) 3 bedroom condo for sale at palm & pine at karon hill 🌴 3-bedroom condo for sale – karon hill, phuket 🏖️\nspacious 3-bed, 2-bath condo (146 sqm) just 15 mins walk to karon beach! perfect for living or investment.\nproperty highlights:\n\n\n🏡 large bal... details: 3 bedroom(s) 2 bathroom(s) 146 sqm"", ""tags"": [""cam fee:฿8,030/mo"", ""sinking fund:฿102,200"", ""updated: 1 day ago""], ""location_text"": ""Karon, Phuket Town, Phuket"", ""url"": ""https://www.fazwaz.com/property-sales/3-bedroom-condo-for-sale-at-palm-pine-at-karon-hill-in-karon-phuket-u5855965""}",2026-04-21 09:03:47.476476,2026-04-21 09:03:47.476476,1
416,fazwaz,studio-condo-for-sale-at-sea-heaven-phase-2-in-sakhu-phuket-u5870591,https://www.fazwaz.com/property-sales/studio-condo-for-sale-at-sea-heaven-phase-2-in-sakhu-phuket-u5870591,Sea Heaven Phase 2,,,mai-khao,"Sakhu, Thalang, Phuket",,,condo,freehold,,,,,,,,,4864000.0,,,,,,unknown,,0,,0,0,1,0,,,0,,,,,,"{""card_text"": ""see all sea heaven phase 2 7% guar. return for 5 years updated 1 week ago sakhu, thalang, phuket ฿4,864,000 (฿134,000/sqm) studio condo for sale at sea heaven phase 2 sea haven phase 2 (wyndham) ready to move in | freehold | walking distance to nai thon beach. unit is available for sale in the premium sea haven phase 2 (wyndham) complex, located just 500 meter... details: studio 1 bathroom(s) 36.3"", ""tags"": [""cam fee:฿2,178/mo"", ""sinking fund:฿21,780"", ""updated: 1 week ago""], ""location_text"": ""Sakhu, Thalang, Phuket"", ""url"": ""https://www.fazwaz.com/property-sales/studio-condo-for-sale-at-sea-heaven-phase-2-in-sakhu-phuket-u5870591""}",2026-04-21 09:03:47.476476,2026-04-21 09:03:47.476476,1
417,fazwaz,4-bedroom-villa-for-sale-at-casa-sakoo-in-sakhu-phuket-u5687027,https://www.fazwaz.com/property-sales/4-bedroom-villa-for-sale-at-casa-sakoo-in-sakhu-phuket-u5687027,Casa Sakoo,,,mai-khao,"Sakhu, Thalang, Phuket",,,villa,unknown,,,,,900.0,,,,8888888.0,9876.54,,,,,unknown,,0,,0,1,1,0,,,0,,,,,,"{""card_text"": ""see all casa sakoo updated 1 day ago sakhu, thalang, phuket ฿8,888,888 (฿37,500/sqm) 4 bedroom villa for sale at casa sakoo spacious villa with huge land plot – just minutes from naithon beach & the airport! looking for space, comfort, and great vibes? this villa sits on a massive 900 sqm corner plot and offers t... details: 4 bedroom(s) 2 bathroom(s) 237 sqm property type: villa beach 2.5 km year"", ""tags"": [""est. rent:฿76,500/mo| roi:10%"", ""cam fee:฿2,000/mo"", ""updated: 1 day ago""], ""location_text"": ""Sakhu, Thalang, Phuket"", ""url"": ""https://www.fazwaz.com/property-sales/4-bedroom-villa-for-sale-at-casa-sakoo-in-sakhu-phuket-u5687027""}",2026-04-21 09:03:47.476476,2026-04-21 09:03:47.476476,1
418,fazwaz,3-bedroom-townhouse-for-sale-at-laguna-park-in-choeng-thale-phuket-u6000407,https://www.fazwaz.com/property-sales/3-bedroom-townhouse-for-sale-at-laguna-park-in-choeng-thale-phuket-u6000407,Laguna Park,,,cherng-talay,"Choeng Thale, Thalang, Phuket",,,house,unknown,,,,,,,,,16000000.0,,,,,,unknown,,0,,0,1,1,0,,,0,,,,,,"{""card_text"": ""see all laguna park updated 3 days ago choeng thale, thalang, phuket ฿16,000,000 (฿69,600/sqm) 3 bedroom townhouse for sale at laguna park discover this unique corner unit in the highly sought-after laguna park community, offering exceptional indoor-outdoor living. a paved, walled garden creates a stunning terrace wit... details: 3 bedroom(s) 3.5 bathroom(s) 230 sqm property type: townhouse beach "", ""tags"": [""est. rent:฿129,000/mo| roi:10%"", ""cam fee:฿8,050/mo"", ""updated: 3 days ago""], ""location_text"": ""Choeng Thale, Thalang, Phuket"", ""url"": ""https://www.fazwaz.com/property-sales/3-bedroom-townhouse-for-sale-at-laguna-park-in-choeng-thale-phuket-u6000407""}",2026-04-21 09:03:47.486450,2026-04-21 09:03:47.486450,1
419,fazwaz,studio-condo-for-sale-at-777-beach-condo-in-mai-khao-phuket-u166554,https://www.fazwaz.com/property-sales/studio-condo-for-sale-at-777-beach-condo-in-mai-khao-phuket-u166554,777 Beach Condo,,,mai-khao,"Mai Khao, Thalang, Phuket",,,condo,freehold,,,,,,,,,2540000.0,,,,,,unknown,,0,,0,1,1,0,,,0,,,,,,"{""card_text"": ""see all 777 beach condo 9% guar. return for 3 years updated 3 weeks ago great price mai khao, thalang, phuket ฿2,540,000 ฿77,300,000 (฿127,000/sqm) studio condo for sale at 777 beach condo this foreign freehold resort-style development 777 beach condos is located just 1 km from sandy mai khao beach. it is near phuket international airport, in the north of phuket. this unit ca-336 is loc... details"", ""tags"": [""cam fee:฿38,500/mo"", ""sinking fund:฿385,000"", ""updated: 3 weeks ago""], ""location_text"": ""Mai Khao, Thalang, Phuket"", ""url"": ""https://www.fazwaz.com/property-sales/studio-condo-for-sale-at-777-beach-condo-in-mai-khao-phuket-u166554""}",2026-04-21 09:03:47.486450,2026-04-21 09:03:47.486450,1
420,fazwaz,2-bedroom-condo-for-sale-at-the-bliss-condo-by-unity-in-patong-phuket-u1828398,https://www.fazwaz.com/property-sales/2-bedroom-condo-for-sale-at-the-bliss-condo-by-unity-in-patong-phuket-u1828398,The Bliss Condo by Unity,,,patong,"Patong, Kathu, Phuket",,,condo,leasehold,,,,,,,,,6800000.0,,,,,,unknown,,0,,0,0,0,0,,,0,,,,,,"{""card_text"": ""see all the bliss condo by unity updated 2 days ago patong, kathu, phuket ฿6,800,000 (฿89,500/sqm) 2 bedroom condo for sale at the bliss condo by unity discover a unique opportunity with two fully-equipped studios for sale at the bliss patong, situated in the scenic area of patong beach. these studios are located on the 3rd floor and offer a soft sea... details: 2 bedroom(s) 2 bathroom(s) 76 sqm p"", ""tags"": [""cam fee:฿3,040/mo"", ""updated: 2 days ago""], ""location_text"": ""Patong, Kathu, Phuket"", ""url"": ""https://www.fazwaz.com/property-sales/2-bedroom-condo-for-sale-at-the-bliss-condo-by-unity-in-patong-phuket-u1828398""}",2026-04-21 09:03:47.486450,2026-04-21 09:03:47.486450,1
421,fazwaz,1-bedroom-penthouse-for-sale-at-above-element-in-choeng-thale-phuket-u5347080,https://www.fazwaz.com/property-sales/1-bedroom-penthouse-for-sale-at-above-element-in-choeng-thale-phuket-u5347080,Above Element,,,cherng-talay,"Choeng Thale, Thalang, Phuket",,,house,unknown,,,1.0,1.0,38.0,,,,5450000.0,143421.05,,,,,unknown,,0,,0,1,0,0,,,1,,,,,,"{""card_text"": ""see all above element updated 1 week ago choeng thale, thalang, phuket ฿5,450,000 (฿143,000/sqm) 1 bedroom penthouse for sale at above element this property is a 38 sqm condo with 1 bedroom and 1 bathroom, 6th floor corner unit that is available for sale. it is part of the project in bangtao, phuket and will be built within 12 months of purc... details: 1 bedroom(s) 1 bathroom(s) 38 sqm property t"", ""tags"": [""rent:฿35,000/mo| roi:8%"", ""cam fee:฿3,040/mo"", ""sinking fund:฿30,400"", ""updated: 1 week ago""], ""location_text"": ""Choeng Thale, Thalang, Phuket"", ""url"": ""https://www.fazwaz.com/property-sales/1-bedroom-penthouse-for-sale-at-above-element-in-choeng-thale-phuket-u5347080""}",2026-04-21 09:03:53.293238,2026-04-21 09:03:53.293238,1
422,fazwaz,2-bedroom-condo-for-sale-at-chalong-miracle-lakeview-in-chalong-phuket-u1862794,https://www.fazwaz.com/property-sales/2-bedroom-condo-for-sale-at-chalong-miracle-lakeview-in-chalong-phuket-u1862794,Chalong Miracle Lakeview,,,chalong,"Chalong, Phuket Town, Phuket",,,villa,unknown,,,,,,,,,8700000.0,,,,,,unknown,,0,,0,1,0,0,,,0,,,,,,"{""card_text"": ""see all chalong miracle lakeview updated 3 weeks ago chalong, phuket town, phuket ฿8,700,000 (฿94,600/sqm) 2 bedroom condo for sale at chalong miracle lakeview miracle lakeview, a quality pool villa and condominium project under the development of chalong miracle lakeview, selected quality materials in every step of construction and established a reliable se... details: 2 bedroom(s) 2 bathroom(s) "", ""tags"": [""rent:฿45,000/mo| roi:6%"", ""cam fee:฿44,000/mo"", ""updated: 3 weeks ago""], ""location_text"": ""Chalong, Phuket Town, Phuket"", ""url"": ""https://www.fazwaz.com/property-sales/2-bedroom-condo-for-sale-at-chalong-miracle-lakeview-in-chalong-phuket-u1862794""}",2026-04-21 09:03:53.293238,2026-04-21 09:03:53.293238,1
423,fazwaz,3-bedroom-house-for-sale-at-sabai-village-2-in-kathu-phuket-u1753174,https://www.fazwaz.com/property-sales/3-bedroom-house-for-sale-at-sabai-village-2-in-kathu-phuket-u1753174,Sabai Village 2,,,kathu,"Kathu, Kathu, Phuket",,,villa,unknown,,,,,,,,,7900000.0,,,,,,unknown,,0,,0,0,1,0,,,0,,,,,,"{""card_text"": ""see all sabai village 2 updated 3 weeks ago kathu, kathu, phuket ฿7,900,000 ฿8,500,000 (฿52,700/sqm) 3 bedroom house for sale at sabai village 2 cozy house -  quiet estate, near international schools. peaceful house in kathu zone. quality neighbor, safe, 24-hour security, neatly managed and clean. quiet. can park 2 large suvs. landscaping... details: 3 bedroom(s) 2 bathroom(s) 150 sqm property typ"", ""tags"": [""rent:฿50,000/mo| roi:8%"", ""cam fee:฿1,200/mo"", ""updated: 3 weeks ago""], ""location_text"": ""Kathu, Kathu, Phuket"", ""url"": ""https://www.fazwaz.com/property-sales/3-bedroom-house-for-sale-at-sabai-village-2-in-kathu-phuket-u1753174""}",2026-04-21 09:03:53.293238,2026-04-21 09:03:53.293238,1
424,fazwaz,2-bedroom-house-for-sale-in-rawai-phuket-u1953419,https://www.fazwaz.com/property-sales/2-bedroom-house-for-sale-in-rawai-phuket-u1953419,2 bedroom smart Villa for Sale in the heart of Rawai,,,rawai,"Rawai, Phuket Town, Phuket",,,villa,unknown,,,2.0,,,,,,9900000.0,,,,,,unknown,,0,,0,1,1,0,,,0,,,,,,"{""card_text"": ""see all 2 bedroom smart villa for sale in the heart of rawai updated 1 month ago rawai, phuket town, phuket ฿9,900,000 (฿53,500/sqm) 2 bedroom house for sale in rawai, phuket what do we need in a house? 2 bedrooms, 2 large clean bathrooms, and laundry, a modern functional kitchen, a comfortable living area, a small jacuzzi to cool down in the summer. well, we have it all.... details: 2 bedroom(s) "", ""tags"": [""updated: 1 month ago""], ""location_text"": ""Rawai, Phuket Town, Phuket"", ""url"": ""https://www.fazwaz.com/property-sales/2-bedroom-house-for-sale-in-rawai-phuket-u1953419""}",2026-04-21 09:03:53.293238,2026-04-21 09:03:53.293238,1
425,fazwaz,2-bedroom-condo-for-sale-at-allamanda-2-3-condominium-in-choeng-thale-phuket-u5965419,https://www.fazwaz.com/property-sales/2-bedroom-condo-for-sale-at-allamanda-2-3-condominium-in-choeng-thale-phuket-u5965419,Allamanda 2 & 3 Condominium,,,cherng-talay,"Choeng Thale, Thalang, Phuket",,,condo,leasehold,,,2.0,,110.0,,,,23084211.0,209856.46,,,,,unknown,,0,,0,0,0,0,,,0,,,,,,"{""card_text"": ""see all allamanda 2 & 3 condominium updated 1 day ago choeng thale, thalang, phuket ฿23,084,211 (฿210,000/sqm) 2 bedroom condo for sale at allamanda 2 & 3 condominium ✨ spacious 2 bedrooms, drowning in luxury and comfort! ✨ 🏝️ location: laguna, bangtao beach 💤 bedrooms: 2 🛏️ bed: king size 🛁 bathrooms: 2 🏠 110 sqm; second floor 🏛️ leasehold 🍳 fully equipped k... details: 2 bedroom(s) 2 bathroom(s)"", ""tags"": [""est. rent:฿136,000/mo| roi:7%"", ""cam fee:฿10,000/mo"", ""updated: 1 day ago""], ""location_text"": ""Choeng Thale, Thalang, Phuket"", ""url"": ""https://www.fazwaz.com/property-sales/2-bedroom-condo-for-sale-at-allamanda-2-3-condominium-in-choeng-thale-phuket-u5965419""}",2026-04-21 09:03:53.293238,2026-04-21 09:03:53.293238,1
426,fazwaz,3-bedroom-villa-for-sale-at-onyx-villa-at-saiyuan-estate-rawai-in-rawai-phuket-u5355922,https://www.fazwaz.com/property-sales/3-bedroom-villa-for-sale-at-onyx-villa-at-saiyuan-estate-rawai-in-rawai-phuket-u5355922,ONYX Villa at Saiyuan Estate Rawai,,,rawai,"Rawai, Phuket Town, Phuket",,,villa,unknown,,,,,,,,,12200000.0,,,,,,unknown,,0,,0,1,1,0,,,0,,,,,,"{""card_text"": ""see all onyx villa at saiyuan estate rawai updated 2 months ago rawai, phuket town, phuket ฿12,200,000 (฿76,200/sqm) 3 bedroom villa for sale at onyx villa at saiyuan estate rawai saiyuan estate, a modern pool villa project in a contemporary tropical style, is situated in a quiet location near rawai beach, yanui beach, nai harn beach, and promthep cape, which are popular destin... details: 3 bedro"", ""tags"": [""est. rent:฿70,700/mo| roi:7%"", ""cam fee:฿2,083/mo"", ""updated: 2 months ago""], ""location_text"": ""Rawai, Phuket Town, Phuket"", ""url"": ""https://www.fazwaz.com/property-sales/3-bedroom-villa-for-sale-at-onyx-villa-at-saiyuan-estate-rawai-in-rawai-phuket-u5355922""}",2026-04-21 09:03:53.309929,2026-04-21 09:03:53.309929,1
427,fazwaz,3-bedroom-villa-for-sale-in-kathu-phuket-u6122856,https://www.fazwaz.com/property-sales/3-bedroom-villa-for-sale-in-kathu-phuket-u6122856,Pool Villa Rawai 3BR,,,kathu,"Kathu, Kathu, Phuket",,,villa,freehold,,,3.0,5.0,325.0,,,,11100000.0,34153.85,,,,,unknown,,0,,0,1,0,0,,,0,,,,,,"{""card_text"": ""see all pool villa rawai 3br listed 3 weeks ago kathu, kathu, phuket ฿11,100,000 (฿74,000/sqm) 3 bedroom villa for sale in kathu, phuket pool villa rawai – freehold – income property 💰 price: 11,100,000 thb 📍 rawai, street off saiyuan road key details land: 325 sqm living area: 130 sqm 3 bedrooms | 3.5 bathrooms large liv... details: 3 bedroom(s) 3.5 bathroom(s) 150 sqm property type: villa year b"", ""tags"": [], ""location_text"": ""Kathu, Kathu, Phuket"", ""url"": ""https://www.fazwaz.com/property-sales/3-bedroom-villa-for-sale-in-kathu-phuket-u6122856""}",2026-04-21 09:03:53.309929,2026-04-21 09:03:53.309929,1
428,fazwaz,2-bedroom-condo-for-sale-at-plus-condo-2-in-kathu-phuket-u5882326,https://www.fazwaz.com/property-sales/2-bedroom-condo-for-sale-at-plus-condo-2-in-kathu-phuket-u5882326,Plus Condo 2,,,kathu,"Kathu, Kathu, Phuket",,,condo,unknown,,,2.0,,92.0,,,,4150000.0,45108.7,,,,,unknown,,0,,0,0,0,0,,,0,,,,,,"{""card_text"": ""see all plus condo 2 updated 2 weeks ago kathu, kathu, phuket ฿4,150,000 ฿4,800,000 (฿56,900/sqm) 2 bedroom condo for sale at plus condo 2 2-bedroom corner condo for sale – 72.92 m² | top floor\n• prime corner unit on the top floor with the best views in the building – open mountain and city outlook• 2 bedrooms,... details: 2 bedroom(s) 2 bathroom(s) 72.92 sqm property type: condo thai quota year b"", ""tags"": [""rent:฿31,000/mo| roi:9%"", ""cam fee:฿2,552/mo"", ""updated: 2 weeks ago""], ""location_text"": ""Kathu, Kathu, Phuket"", ""url"": ""https://www.fazwaz.com/property-sales/2-bedroom-condo-for-sale-at-plus-condo-2-in-kathu-phuket-u5882326""}",2026-04-21 09:03:53.309929,2026-04-21 09:03:53.309929,1
429,fazwaz,1-bedroom-condo-for-sale-at-skypark-aurora-laguna-phuket-in-choeng-thale-phuket-u6171427,https://www.fazwaz.com/property-sales/1-bedroom-condo-for-sale-at-skypark-aurora-laguna-phuket-in-choeng-thale-phuket-u6171427,Skypark Aurora Laguna Phuket,,,cherng-talay,"Choeng Thale, Thalang, Phuket",,,condo,unknown,,,,,39.0,,,,5565000.0,142692.31,,,,,unknown,,0,,0,1,1,0,,,0,,,,,,"{""card_text"": ""see all skypark aurora laguna phuket updated 2 weeks ago choeng thale, thalang, phuket ฿5,565,000 (฿143,000/sqm) 1 bedroom condo for sale at skypark aurora laguna phuket discover this stylish 39 sqm apartment located in the prestigious skypark aurora, nestled in the heart of laguna phuket. designed for modern living, this unit offers a perfect blend of comfort, functi... details: 1 bedroom(s) 1 ba"", ""tags"": [""est. rent:฿34,700/mo| roi:7%"", ""cam fee:฿1,950/mo"", ""updated: 2 weeks ago""], ""location_text"": ""Choeng Thale, Thalang, Phuket"", ""url"": ""https://www.fazwaz.com/property-sales/1-bedroom-condo-for-sale-at-skypark-aurora-laguna-phuket-in-choeng-thale-phuket-u6171427""}",2026-04-21 09:03:53.309929,2026-04-21 09:03:53.309929,1
430,fazwaz,2-bedroom-condo-for-sale-at-dcondo-reef-phuket-in-kathu-phuket-u5623244,https://www.fazwaz.com/property-sales/2-bedroom-condo-for-sale-at-dcondo-reef-phuket-in-kathu-phuket-u5623244,Dcondo Reef Phuket,,,kathu,"Kathu, Kathu, Phuket",,,condo,unknown,,,,,,,,,4890000.0,,,,,,unknown,,0,,0,1,1,0,,,0,,,,,,"{""card_text"": ""see all dcondo reef phuket updated 2 weeks ago kathu, kathu, phuket ฿4,890,000 (฿98,300/sqm) 2 bedroom condo for sale at dcondo reef phuket your everyday wellcation\nexperience the refreshing ambiance of a condominium that revitalises your body and mind, providing a genuine \""safe zone\"" where achieving true relaxation is effortless.\ndiscove... details: 2 bedroom(s) 2 bathroom(s) 49.75 sqm property t"", ""tags"": [""rent:฿35,000/mo| roi:9%"", ""cam fee:฿2,736/mo"", ""sinking fund:฿24,875"", ""updated: 2 weeks ago""], ""location_text"": ""Kathu, Kathu, Phuket"", ""url"": ""https://www.fazwaz.com/property-sales/2-bedroom-condo-for-sale-at-dcondo-reef-phuket-in-kathu-phuket-u5623244""}",2026-04-21 09:03:53.309929,2026-04-21 09:03:53.309929,1
431,fazwaz,1-bedroom-condo-for-sale-at-utopia-loft-in-rawai-phuket-u5836468,https://www.fazwaz.com/property-sales/1-bedroom-condo-for-sale-at-utopia-loft-in-rawai-phuket-u5836468,Utopia Loft,,,rawai,"Rawai, Phuket Town, Phuket",,,condo,leasehold,,,,,,,,,3500000.0,,,,,,unknown,,0,,0,1,1,0,,,0,,,,,,"{""card_text"": ""see all utopia loft updated 1 month ago rawai, phuket town, phuket ฿3,500,000 (฿94,600/sqm) 1 bedroom condo for sale at utopia loft experience luxury and serenity in this contemporary loft apartment just a short walk from nai harn beach.\n \n- **location:** architecturally designed complex amidst lush tropical landscapes.\n- **i... details: 1 bedroom(s) 1 bathroom(s) 37 sqm property type: condo beach"", ""tags"": [""rent:฿30,000/mo| roi:10%"", ""cam fee:฿1,850/mo"", ""sinking fund:฿18,500"", ""updated: 1 month ago""], ""location_text"": ""Rawai, Phuket Town, Phuket"", ""url"": ""https://www.fazwaz.com/property-sales/1-bedroom-condo-for-sale-at-utopia-loft-in-rawai-phuket-u5836468""}",2026-04-21 09:03:53.320361,2026-04-21 09:03:53.320361,1
432,fazwaz,2-bedroom-condo-for-sale-at-plus-condo-2-in-kathu-phuket-u1973677,https://www.fazwaz.com/property-sales/2-bedroom-condo-for-sale-at-plus-condo-2-in-kathu-phuket-u1973677,Plus Condo 2,,,kathu,"Kathu, Kathu, Phuket",,,land,unknown,,,,,,,,,4900000.0,,,,,,unknown,,0,,0,0,1,0,,,0,,,,,,"{""card_text"": ""see all plus condo 2 updated 1 week ago kathu, kathu, phuket ฿4,900,000 (฿67,100/sqm) 2 bedroom condo for sale at plus condo 2 details: 2 bedroom(s) 2 bathroom(s) 73 sqm property type: condo year built 2012 low rise floor 8 mountain view city view covered parking sauna landscaped garden rent: ฿38,000/mo | roi: 9% cam fee: ฿2,555/mo updated: 1 week ago request details schedule viewing"", ""tags"": [""rent:฿38,000/mo| roi:9%"", ""cam fee:฿2,555/mo"", ""updated: 1 week ago""], ""location_text"": ""Kathu, Kathu, Phuket"", ""url"": ""https://www.fazwaz.com/property-sales/2-bedroom-condo-for-sale-at-plus-condo-2-in-kathu-phuket-u1973677""}",2026-04-21 09:03:53.323871,2026-04-21 09:03:53.323871,1
433,fazwaz,1-bedroom-condo-for-sale-at-mida-grande-resort-condominiums-in-choeng-thale-phuket-u1887302,https://www.fazwaz.com/property-sales/1-bedroom-condo-for-sale-at-mida-grande-resort-condominiums-in-choeng-thale-phuket-u1887302,Mida Grande Resort Condominiums,,,cherng-talay,"Choeng Thale, Thalang, Phuket",,,condo,unknown,,,,,,,,,6800000.0,,,,,,unknown,,0,,0,0,0,0,,,0,,,,,,"{""card_text"": ""see all mida grande resort condominiums 7% guar. return for 3 years updated 2 days ago choeng thale, thalang, phuket ฿6,800,000 (฿189,000/sqm) 1 bedroom condo for sale at mida grande resort condominiums a timeless masterpiece, \""the panorama phuket\"" project perfectly matches your lifestyle..the dazzling beauty with outstanding architecture integrates traditional thai and modern designs perfectly..."", ""tags"": [""cam fee:฿1,800/mo"", ""sinking fund:฿18,000"", ""updated: 2 days ago""], ""location_text"": ""Choeng Thale, Thalang, Phuket"", ""url"": ""https://www.fazwaz.com/property-sales/1-bedroom-condo-for-sale-at-mida-grande-resort-condominiums-in-choeng-thale-phuket-u1887302""}",2026-04-21 09:03:53.325291,2026-04-21 09:03:53.325291,1
434,fazwaz,1-bedroom-condo-for-sale-at-the-one-naiharn-in-rawai-phuket-u453695,https://www.fazwaz.com/property-sales/1-bedroom-condo-for-sale-at-the-one-naiharn-in-rawai-phuket-u453695,The One Naiharn,,,rawai,"Rawai, Phuket Town, Phuket",,,condo,unknown,,,,,,,,,5513007.0,,,,,,unknown,,0,,0,1,0,0,,,0,,,,,,"{""card_text"": ""see all the one naiharn updated 3 days ago rawai, phuket town, phuket ฿5,513,007 (฿184,000/sqm) 1 bedroom condo for sale at the one naiharn the one naiharn, a unique luxury condominium, distinctive with a location near naiharn beach, a pristine beach considered the second most beautiful beach in southeast asia. it is known for its crystal... details: 1 bedroom(s) 1 bathroom(s) 29.95 sqm property t"", ""tags"": [""cam fee:฿1,797/mo"", ""sinking fund:฿23,960"", ""updated: 3 days ago""], ""location_text"": ""Rawai, Phuket Town, Phuket"", ""url"": ""https://www.fazwaz.com/property-sales/1-bedroom-condo-for-sale-at-the-one-naiharn-in-rawai-phuket-u453695""}",2026-04-21 09:03:53.325291,2026-04-21 09:03:53.325291,1
435,fazwaz,4-bedroom-condo-for-sale-at-kamala-regent-in-kamala-phuket-u1944588,https://www.fazwaz.com/property-sales/4-bedroom-condo-for-sale-at-kamala-regent-in-kamala-phuket-u1944588,Kamala Regent,,,kamala,"Kamala, Kathu, Phuket",,,condo,unknown,,,,,,,,,17000000.0,,,,,,short_term,,0,,0,0,0,0,,,0,,,,,,"{""card_text"": ""see all kamala regent updated 2 months ago kamala, kathu, phuket ฿17,000,000 (฿84,000/sqm) 4 bedroom condo for sale at kamala regent newly listed by motivated seller under the original price. comes fully furnished turnkey as seen in the pictures perfect for short term rental or long term as well. this condo as more indoor livi... details: 4 bedroom(s) 3 bathroom(s) 202.44 sqm property type: condo "", ""tags"": [""rent:฿79,000/mo| roi:6%"", ""cam fee:฿10,122/mo"", ""sinking fund:฿60,732"", ""updated: 2 months ago""], ""location_text"": ""Kamala, Kathu, Phuket"", ""url"": ""https://www.fazwaz.com/property-sales/4-bedroom-condo-for-sale-at-kamala-regent-in-kamala-phuket-u1944588""}",2026-04-21 09:03:53.325291,2026-04-21 09:03:53.325291,1
436,fazwaz,studio-condo-for-sale-at-ocean-breeze-in-choeng-thale-phuket-u5356534,https://www.fazwaz.com/property-sales/studio-condo-for-sale-at-ocean-breeze-in-choeng-thale-phuket-u5356534,Ocean Breeze,,,cherng-talay,"Choeng Thale, Thalang, Phuket",,,condo,leasehold,,,,,,,,,3800000.0,,,,,,unknown,,0,,0,0,0,0,,,0,,,,,,"{""card_text"": ""see all ocean breeze updated 1 month ago choeng thale, thalang, phuket ฿3,800,000 ฿4,800,000 (฿66,700/sqm) studio condo for sale at ocean breeze one bedroom details: studio 1 bathroom(s) 57 sqm property type: condo beach 1.05 km leasehold year built 2007 low rise floor 2 lake view mountain view terrace balcony outdoor showers est. rent: ฿35,800/mo | roi: 11% cam fee: ฿10,155/mo updated: 1 month ag"", ""tags"": [""est. rent:฿35,800/mo| roi:11%"", ""cam fee:฿10,155/mo"", ""updated: 1 month ago""], ""location_text"": ""Choeng Thale, Thalang, Phuket"", ""url"": ""https://www.fazwaz.com/property-sales/studio-condo-for-sale-at-ocean-breeze-in-choeng-thale-phuket-u5356534""}",2026-04-21 09:03:53.325291,2026-04-21 09:03:53.325291,1
437,fazwaz,4-bedroom-house-for-sale-at-anasiri-paklok-in-pa-khlok-phuket-u5872257,https://www.fazwaz.com/property-sales/4-bedroom-house-for-sale-at-anasiri-paklok-in-pa-khlok-phuket-u5872257,Anasiri Paklok,,,pa-khlok,"Pa Khlok, Thalang, Phuket",,,house,unknown,,,,,,,,,6400000.0,,,,,,unknown,,0,,0,0,1,0,,,0,,,,,,"{""card_text"": ""see all anasiri paklok updated 1 week ago pa khlok, thalang, phuket ฿6,400,000 (฿25,400/sqm) 4 bedroom house for sale at anasiri paklok anasiri paklok proudly introduces \""the prelude to happiness,\"" where enchantment graces every square inch of this remarkable venture. prepare for an immersive journey within the captivating embrace of... details: 4 bedroom(s) 3 bathroom(s) 252 sqm property type: ho"", ""tags"": [""rent:฿55,000/mo| roi:10%"", ""updated: 1 week ago""], ""location_text"": ""Pa Khlok, Thalang, Phuket"", ""url"": ""https://www.fazwaz.com/property-sales/4-bedroom-house-for-sale-at-anasiri-paklok-in-pa-khlok-phuket-u5872257""}",2026-04-21 09:03:53.334340,2026-04-21 09:03:53.334340,1
438,fazwaz,3-bedroom-house-for-sale-at-baan-vijit-in-si-sunthon-phuket-u1022684,https://www.fazwaz.com/property-sales/3-bedroom-house-for-sale-at-baan-vijit-in-si-sunthon-phuket-u1022684,Baan Vijit,,,layan,"Si Sunthon, Thalang, Phuket",,,house,unknown,,,3.0,2.0,200.0,,,,5500000.0,27500.0,,,,,unknown,,0,,0,0,1,0,,,0,,,,,,"{""card_text"": ""see all baan vijit updated 1 day ago si sunthon, thalang, phuket ฿5,500,000 (฿27,500/sqm) 3 bedroom house for sale at baan vijit welcome to baan wichit! this gorgeous home is ready for you to make it yours. spread across an impressive 200 sqm and boasting 3 bedrooms, 2 bathrooms and modern finishes, this house is sure to steal... details: 3 bedroom(s) 2 bathroom(s) 200 sqm property type: house yea"", ""tags"": [""est. rent:฿28,900/mo| roi:6%"", ""updated: 1 day ago""], ""location_text"": ""Si Sunthon, Thalang, Phuket"", ""url"": ""https://www.fazwaz.com/property-sales/3-bedroom-house-for-sale-at-baan-vijit-in-si-sunthon-phuket-u1022684""}",2026-04-21 09:03:53.337791,2026-04-21 09:03:53.337791,1
439,fazwaz,4-bedroom-villa-for-sale-in-thep-krasattri-phuket-u6117152,https://www.fazwaz.com/property-sales/4-bedroom-villa-for-sale-in-thep-krasattri-phuket-u6117152,Off-Grid Private Villa in Phuket – Own Stay or Rent out!,,,thalang,"Thep Krasattri, Thalang, Phuket",,,villa,unknown,,,4.0,4.0,200.0,,,,15000000.0,75000.0,,,,,unknown,,0,,0,1,1,0,,,0,,,,,,"{""card_text"": ""see all off-grid private villa in phuket – own stay or rent out! listed 3 weeks ago updated 1 week ago thep krasattri, thalang, phuket ฿15,000,000 ฿19,999,999 (฿75,000/sqm) 4 bedroom villa for sale in thep krasattri, phuket this property is a 200 sqm villa with 4 bedrooms and 4 bathrooms that is available for sale. it is located in thep krasattri, phuket and was completed in feb 2026. you can buy "", ""tags"": [""updated: 1 week ago""], ""location_text"": ""Thep Krasattri, Thalang, Phuket"", ""url"": ""https://www.fazwaz.com/property-sales/4-bedroom-villa-for-sale-in-thep-krasattri-phuket-u6117152""}",2026-04-21 09:03:53.337791,2026-04-21 09:03:53.337791,1
440,fazwaz,1-bedroom-condo-for-sale-at-amari-residences-phuket-in-patong-phuket-u5958808,https://www.fazwaz.com/property-sales/1-bedroom-condo-for-sale-at-amari-residences-phuket-in-patong-phuket-u5958808,Amari Residences Phuket,,,patong,"Patong, Kathu, Phuket",,,condo,leasehold,,,1.0,,,,,,7500000.0,,,,,,unknown,,0,,0,0,0,0,,,0,,,,,,"{""card_text"": ""see all amari residences phuket 6% guar. return for 3 years updated 1 week ago patong, kathu, phuket ฿7,500,000 ฿8,800,000 (฿161,000/sqm) 1 bedroom condo for sale at amari residences phuket one bedroom ocean view suite\n\nenhance the new experience with a 1 bedroom apartment in luxury resort-style with carefully selected quality furnishings. moreover, the project kindly offers high-end ser... detail"", ""tags"": [""cam fee:฿3,720/mo"", ""updated: 1 week ago""], ""location_text"": ""Patong, Kathu, Phuket"", ""url"": ""https://www.fazwaz.com/property-sales/1-bedroom-condo-for-sale-at-amari-residences-phuket-in-patong-phuket-u5958808""}",2026-04-21 09:03:53.341121,2026-04-21 09:03:53.341121,1
441,fazwaz,1-bedroom-condo-for-sale-at-the-base-bukit-in-wichit-phuket-u5649453,https://www.fazwaz.com/property-sales/1-bedroom-condo-for-sale-at-the-base-bukit-in-wichit-phuket-u5649453,THE BASE Bukit,,,phuket-town,"Wichit, Phuket Town, Phuket",,,condo,unknown,,,,,,,,,3390000.0,,,,,,unknown,,0,,0,1,1,0,,,0,,,,,,"{""card_text"": ""see all the base bukit updated 2 months ago wichit, phuket town, phuket ฿3,390,000 (฿109,000/sqm) 1 bedroom condo for sale at the base bukit discover comfortable modern living in this stylish 1-bedroom, 1-bathroom condo located in the base bukit, one of phuket’s most sought-after residential projects. perfectly positioned just 500 me... details: 1 bedroom(s) 1 bathroom(s) 31 sqm property type: con"", ""tags"": [""rent:฿22,000/mo| roi:8%"", ""updated: 2 months ago""], ""location_text"": ""Wichit, Phuket Town, Phuket"", ""url"": ""https://www.fazwaz.com/property-sales/1-bedroom-condo-for-sale-at-the-base-bukit-in-wichit-phuket-u5649453""}",2026-04-21 09:03:53.343282,2026-04-21 09:03:53.343282,1
442,fazwaz,3-bedroom-villa-for-sale-at-villa-suksan-phase-5-in-rawai-phuket-u6171464,https://www.fazwaz.com/property-sales/3-bedroom-villa-for-sale-at-villa-suksan-phase-5-in-rawai-phuket-u6171464,Villa Suksan- Phase 5,,,rawai,"Rawai, Phuket Town, Phuket",,,villa,unknown,,,3.0,,,,,,19990000.0,,,,,,unknown,,0,,0,1,1,0,,,0,,,,,,"{""card_text"": ""see all villa suksan- phase 5 updated 2 weeks ago rawai, phuket town, phuket ฿19,990,000 (฿125,000/sqm) 3 bedroom villa for sale at villa suksan- phase 5 🔥 premium 3br pool villa in rawai – built for living, not for resale\n20,000,000 thb | fully furnished | no extra costs\na rare find in phuket — this villa stands out immediately from typic... details: 3 bedroom(s) 3 bathroom(s) 160 sqm property ty"", ""tags"": [""rent:฿180,000/mo| roi:11%"", ""cam fee:฿24,000/mo"", ""updated: 2 weeks ago""], ""location_text"": ""Rawai, Phuket Town, Phuket"", ""url"": ""https://www.fazwaz.com/property-sales/3-bedroom-villa-for-sale-at-villa-suksan-phase-5-in-rawai-phuket-u6171464""}",2026-04-21 09:03:53.345544,2026-04-21 09:03:53.345544,1
443,fazwaz,2-bedroom-condo-for-sale-at-palm-pine-at-karon-hill-in-karon-phuket-u5856076,https://www.fazwaz.com/property-sales/2-bedroom-condo-for-sale-at-palm-pine-at-karon-hill-in-karon-phuket-u5856076,Palm & Pine At Karon Hill,,,karon,"Karon, Phuket Town, Phuket",,,condo,unknown,,,,,7.0,,,,6600000.0,942857.14,,,,,unknown,,0,,0,1,0,0,,,0,,,,,,"{""card_text"": ""palm & pine at karon hill updated 1 day ago karon, phuket town, phuket ฿6,600,000 ฿7,300,000 (฿60,600/sqm) 2 bedroom condo for sale at palm & pine at karon hill 🌴 2-bedroom condo for sale – karon hill, phuket \n🏖️ beautiful 2nd-floor condo (108.7 sqm) with 96.5 sqm indoor area and 12.2 sqm balcony, just 15 mins walk to karon beach!\n🌅 highlights:\n\n🏡 2... details: 2 bedroom(s) 1 bathroom(s) 109 sqm p"", ""tags"": [""est. rent:฿51,100/mo| roi:9%"", ""cam fee:฿5,995/mo"", ""sinking fund:฿76,300"", ""updated: 1 day ago""], ""location_text"": ""Karon, Phuket Town, Phuket"", ""url"": ""https://www.fazwaz.com/property-sales/2-bedroom-condo-for-sale-at-palm-pine-at-karon-hill-in-karon-phuket-u5856076""}",2026-04-21 09:03:53.348163,2026-04-21 09:03:53.348163,1
444,fazwaz,3-bedroom-villa-for-sale-at-thala-villas-phuket-in-si-sunthon-phuket-u5778185,https://www.fazwaz.com/property-sales/3-bedroom-villa-for-sale-at-thala-villas-phuket-in-si-sunthon-phuket-u5778185,Thala Villas Phuket,,,layan,"Si Sunthon, Thalang, Phuket",,,villa,unknown,,,,,,,,,13900000.0,,,,,,unknown,,0,,0,1,1,0,,,0,,,,,,"{""card_text"": ""see all thala villas phuket updated 1 week ago si sunthon, thalang, phuket ฿13,900,000 ฿16,900,000 (฿47,900/sqm) 3 bedroom villa for sale at thala villas phuket discover a masterpiece of contemporary living — an exclusive modern villa that redefines comfort, elegance, and tropical style.\nset on a privately owned plot in one of phuket’s most desira... details: 3 bedroom(s) 4 bathroom(s) 290 sqm pro"", ""tags"": [""rent:฿120,000/mo| roi:10%"", ""updated: 1 week ago""], ""location_text"": ""Si Sunthon, Thalang, Phuket"", ""url"": ""https://www.fazwaz.com/property-sales/3-bedroom-villa-for-sale-at-thala-villas-phuket-in-si-sunthon-phuket-u5778185""}",2026-04-21 09:03:53.351716,2026-04-21 09:03:53.351716,1
445,fazwaz,2-bedroom-condo-for-sale-at-nai-harn-beach-condominium-in-rawai-phuket-u5900930,https://www.fazwaz.com/property-sales/2-bedroom-condo-for-sale-at-nai-harn-beach-condominium-in-rawai-phuket-u5900930,Nai Harn Beach Condominium,,,rawai,"Rawai, Phuket Town, Phuket",,,condo,unknown,,,,,,,,,9100000.0,,,,,,unknown,,0,,0,1,1,0,,,0,,,,,,"{""card_text"": ""see all nai harn beach condominium updated 4 days ago rawai, phuket town, phuket ฿9,100,000 (฿79,100/sqm) 2 bedroom condo for sale at nai harn beach condominium spacious two-bedroom apartment with a large living room and direct access to the pool directly from the balcony. ideal for families who value peace and quiet, convenience and the ability to go down to... details: 2 bedroom(s) 2 bathroom(s)"", ""tags"": [""rent:฿78,000/mo| roi:10%"", ""cam fee:฿8,050/mo"", ""updated: 4 days ago""], ""location_text"": ""Rawai, Phuket Town, Phuket"", ""url"": ""https://www.fazwaz.com/property-sales/2-bedroom-condo-for-sale-at-nai-harn-beach-condominium-in-rawai-phuket-u5900930""}",2026-04-21 09:03:53.351716,2026-04-21 09:03:53.351716,1
446,fazwaz,1-bedroom-condo-for-sale-at-essence-residence-in-rawai-phuket-u1687182,https://www.fazwaz.com/property-sales/1-bedroom-condo-for-sale-at-essence-residence-in-rawai-phuket-u1687182,Essence Residence,,,rawai,"Rawai, Phuket Town, Phuket",,,house,unknown,,,,,,,,,5300000.0,,,,,,unknown,,0,,0,0,0,0,,,1,,,,,,"{""card_text"": ""see all essence residence updated 4 days ago rawai, phuket town, phuket ฿5,300,000 (฿101,000/sqm) 1 bedroom condo for sale at essence residence introducing essence: where luxury meets comfort\nexperience a new level of deluxe living at the prestigious essence club house, located near the picturesque rawai promenade. this exclusive project boas... details: 1 bedroom(s) 1 bathroom(s) 52.34 sqm proper"", ""tags"": [""cam fee:฿4,187/mo"", ""sinking fund:฿31,404"", ""updated: 4 days ago""], ""location_text"": ""Rawai, Phuket Town, Phuket"", ""url"": ""https://www.fazwaz.com/property-sales/1-bedroom-condo-for-sale-at-essence-residence-in-rawai-phuket-u1687182""}",2026-04-21 09:03:53.351716,2026-04-21 09:03:53.351716,1
447,fazwaz,2-bedroom-condo-for-sale-at-mida-grande-resort-condominiums-in-choeng-thale-phuket-u6003996,https://www.fazwaz.com/property-sales/2-bedroom-condo-for-sale-at-mida-grande-resort-condominiums-in-choeng-thale-phuket-u6003996,Mida Grande Resort Condominiums,,,cherng-talay,"Choeng Thale, Thalang, Phuket",,,condo,leasehold,,,2.0,2.0,70.0,,,,8500000.0,121428.57,,,,,unknown,,0,,0,1,1,0,,,0,,,,,,"{""card_text"": ""see all mida grande resort condominiums 7% guar. return for 3 years updated 1 day ago choeng thale, thalang, phuket ฿8,500,000 (฿121,000/sqm) 2 bedroom condo for sale at mida grande resort condominiums a very private 2-bedroom condominium for sale in mida grande surin, one of the most recognizable residential projects in the surin area.\nproperty details:\n\n\nsize: 70 sqm\n\n\nlayout: 2 bedrooms / 2 bat"", ""tags"": [""cam fee:฿3,500/mo"", ""sinking fund:฿35,000"", ""updated: 1 day ago""], ""location_text"": ""Choeng Thale, Thalang, Phuket"", ""url"": ""https://www.fazwaz.com/property-sales/2-bedroom-condo-for-sale-at-mida-grande-resort-condominiums-in-choeng-thale-phuket-u6003996""}",2026-04-21 09:03:53.356840,2026-04-21 09:03:53.356840,1
448,fazwaz,3-bedroom-house-for-sale-at-prime-place-phuket-victory-monument-in-si-sunthon-phuket-u5675930,https://www.fazwaz.com/property-sales/3-bedroom-house-for-sale-at-prime-place-phuket-victory-monument-in-si-sunthon-phuket-u5675930,Prime Place Phuket-Victory Monument,,,layan,"Si Sunthon, Thalang, Phuket",,,house,unknown,,,,,,,,,3690000.0,,,,,,unknown,,0,,0,0,1,0,,,0,,,,,,"{""card_text"": ""see all prime place phuket-victory monument updated 3 days ago si sunthon, thalang, phuket ฿3,690,000 (฿20,500/sqm) 3 bedroom house for sale at prime place phuket-victory monument fully renovation with unfurnished details: 3 bedroom(s) 2 bathroom(s) 180 sqm property type: house garden view unblocked open view fully renovated private garden landscaped garden pets\n                    : all kind of p"", ""tags"": [""est. rent:฿79,800/mo| roi:26%"", ""updated: 3 days ago""], ""location_text"": ""Si Sunthon, Thalang, Phuket"", ""url"": ""https://www.fazwaz.com/property-sales/3-bedroom-house-for-sale-at-prime-place-phuket-victory-monument-in-si-sunthon-phuket-u5675930""}",2026-04-21 09:03:53.356840,2026-04-21 09:03:53.356840,1
449,fazwaz,1-bedroom-condo-for-sale-at-canvas-cherngtalay-in-choeng-thale-phuket-u5822432,https://www.fazwaz.com/property-sales/1-bedroom-condo-for-sale-at-canvas-cherngtalay-in-choeng-thale-phuket-u5822432,CANVAS Cherngtalay,,,cherng-talay,"Choeng Thale, Thalang, Phuket",,,condo,freehold,,,1.0,,,,,,8900000.0,,,,,,unknown,,0,,0,1,0,0,,,0,,,,,,"{""card_text"": ""see all canvas cherngtalay updated 1 day ago choeng thale, thalang, phuket ฿8,900,000 (฿223,000/sqm) 1 bedroom condo for sale at canvas cherngtalay 1 bedroom foreigner freehold top floor good deal details: 1 bedroom(s) 1 bathroom(s) 40 sqm property type: condo beach 2.34 km foreign quota year built 2025 low rise floor 5 lake view golf course view private pool pool access rooftop terrace est. rent:"", ""tags"": [""est. rent:฿64,200/mo| roi:9%"", ""cam fee:฿3,400/mo"", ""sinking fund:฿26,000"", ""updated: 1 day ago""], ""location_text"": ""Choeng Thale, Thalang, Phuket"", ""url"": ""https://www.fazwaz.com/property-sales/1-bedroom-condo-for-sale-at-canvas-cherngtalay-in-choeng-thale-phuket-u5822432""}",2026-04-21 09:03:53.362293,2026-04-21 09:03:53.362293,1
450,fazwaz,2-bedroom-penthouse-for-sale-at-icon-park-in-kamala-phuket-u1410990,https://www.fazwaz.com/property-sales/2-bedroom-penthouse-for-sale-at-icon-park-in-kamala-phuket-u1410990,Icon Park,,,kamala,"Kamala, Kathu, Phuket",,,house,unknown,,,,,65.0,,,,12000000.0,184615.38,,,,,unknown,,0,,0,0,0,0,,,0,,,,,,"{""card_text"": ""see all icon park updated 6 days ago kamala, kathu, phuket ฿12,000,000 (฿105,000/sqm) 2 bedroom penthouse for sale at icon park luxury duplex penthouse for sale in kamala, phuket! apartment with an area of ​​113.65 sq.m. overlooking the mountains, furnished with good furniture, appliances, and quality linens. the apartment has... details: 2 bedroom(s) 2 bathroom(s) 114 sqm property type: penthouse"", ""tags"": [""est. rent:฿71,500/mo| roi:7%"", ""cam fee:฿5,130/mo"", ""sinking fund:฿68,400"", ""updated: 6 days ago""], ""location_text"": ""Kamala, Kathu, Phuket"", ""url"": ""https://www.fazwaz.com/property-sales/2-bedroom-penthouse-for-sale-at-icon-park-in-kamala-phuket-u1410990""}",2026-04-21 09:03:53.364079,2026-04-21 09:03:53.364079,1
451,fazwaz,1-bedroom-apartment-for-sale-at-the-privilege-in-patong-phuket-u1962363,https://www.fazwaz.com/property-sales/1-bedroom-apartment-for-sale-at-the-privilege-in-patong-phuket-u1962363,The Privilege,,,patong,"Patong, Kathu, Phuket",,,condo,freehold,,,,,70.0,,,,8000000.0,114285.71,,,,,unknown,,0,,0,0,0,0,,,0,,,,,,"{""card_text"": ""see all the privilege updated 22 hours ago patong, kathu, phuket ฿8,000,000 (฿114,000/sqm) 1 bedroom apartment for sale at the privilege size: spacious 70 m² apartment with freehold ownership\nfeatures: elegant spa bathroom with a separate shower and toilet, furnished with high-end siemens appliances (microwave and fridge), and a... details: 1 bedroom(s) 1 bathroom(s) 70 sqm property type: apartmen"", ""tags"": [""rent:฿42,000/mo| roi:6%"", ""cam fee:฿4,200/mo"", ""updated: 22 hours ago""], ""location_text"": ""Patong, Kathu, Phuket"", ""url"": ""https://www.fazwaz.com/property-sales/1-bedroom-apartment-for-sale-at-the-privilege-in-patong-phuket-u1962363""}",2026-04-21 09:03:59.546593,2026-04-21 09:03:59.546593,1
452,fazwaz,1-bedroom-condo-for-sale-at-adm-platinum-bay-in-kamala-phuket-u5623019,https://www.fazwaz.com/property-sales/1-bedroom-condo-for-sale-at-adm-platinum-bay-in-kamala-phuket-u5623019,ADM Platinum Bay,,,kamala,"Kamala, Kathu, Phuket",,,condo,freehold,,,,,,,,,6800000.0,,,,,,unknown,,0,,0,1,0,0,,,0,,,,,,"{""card_text"": ""see all adm platinum bay updated 4 days ago kamala, kathu, phuket ฿6,800,000 ฿7,500,000 (฿179,000/sqm) 1 bedroom condo for sale at adm platinum bay ✨ special listing announcement – adm platinum bay (kamala) ✨\n \njust launched! foreign freehold one-bedroom condo with private pool now available at 7,099,999 thb 🤩\n \nthis stunning b... details: 1 bedroom(s) 1 bathroom(s) 38 sqm property type: condo bea"", ""tags"": [""cam fee:฿2,280/mo"", ""sinking fund:฿26,600"", ""updated: 4 days ago""], ""location_text"": ""Kamala, Kathu, Phuket"", ""url"": ""https://www.fazwaz.com/property-sales/1-bedroom-condo-for-sale-at-adm-platinum-bay-in-kamala-phuket-u5623019""}",2026-04-21 09:03:59.546593,2026-04-21 09:03:59.546593,1
453,fazwaz,3-bedroom-house-for-sale-at-orchid-lane-mission-hill-in-pa-khlok-phuket-u1996034,https://www.fazwaz.com/property-sales/3-bedroom-house-for-sale-at-orchid-lane-mission-hill-in-pa-khlok-phuket-u1996034,Orchid Lane Mission Hill,,,pa-khlok,"Pa Khlok, Thalang, Phuket",,,house,unknown,,,3.0,2.0,180.0,,,,16900000.0,93888.89,,,,,unknown,,0,,0,1,1,0,,,0,,,,,,"{""card_text"": ""see all orchid lane mission hill updated 3 weeks ago pa khlok, thalang, phuket ฿16,900,000 (฿93,900/sqm) 3 bedroom house for sale at orchid lane mission hill this property is a 180 sqm house with 3 bedrooms and 2 bathrooms that is available for sale. it is part of the orchid lane mission hill project in pa khlok, phuket and was completed in may 2... details: 3 bedroom(s) 2 bathroom(s) 180 sqm prop"", ""tags"": [""est. rent:฿56,500/mo| roi:4%"", ""updated: 3 weeks ago""], ""location_text"": ""Pa Khlok, Thalang, Phuket"", ""url"": ""https://www.fazwaz.com/property-sales/3-bedroom-house-for-sale-at-orchid-lane-mission-hill-in-pa-khlok-phuket-u1996034""}",2026-04-21 09:03:59.546593,2026-04-21 09:03:59.546593,1
454,fazwaz,1-bedroom-condo-for-sale-at-cassia-phuket-in-choeng-thale-phuket-u1690380,https://www.fazwaz.com/property-sales/1-bedroom-condo-for-sale-at-cassia-phuket-in-choeng-thale-phuket-u1690380,Cassia Phuket,,,cherng-talay,"Choeng Thale, Thalang, Phuket",,,condo,leasehold,,,,,,,,,6842105.0,,,,,,unknown,,0,,0,0,0,0,,,0,,,,,,"{""card_text"": ""see all cassia phuket 5% guar. return for 3 years updated 2 days ago choeng thale, thalang, phuket ฿6,842,105 ฿9,880,000 (฿137,000/sqm) 1 bedroom condo for sale at cassia phuket the property is cassia phuket and its in laguna phuket and exclusive gated community managed by the banyan tree group. the property is leased back to the hotel for rental income which is shared with o... details: 1 bedroom"", ""tags"": [""cam fee:฿100/mo"", ""updated: 2 days ago""], ""location_text"": ""Choeng Thale, Thalang, Phuket"", ""url"": ""https://www.fazwaz.com/property-sales/1-bedroom-condo-for-sale-at-cassia-phuket-in-choeng-thale-phuket-u1690380""}",2026-04-21 09:03:59.546593,2026-04-21 09:03:59.546593,1
455,fazwaz,4-bedroom-villa-for-sale-at-gold-chariot-in-choeng-thale-phuket-u6164970,https://www.fazwaz.com/property-sales/4-bedroom-villa-for-sale-at-gold-chariot-in-choeng-thale-phuket-u6164970,Gold Chariot,,,cherng-talay,"Choeng Thale, Thalang, Phuket",,,villa,unknown,,,,,,,,,37500000.0,,,,,,unknown,,0,,0,1,0,0,,,0,,,,,,"{""card_text"": ""see all gold chariot listed 2 weeks ago choeng thale, thalang, phuket ฿37,500,000 (฿100,000/sqm) 4 bedroom villa for sale at gold chariot “gold chariot pool villa\"" villa in cherngtalay,talang, phuket.\nwelcome to gold chariot pool villa, a contemporary and luxurious pool villas. we are located in a private and quiet area of ch... details: 4 bedroom(s) 4 bathroom(s) 375 sqm property type: villa beac"", ""tags"": [""est. rent:฿189,000/mo| roi:6%""], ""location_text"": ""Choeng Thale, Thalang, Phuket"", ""url"": ""https://www.fazwaz.com/property-sales/4-bedroom-villa-for-sale-at-gold-chariot-in-choeng-thale-phuket-u6164970""}",2026-04-21 09:03:59.562389,2026-04-21 09:03:59.562389,1
456,fazwaz,1-bedroom-condo-for-sale-at-chic-condo-in-karon-phuket-u5673495,https://www.fazwaz.com/property-sales/1-bedroom-condo-for-sale-at-chic-condo-in-karon-phuket-u5673495,Chic Condo,,,karon,"Karon, Phuket Town, Phuket",,,condo,unknown,,,,,,,,,3390000.0,,,,,,unknown,,0,,0,0,1,0,,,0,,,,,,"{""card_text"": ""see all chic condo 7% guar. return for 3 years updated 5 days ago karon, phuket town, phuket ฿3,390,000 (฿72,700/sqm) 1 bedroom condo for sale at chic condo rewly renovation with fully furnished details: 1 bedroom(s) 1 bathroom(s) 46.64 sqm property type: condo beach 1.31 km year built 2012 low rise floor 1 garden view fully renovated modern or contemporary minimalist cam fee: ฿2,099/mo sinking fu"", ""tags"": [""cam fee:฿2,099/mo"", ""sinking fund:฿23,320"", ""updated: 5 days ago""], ""location_text"": ""Karon, Phuket Town, Phuket"", ""url"": ""https://www.fazwaz.com/property-sales/1-bedroom-condo-for-sale-at-chic-condo-in-karon-phuket-u5673495""}",2026-04-21 09:03:59.562389,2026-04-21 09:03:59.562389,1
457,fazwaz,2-bedroom-condo-for-sale-at-q-conzept-condominium-in-karon-phuket-u1847686,https://www.fazwaz.com/property-sales/2-bedroom-condo-for-sale-at-q-conzept-condominium-in-karon-phuket-u1847686,Q Conzept Condominium,,,karon,"Karon, Phuket Town, Phuket",,,condo,unknown,,,2.0,,,,,,11000000.0,,,,,,unknown,,0,,0,1,0,0,,,0,,,,,,"{""card_text"": ""see all q conzept condominium updated 4 days ago karon, phuket town, phuket ฿11,000,000 ฿11,900,000 (฿116,000/sqm) 2 bedroom condo for sale at q conzept condominium 🔥 yearly profit: 10% ideally located 3 minutes walk to the two beaches of karon and kata.2 bedrooms, 95 sq. m, 4th floor.premium club house q concept.everything is new: fully equipped kitchen wi... details: 2 bedroom(s) 1 bathroom(s) 9"", ""tags"": [""est. rent:฿151,000/mo| roi:16%"", ""cam fee:฿5,700/mo"", ""sinking fund:฿90,250"", ""updated: 4 days ago""], ""location_text"": ""Karon, Phuket Town, Phuket"", ""url"": ""https://www.fazwaz.com/property-sales/2-bedroom-condo-for-sale-at-q-conzept-condominium-in-karon-phuket-u1847686""}",2026-04-21 09:03:59.562389,2026-04-21 09:03:59.562389,1
458,fazwaz,3-bedroom-villa-for-sale-at-luxpride-by-wallaya-villas-in-si-sunthon-phuket-u1876652,https://www.fazwaz.com/property-sales/3-bedroom-villa-for-sale-at-luxpride-by-wallaya-villas-in-si-sunthon-phuket-u1876652,LuxPride by Wallaya Villas,,,layan,"Si Sunthon, Thalang, Phuket",,,villa,unknown,,,,,,,,,20500000.0,,,,,,unknown,,0,,0,1,1,0,,,0,,,,,,"{""card_text"": ""see all luxpride by wallaya villas updated 1 week ago si sunthon, thalang, phuket ฿20,500,000 ฿22,000,000 (฿54,000/sqm) 3 bedroom villa for sale at luxpride by wallaya villas brand new pool villa near laguna details: 3 bedroom(s) 3 bathroom(s) 380 sqm property type: villa year built 2024 city view pool view private pool rooftop terrace private garden pets\n                    : all kind of pets all"", ""tags"": [""rent:฿200,000/mo| roi:12%"", ""cam fee:฿7,600/mo"", ""sinking fund:฿190,000"", ""updated: 1 week ago""], ""location_text"": ""Si Sunthon, Thalang, Phuket"", ""url"": ""https://www.fazwaz.com/property-sales/3-bedroom-villa-for-sale-at-luxpride-by-wallaya-villas-in-si-sunthon-phuket-u1876652""}",2026-04-21 09:03:59.562389,2026-04-21 09:03:59.562389,1
459,fazwaz,4-bedroom-villa-for-sale-at-baan-suan-loch-palm-in-kathu-phuket-u5362278,https://www.fazwaz.com/property-sales/4-bedroom-villa-for-sale-at-baan-suan-loch-palm-in-kathu-phuket-u5362278,Baan Suan Loch Palm,,,kathu,"Kathu, Kathu, Phuket",,,villa,unknown,,,,,,,,,19500000.0,,,,,,unknown,,0,,0,1,1,0,,,0,,,,,,"{""card_text"": ""see all baan suan loch palm updated 4 days ago kathu, kathu, phuket ฿19,500,000 (฿48,800/sqm) 4 bedroom villa for sale at baan suan loch palm baan suan loch palm is a villa-resort style surrounded by lush greenery nature and secluded in a tranquil area, close to numerous tourist attractions and many convenient places such as 24 hours securi... details: 4 bedroom(s) 4.5 bathroom(s) 400 sqm property"", ""tags"": [""rent:฿130,000/mo| roi:8%"", ""updated: 4 days ago""], ""location_text"": ""Kathu, Kathu, Phuket"", ""url"": ""https://www.fazwaz.com/property-sales/4-bedroom-villa-for-sale-at-baan-suan-loch-palm-in-kathu-phuket-u5362278""}",2026-04-21 09:03:59.562389,2026-04-21 09:03:59.562389,1
460,fazwaz,1-bedroom-condo-for-sale-at-surin-sabai-in-choeng-thale-phuket-u75698,https://www.fazwaz.com/property-sales/1-bedroom-condo-for-sale-at-surin-sabai-in-choeng-thale-phuket-u75698,Surin Sabai,,,cherng-talay,"Choeng Thale, Thalang, Phuket",,,condo,unknown,,,,,,,,,3700000.0,,,,,,unknown,,0,,0,1,1,0,,,0,,,,,,"{""card_text"": ""surin sabai updated 1 month ago choeng thale, thalang, phuket ฿3,700,000 ฿4,400,000 (฿57,800/sqm) 1 bedroom condo for sale at surin sabai welcome to surin sabai, an exclusive and sophisticated condominium project right in the heart of choeng thale, phuket! located in an affluent area surrounded by lush, green landscapes, and breathtakin... details: 1 bedroom(s) 1 bathroom(s) 64 sqm property type: "", ""tags"": [""est. rent:฿30,100/mo| roi:10%"", ""cam fee:฿5,120/mo"", ""sinking fund:฿19,200"", ""updated: 1 month ago""], ""location_text"": ""Choeng Thale, Thalang, Phuket"", ""url"": ""https://www.fazwaz.com/property-sales/1-bedroom-condo-for-sale-at-surin-sabai-in-choeng-thale-phuket-u75698""}",2026-04-21 09:03:59.562389,2026-04-21 09:03:59.562389,1
461,fazwaz,2-bedroom-condo-for-sale-at-at-the-tree-condominium-in-rawai-phuket-u1405458,https://www.fazwaz.com/property-sales/2-bedroom-condo-for-sale-at-at-the-tree-condominium-in-rawai-phuket-u1405458,At The Tree Condominium,,,rawai,"Rawai, Phuket Town, Phuket",,,condo,unknown,,,,,,,,,11900000.0,,,,,,unknown,,0,,0,1,1,0,,,0,,,,,,"{""card_text"": ""at the tree condominium updated 16 hours ago rawai, phuket town, phuket ฿11,900,000 (฿138,000/sqm) 2 bedroom condo for sale at at the tree condominium sunrise view from bacony. facing south east. 23 meter hight from sea level. this property is fully furnished with 5g wifi, new air conditioning, and a new sofa.\nspecial inclusions•seaview condo&b... details: 2 bedroom(s) 2 bathroom(s) 86 sqm propert"", ""tags"": [""rent:฿50,000/mo| roi:5%"", ""cam fee:฿4,730/mo"", ""sinking fund:฿47,300"", ""updated: 16 hours ago""], ""location_text"": ""Rawai, Phuket Town, Phuket"", ""url"": ""https://www.fazwaz.com/property-sales/2-bedroom-condo-for-sale-at-at-the-tree-condominium-in-rawai-phuket-u1405458""}",2026-04-21 09:03:59.562389,2026-04-21 09:03:59.562389,1
462,fazwaz,2-bedroom-condo-for-sale-at-palm-breeze-resort-in-rawai-phuket-u5904356,https://www.fazwaz.com/property-sales/2-bedroom-condo-for-sale-at-palm-breeze-resort-in-rawai-phuket-u5904356,Palm Breeze Resort,,,rawai,"Rawai, Phuket Town, Phuket",,,condo,unknown,,,,,,,,,5000000.0,,,,,,unknown,,0,,0,1,1,0,,,0,,,,,,"{""card_text"": ""see all palm breeze resort updated 1 week ago rawai, phuket town, phuket ฿5,000,000 (฿43,900/sqm) 2 bedroom condo for sale at palm breeze resort the apartment is located in the palm breeze resort complex, which consists of 5 buildings. it is located a 10-minute drive from phuket's beautiful nai harn beach. convenient location, very developed i... details: 2 bedroom(s) 2 bathroom(s) 114 sqm propert"", ""tags"": [""est. rent:฿54,200/mo| roi:13%"", ""cam fee:฿4,788/mo"", ""updated: 1 week ago""], ""location_text"": ""Rawai, Phuket Town, Phuket"", ""url"": ""https://www.fazwaz.com/property-sales/2-bedroom-condo-for-sale-at-palm-breeze-resort-in-rawai-phuket-u5904356""}",2026-04-21 09:03:59.578489,2026-04-21 09:03:59.578489,1
463,fazwaz,4-bedroom-villa-for-sale-at-manor-phuket-in-si-sunthon-phuket-u6144306,https://www.fazwaz.com/property-sales/4-bedroom-villa-for-sale-at-manor-phuket-in-si-sunthon-phuket-u6144306,Manor Phuket,,,layan,"Si Sunthon, Thalang, Phuket",,,villa,unknown,,,4.0,5.0,912.0,,,,30900000.0,33881.58,,,,,unknown,,0,,0,1,1,0,,,0,,,,,,"{""card_text"": ""see all manor phuket listed 3 weeks ago updated 3 weeks ago si sunthon, thalang, phuket ฿30,900,000 (฿57,900/sqm) 4 bedroom villa for sale at manor phuket 4 bed 5 bath with big plot 912 sqm details: 4 bedroom(s) 5 bathroom(s) 534 sqm property type: villa pool view garden view private pool pool access garden access pets\n                    : all kind of pets allowed cam fee: ฿13,684/mo sinking fund"", ""tags"": [""cam fee:฿13,684/mo"", ""sinking fund:฿100,000"", ""updated: 3 weeks ago""], ""location_text"": ""Si Sunthon, Thalang, Phuket"", ""url"": ""https://www.fazwaz.com/property-sales/4-bedroom-villa-for-sale-at-manor-phuket-in-si-sunthon-phuket-u6144306""}",2026-04-21 09:03:59.578489,2026-04-21 09:03:59.578489,1
464,fazwaz,1-bedroom-condo-for-sale-at-diamond-condominium-bang-tao-in-choeng-thale-phuket-u1794864,https://www.fazwaz.com/property-sales/1-bedroom-condo-for-sale-at-diamond-condominium-bang-tao-in-choeng-thale-phuket-u1794864,Diamond Condominium Bang Tao,,,cherng-talay,"Choeng Thale, Thalang, Phuket",,,condo,unknown,,,,,,,,,6500000.0,,,,,,unknown,,0,,0,1,1,0,,,0,,,,,,"{""card_text"": ""see all diamond condominium bang tao 5% guar. return for 5 years updated 1 week ago choeng thale, thalang, phuket ฿6,500,000 (฿162,000/sqm) 1 bedroom condo for sale at diamond condominium bang tao be fascinated by living here in an elegant modern place under the shady atmosphere of nature from mountainous view and bang tao beach. enjoy the tranquility, privacy, impressive services, and complete..."", ""tags"": [""cam fee:฿2,800/mo"", ""sinking fund:฿20,000"", ""updated: 1 week ago""], ""location_text"": ""Choeng Thale, Thalang, Phuket"", ""url"": ""https://www.fazwaz.com/property-sales/1-bedroom-condo-for-sale-at-diamond-condominium-bang-tao-in-choeng-thale-phuket-u1794864""}",2026-04-21 09:03:59.578489,2026-04-21 09:03:59.578489,1
465,fazwaz,5-bedroom-villa-for-sale-in-choeng-thale-phuket-u2002278,https://www.fazwaz.com/property-sales/5-bedroom-villa-for-sale-in-choeng-thale-phuket-u2002278,Fully Renovated 4 Bedroom with Large Pool,,,cherng-talay,"Choeng Thale, Thalang, Phuket",,,villa,unknown,,,,,,,,,21000000.0,,,,,,unknown,,0,,0,1,0,0,,,0,,,,,,"{""card_text"": ""see all fully renovated 4 bedroom with large pool updated 1 week ago choeng thale, thalang, phuket ฿21,000,000 ฿22,000,000 (฿46,700/sqm) 5 bedroom villa for sale in choeng thale, phuket 350 m enclosed air conditioned and 450 m total living area including terrace under terrace sala the land is 491 m it has two parking areas with two sliding gates enough parking for six cars off the st... details: 5"", ""tags"": [""updated: 1 week ago""], ""location_text"": ""Choeng Thale, Thalang, Phuket"", ""url"": ""https://www.fazwaz.com/property-sales/5-bedroom-villa-for-sale-in-choeng-thale-phuket-u2002278""}",2026-04-21 09:03:59.578489,2026-04-21 09:03:59.578489,1
466,fazwaz,2-bedroom-condo-for-sale-at-royal-phuket-marina-in-ko-kaeo-phuket-u76140,https://www.fazwaz.com/property-sales/2-bedroom-condo-for-sale-at-royal-phuket-marina-in-ko-kaeo-phuket-u76140,Royal Phuket Marina,,,phuket-town,"Ko Kaeo, Phuket Town, Phuket",,,condo,unknown,,,2.0,,,,,,18000000.0,,,,,,unknown,,0,,0,1,1,0,,,0,,,,,,"{""card_text"": ""see all royal phuket marina updated 1 month ago ko kaeo, phuket town, phuket ฿18,000,000 (฿117,000/sqm) 2 bedroom condo for sale at royal phuket marina experience a comfortable life infinitely and enjoy a luxurious living amid the abundance of nature in the vicinity of koh kaew, phuket. the condo features 2 bedrooms and has been created the best for... details: 2 bedroom(s) 2 bathroom(s) 154 sqm p"", ""tags"": [""rent:฿115,000/mo| roi:8%"", ""cam fee:฿10,010/mo"", ""updated: 1 month ago""], ""location_text"": ""Ko Kaeo, Phuket Town, Phuket"", ""url"": ""https://www.fazwaz.com/property-sales/2-bedroom-condo-for-sale-at-royal-phuket-marina-in-ko-kaeo-phuket-u76140""}",2026-04-21 09:03:59.578489,2026-04-21 09:03:59.578489,1
467,fazwaz,3-bedroom-townhouse-for-sale-in-patong-phuket-u1753160,https://www.fazwaz.com/property-sales/3-bedroom-townhouse-for-sale-in-patong-phuket-u1753160,Perfect 3 Storey Townhose Renovated with Seaview,,,patong,"Patong, Kathu, Phuket",,,house,freehold,,,,,315.0,,,,26000000.0,82539.68,,,,,unknown,,0,,0,0,0,0,,,0,,,,,,"{""card_text"": ""see all perfect 3 storey townhose renovated with seaview updated 2 days ago patong, kathu, phuket ฿26,000,000 (฿82,500/sqm) 3 bedroom townhouse for sale in patong, phuket it’s a 3 floor building with 3 independent units. 315 sqm in total. thai freehold. can be sold as it is or at a higher price with all interior design project finished. it has an amazing view of... details: 3 bedroom(s) 3 bathroom"", ""tags"": [""updated: 2 days ago""], ""location_text"": ""Patong, Kathu, Phuket"", ""url"": ""https://www.fazwaz.com/property-sales/3-bedroom-townhouse-for-sale-in-patong-phuket-u1753160""}",2026-04-21 09:03:59.578489,2026-04-21 09:03:59.578489,1
468,fazwaz,3-bedroom-villa-for-sale-in-rawai-phuket-u1743214,https://www.fazwaz.com/property-sales/3-bedroom-villa-for-sale-in-rawai-phuket-u1743214,Brand New Pool villa Soi Srem Suk,,,rawai,"Rawai, Phuket Town, Phuket",,,villa,unknown,,,,,,,,,9500000.0,,,,,,unknown,,0,,0,1,1,1,,,0,,,,,,"{""card_text"": ""see all brand new pool villa soi srem suk updated 3 weeks ago rawai, phuket town, phuket ฿9,500,000 ฿13,000,000 (฿59,400/sqm) 3 bedroom villa for sale in rawai, phuket brand new pool villa with sea view and mountain view fully furnished including cleaning, wifi cover parking located on the peaceful area of rawai close to aka gym details: 3 bedroom(s) 3 bathroom(s) 160 sqm property type: villa year"", ""tags"": [""updated: 3 weeks ago""], ""location_text"": ""Rawai, Phuket Town, Phuket"", ""url"": ""https://www.fazwaz.com/property-sales/3-bedroom-villa-for-sale-in-rawai-phuket-u1743214""}",2026-04-21 09:03:59.578489,2026-04-21 09:03:59.578489,1
469,fazwaz,8-bedroom-villa-for-sale-at-baan-kata-villa-in-karon-phuket-u4864368,https://www.fazwaz.com/property-sales/8-bedroom-villa-for-sale-at-baan-kata-villa-in-karon-phuket-u4864368,Baan Kata Villa,,,karon,"Karon, Phuket Town, Phuket",,,villa,unknown,,,,,,,,,289000000.0,,,,,,unknown,,0,,0,1,0,0,,,0,,,,,,"{""card_text"": ""see all baan kata villa updated 2 weeks ago karon, phuket town, phuket ฿289,000,000 (฿241,000/sqm) 8 bedroom villa for sale at baan kata villa baan kata villa, a luxurious resort-style pool villa coming with high privacy amid lush nature and rainforest. enjoy the endless blue scenery of kata bay, which situates next to kata and kata noi beac... details: 8 bedroom(s) 11 bathroom(s) 1,200 sqm proper"", ""tags"": [""rent:฿985,000/mo| roi:4%"", ""cam fee:฿20,199,600/mo"", ""updated: 2 weeks ago""], ""location_text"": ""Karon, Phuket Town, Phuket"", ""url"": ""https://www.fazwaz.com/property-sales/8-bedroom-villa-for-sale-at-baan-kata-villa-in-karon-phuket-u4864368""}",2026-04-21 09:03:59.594719,2026-04-21 09:03:59.594719,1
470,fazwaz,3-bedroom-townhouse-for-sale-in-talat-yai-phuket-u5716866,https://www.fazwaz.com/property-sales/3-bedroom-townhouse-for-sale-in-talat-yai-phuket-u5716866,Cozy Townhome in Old Town 3-Storey Townhome,,,phuket-town,"Talat Yai, Phuket Town, Phuket",,,house,unknown,,,3.0,3.0,,,,,5700000.0,,,,,,unknown,,0,,0,0,0,0,,,0,,,,,,"{""card_text"": ""see all cozy townhome in old town 3-storey townhome updated 3 days ago talat yai, phuket town, phuket ฿5,700,000 (฿28,500/sqm) 3 bedroom townhouse for sale in talat yai, phuket cozy townhome in old town for sale 3 bedrooms, 3 bathrooms, 1 carpark, 4 aircons, a large balcony, and built-in furnishings. 3 mins walk to lime light (250m), old town is 500m away. details: 3 bedroom(s) 3 bathroom(s) 200 s"", ""tags"": [""updated: 3 days ago""], ""location_text"": ""Talat Yai, Phuket Town, Phuket"", ""url"": ""https://www.fazwaz.com/property-sales/3-bedroom-townhouse-for-sale-in-talat-yai-phuket-u5716866""}",2026-04-21 09:03:59.594719,2026-04-21 09:03:59.594719,1
471,fazwaz,studio-condo-for-sale-at-ocean-breeze-in-choeng-thale-phuket-u5916326,https://www.fazwaz.com/property-sales/studio-condo-for-sale-at-ocean-breeze-in-choeng-thale-phuket-u5916326,Ocean Breeze,,,cherng-talay,"Choeng Thale, Thalang, Phuket",,,condo,leasehold,,,,,,,,,4600000.0,,,,,,unknown,,0,,0,1,1,0,,,0,,,,,,"{""card_text"": ""see all ocean breeze updated 3 weeks ago choeng thale, thalang, phuket ฿4,600,000 (฿80,700/sqm) studio condo for sale at ocean breeze listen to nature birds' sound with the ocean breeze, a colonial-style accommodation project that blends perfectly thai and western styles and comes with a large lotus pond. it is surrounded by several... details: studio 1 bathroom(s) 57 sqm property type: condo beac"", ""tags"": [""rent:฿40,000/mo| roi:10%"", ""cam fee:฿10,155/mo"", ""updated: 3 weeks ago""], ""location_text"": ""Choeng Thale, Thalang, Phuket"", ""url"": ""https://www.fazwaz.com/property-sales/studio-condo-for-sale-at-ocean-breeze-in-choeng-thale-phuket-u5916326""}",2026-04-21 09:03:59.594719,2026-04-21 09:03:59.594719,1
472,fazwaz,studio-condo-for-sale-at-essence-residence-in-rawai-phuket-u1687178,https://www.fazwaz.com/property-sales/studio-condo-for-sale-at-essence-residence-in-rawai-phuket-u1687178,Essence Residence,,,rawai,"Rawai, Phuket Town, Phuket",,,house,unknown,,,,,,,,,5800000.0,,,,,,unknown,,0,,0,0,1,0,,,1,,,,,,"{""card_text"": ""see all essence residence updated 4 days ago rawai, phuket town, phuket ฿5,800,000 (฿83,700/sqm) studio condo for sale at essence residence introducing essence: where luxury meets comfort\nexperience a new level of deluxe living at the prestigious essence club house, located near the picturesque rawai promenade. this exclusive project boas... details: studio 1 bathroom(s) 69.33 sqm property type: c"", ""tags"": [""cam fee:฿5,546/mo"", ""sinking fund:฿41,598"", ""updated: 4 days ago""], ""location_text"": ""Rawai, Phuket Town, Phuket"", ""url"": ""https://www.fazwaz.com/property-sales/studio-condo-for-sale-at-essence-residence-in-rawai-phuket-u1687178""}",2026-04-21 09:03:59.594719,2026-04-21 09:03:59.594719,1
473,fazwaz,2-bedroom-condo-for-sale-at-nai-harn-beach-condominium-in-rawai-phuket-u2016062,https://www.fazwaz.com/property-sales/2-bedroom-condo-for-sale-at-nai-harn-beach-condominium-in-rawai-phuket-u2016062,Nai Harn Beach Condominium,,,rawai,"Rawai, Phuket Town, Phuket",,,condo,freehold,,,,,,,,,6580000.0,,,,,,unknown,,0,,0,0,1,1,,,0,,,,,,"{""card_text"": ""see all nai harn beach condominium updated 4 days ago rawai, phuket town, phuket ฿6,580,000 (฿91,400/sqm) 2 bedroom condo for sale at nai harn beach condominium hot best offer!!! 📌 freehold 📍walking distance to nai harn beach (~12 min) 🏝 sea view 🍴dishwasher & large refrigerator ⚡high-speed internet 500 mbps 🧘‍♂4 swimming pools & gym ☀ restau... details: 2 bedroom(s) 2 bathroom(s) 72 sqm property "", ""tags"": [""est. rent:฿57,000/mo| roi:10%"", ""cam fee:฿5,040/mo"", ""updated: 4 days ago""], ""location_text"": ""Rawai, Phuket Town, Phuket"", ""url"": ""https://www.fazwaz.com/property-sales/2-bedroom-condo-for-sale-at-nai-harn-beach-condominium-in-rawai-phuket-u2016062""}",2026-04-21 09:03:59.594719,2026-04-21 09:03:59.594719,1
474,fazwaz,2-bedroom-condo-for-sale-at-noon-village-tower-iii-in-chalong-phuket-u1700538,https://www.fazwaz.com/property-sales/2-bedroom-condo-for-sale-at-noon-village-tower-iii-in-chalong-phuket-u1700538,NOON Village Tower III,,,chalong,"Chalong, Phuket Town, Phuket",,,villa,unknown,,,2.0,,50.0,,,,5000000.0,100000.0,,,,,unknown,,0,,0,0,0,0,,,0,,,,,,"{""card_text"": ""see all noon village tower iii updated 2 days ago chalong, phuket town, phuket ฿5,000,000 (฿100,000/sqm) 2 bedroom condo for sale at noon village tower iii two bedroom apartment in the popular noon village tower 3 condo in chalong. new apartment, just furnished and never rented out. all furniture except the sofa are imported from italy. 50 sqm, 2 bedroom... details: 2 bedroom(s) 2 bathroom(s) 50 s"", ""tags"": [""est. rent:฿42,500/mo| roi:10%"", ""cam fee:฿3,000/mo"", ""sinking fund:฿25,000"", ""updated: 2 days ago""], ""location_text"": ""Chalong, Phuket Town, Phuket"", ""url"": ""https://www.fazwaz.com/property-sales/2-bedroom-condo-for-sale-at-noon-village-tower-iii-in-chalong-phuket-u1700538""}",2026-04-21 09:03:59.605263,2026-04-21 09:03:59.605263,1
475,fazwaz,3-bedroom-condo-for-sale-at-cassia-residence-phuket-in-choeng-thale-phuket-u1663764,https://www.fazwaz.com/property-sales/3-bedroom-condo-for-sale-at-cassia-residence-phuket-in-choeng-thale-phuket-u1663764,Cassia Residence Phuket,,,cherng-talay,"Choeng Thale, Thalang, Phuket",,,land,unknown,,,,,,,,,29150000.0,,,,,,unknown,,0,,0,0,1,0,,,0,,,,,,"{""card_text"": ""see all cassia residence phuket updated 6 days ago choeng thale, thalang, phuket ฿29,150,000 (฿194,000/sqm) 3 bedroom condo for sale at cassia residence phuket cassia residence phuket is a lakeside condominium situated in the laguna phuket area over 2,500 rai and surrounded by beautiful nature. moreover, there is an extensive asian first-class range of facil... details: 3 bedroom(s) 3 bathroom(s) "", ""tags"": [""rent:฿185,000/mo| roi:8%"", ""updated: 6 days ago""], ""location_text"": ""Choeng Thale, Thalang, Phuket"", ""url"": ""https://www.fazwaz.com/property-sales/3-bedroom-condo-for-sale-at-cassia-residence-phuket-in-choeng-thale-phuket-u1663764""}",2026-04-21 09:03:59.607104,2026-04-21 09:03:59.607104,1
476,fazwaz,3-bedroom-villa-for-sale-at-the-gardens-by-vichara-in-choeng-thale-phuket-u5957895,https://www.fazwaz.com/property-sales/3-bedroom-villa-for-sale-at-the-gardens-by-vichara-in-choeng-thale-phuket-u5957895,The Gardens by Vichara,,,cherng-talay,"Choeng Thale, Thalang, Phuket",,,villa,unknown,,,,,,,,,25000000.0,,,,,,unknown,,0,,0,1,1,0,,,0,,,,,,"{""card_text"": ""see all the gardens by vichara updated 1 week ago choeng thale, thalang, phuket ฿25,000,000 (฿71,600/sqm) 3 bedroom villa for sale at the gardens by vichara the gardens by vichara (formerly sujika gardens) is a luxury villa development in the tranquil pasak area, blending thai and balinese architectural styles. this spacious resale pool villa features a u... details: 3 bedroom(s) 5 bathroom(s) 349"", ""tags"": [""est. rent:฿154,000/mo| roi:7%"", ""cam fee:฿5,000/mo"", ""sinking fund:฿100,000"", ""updated: 1 week ago""], ""location_text"": ""Choeng Thale, Thalang, Phuket"", ""url"": ""https://www.fazwaz.com/property-sales/3-bedroom-villa-for-sale-at-the-gardens-by-vichara-in-choeng-thale-phuket-u5957895""}",2026-04-21 09:03:59.608874,2026-04-21 09:03:59.608874,1
477,fazwaz,1-bedroom-condo-for-sale-at-kora-beach-resort-phuket-in-choeng-thale-phuket-u5855946,https://www.fazwaz.com/property-sales/1-bedroom-condo-for-sale-at-kora-beach-resort-phuket-in-choeng-thale-phuket-u5855946,Kora Beach Resort Phuket,,,cherng-talay,"Choeng Thale, Thalang, Phuket",,,condo,unknown,,,,,,,,,11090000.0,,,,,,unknown,,0,,0,0,0,0,,,0,,,,,,"{""card_text"": ""see all kora beach resort phuket updated 4 weeks ago choeng thale, thalang, phuket ฿11,090,000 ฿13,800,000 (฿196,000/sqm) 1 bedroom condo for sale at kora beach resort phuket продается современная однокомнатная квартира в саншайн-бич (kora beach resort phuket 5★), банг-тао.\nэти полностью меблированные апартаменты с 1 спальней (56,72 кв.м) предлагают современный комфорт в п... details: 1 bedroom(s)"", ""tags"": [""rent:฿90,000/mo| roi:10%"", ""cam fee:฿3,403/mo"", ""sinking fund:฿45,376"", ""updated: 4 weeks ago""], ""location_text"": ""Choeng Thale, Thalang, Phuket"", ""url"": ""https://www.fazwaz.com/property-sales/1-bedroom-condo-for-sale-at-kora-beach-resort-phuket-in-choeng-thale-phuket-u5855946""}",2026-04-21 09:03:59.610671,2026-04-21 09:03:59.610671,1
478,fazwaz,4-bedroom-villa-for-sale-in-si-sunthon-phuket-u1880622,https://www.fazwaz.com/property-sales/4-bedroom-villa-for-sale-in-si-sunthon-phuket-u1880622,Brand New Private Pool Villa for Sale Near Laguna,,,layan,"Si Sunthon, Thalang, Phuket",,,villa,unknown,,,4.0,4.0,300.0,,,,19900000.0,66333.33,,,,,unknown,,0,,0,1,1,0,,,0,,,,,,"{""card_text"": ""see all brand new private pool villa for sale near laguna updated 1 week ago si sunthon, thalang, phuket ฿19,900,000 ฿20,500,000 (฿66,300/sqm) 4 bedroom villa for sale in si sunthon, phuket this property is a 300 sqm villa with 4 bedrooms and 4 bathrooms that is available for sale. it is located in si sunthon, phuket. you can buy this villa for a base price of ฿19,900... details: 4 bedroom(s) 4 ba"", ""tags"": [""updated: 1 week ago""], ""location_text"": ""Si Sunthon, Thalang, Phuket"", ""url"": ""https://www.fazwaz.com/property-sales/4-bedroom-villa-for-sale-in-si-sunthon-phuket-u1880622""}",2026-04-21 09:03:59.610671,2026-04-21 09:03:59.610671,1
479,fazwaz,1-bedroom-apartment-for-sale-at-skypark-celeste-laguna-in-choeng-thale-phuket-u1991003,https://www.fazwaz.com/property-sales/1-bedroom-apartment-for-sale-at-skypark-celeste-laguna-in-choeng-thale-phuket-u1991003,Skypark Celeste Laguna,,,cherng-talay,"Choeng Thale, Thalang, Phuket",,,condo,unknown,,,1.0,1.0,36.0,,,,6150000.0,170833.33,,,,,unknown,,0,,0,1,0,0,,,0,,,,,,"{""card_text"": ""see all skypark celeste laguna updated 2 weeks ago choeng thale, thalang, phuket ฿6,150,000 (฿171,000/sqm) 1 bedroom apartment for sale at skypark celeste laguna this property is a 36 sqm apartment with 1 bedroom and 1 bathroom that is available for sale.fully furnished. new photos will come later .it is part of the project in choeng thale, phuket and it is sc... details: 1 bedroom(s) 1 bathroom(s"", ""tags"": [""est. rent:฿35,500/mo| roi:7%"", ""updated: 2 weeks ago""], ""location_text"": ""Choeng Thale, Thalang, Phuket"", ""url"": ""https://www.fazwaz.com/property-sales/1-bedroom-apartment-for-sale-at-skypark-celeste-laguna-in-choeng-thale-phuket-u1991003""}",2026-04-21 09:03:59.610671,2026-04-21 09:03:59.610671,1
480,fazwaz,2-bedroom-condo-for-sale-at-sunset-plaza-condominium-in-karon-phuket-u1068204,https://www.fazwaz.com/property-sales/2-bedroom-condo-for-sale-at-sunset-plaza-condominium-in-karon-phuket-u1068204,Sunset Plaza Condominium,,,karon,"Karon, Phuket Town, Phuket",,,condo,unknown,,,,,,,,,15500000.0,,,,,,unknown,,0,,0,0,0,0,,,0,,,,,,"{""card_text"": ""see all sunset plaza condominium updated 2 months ago karon, phuket town, phuket ฿15,500,000 (฿114,000/sqm) 2 bedroom condo for sale at sunset plaza condominium sunset plaza, new living experience for the residents to enjoy a panoramic view of karon beach, right in front of you. impressed by complete facilities serving for you. comfortable with a spacious and... details: 2 bedroom(s) 2 bathroom(s)"", ""tags"": [""rent:฿85,000/mo| roi:7%"", ""cam fee:฿8,160/mo"", ""updated: 2 months ago""], ""location_text"": ""Karon, Phuket Town, Phuket"", ""url"": ""https://www.fazwaz.com/property-sales/2-bedroom-condo-for-sale-at-sunset-plaza-condominium-in-karon-phuket-u1068204""}",2026-04-21 09:03:59.610671,2026-04-21 09:03:59.610671,1
481,fazwaz,3-bedroom-villa-for-sale-at-eva-beach-in-rawai-phuket-u1797222,https://www.fazwaz.com/property-sales/3-bedroom-villa-for-sale-at-eva-beach-in-rawai-phuket-u1797222,Eva Beach,,,rawai,"Rawai, Phuket Town, Phuket",,,villa,unknown,,,,,,,,,38000000.0,,,,,,unknown,,0,,0,0,0,0,,,0,,,,,,"{""card_text"": ""see all eva beach updated 1 month ago rawai, phuket town, phuket ฿38,000,000 (฿63,300/sqm) 3 bedroom villa for sale at eva beach welcome to the true relaxation paradise definition, a colorful city with various styles where you can take a glimpse of the blue sea in front of you at a luxury villa called \""eva beach.\"" it definitely... details: 3 bedroom(s) 4.5 bathroom(s) 600 sqm property type: villa "", ""tags"": [""rent:฿240,000/mo| roi:8%"", ""cam fee:฿9,200/mo"", ""updated: 1 month ago""], ""location_text"": ""Rawai, Phuket Town, Phuket"", ""url"": ""https://www.fazwaz.com/property-sales/3-bedroom-villa-for-sale-at-eva-beach-in-rawai-phuket-u1797222""}",2026-04-21 09:04:06.244871,2026-04-21 09:04:06.244871,1
482,fazwaz,1-bedroom-condo-for-sale-at-sea-and-sky-in-karon-phuket-u1979662,https://www.fazwaz.com/property-sales/1-bedroom-condo-for-sale-at-sea-and-sky-in-karon-phuket-u1979662,Sea And Sky,,,karon,"Karon, Phuket Town, Phuket",,,condo,unknown,,,,,,,,,4590000.0,,,,,,unknown,,0,,0,1,0,0,,,0,,,,,,"{""card_text"": ""see all sea and sky updated 1 month ago karon, phuket town, phuket ฿4,590,000 (฿107,000/sqm) 1 bedroom condo for sale at sea and sky luxurious seaview condo available for sale in karon, phuketdiscover the epitome of modern living with this exquisite fully furnished seaview condo, elegantly styled with european sophistication, locat... details: 1 bedroom(s) 1 bathroom(s) 43 sqm property type: condo"", ""tags"": [""est. rent:฿25,900/mo| roi:7%"", ""cam fee:฿2,150/mo"", ""updated: 1 month ago""], ""location_text"": ""Karon, Phuket Town, Phuket"", ""url"": ""https://www.fazwaz.com/property-sales/1-bedroom-condo-for-sale-at-sea-and-sky-in-karon-phuket-u1979662""}",2026-04-21 09:04:06.260725,2026-04-21 09:04:06.260725,1
483,fazwaz,3-bedroom-penthouse-for-sale-at-the-park-surin-in-choeng-thale-phuket-u1977447,https://www.fazwaz.com/property-sales/3-bedroom-penthouse-for-sale-at-the-park-surin-in-choeng-thale-phuket-u1977447,The Park Surin,,,cherng-talay,"Choeng Thale, Thalang, Phuket",,,house,unknown,,,3.0,,161.0,,,,18900000.0,117391.3,,,,,unknown,,0,,0,0,0,0,,,0,,,,,,"{""card_text"": ""see all the park surin updated 1 month ago choeng thale, thalang, phuket ฿18,900,000 (฿117,000/sqm) 3 bedroom penthouse for sale at the park surin this 3 bedroom seaview unit consists of 161 sqm of indoor space and has private access to a roof top terrace of 130 sqm exclusively accessible and usable by the tenants of this unit. total space with... details: 3 bedroom(s) 2.5 bathroom(s) 161 sqm prop"", ""tags"": [""cam fee:฿15,778/mo"", ""updated: 1 month ago""], ""location_text"": ""Choeng Thale, Thalang, Phuket"", ""url"": ""https://www.fazwaz.com/property-sales/3-bedroom-penthouse-for-sale-at-the-park-surin-in-choeng-thale-phuket-u1977447""}",2026-04-21 09:04:06.260725,2026-04-21 09:04:06.260725,1
484,fazwaz,1-bedroom-condo-for-sale-at-the-base-cherngtalay-in-choeng-thale-phuket-u5646853,https://www.fazwaz.com/property-sales/1-bedroom-condo-for-sale-at-the-base-cherngtalay-in-choeng-thale-phuket-u5646853,The Base Cherngtalay,,,cherng-talay,"Choeng Thale, Thalang, Phuket",,,condo,unknown,,,1.0,,34.0,,,,4750000.0,139705.88,,,,,unknown,,0,,0,1,1,0,,,1,,,,,,"{""card_text"": ""see all the base cherngtalay updated 1 week ago choeng thale, thalang, phuket ฿4,750,000 (฿140,000/sqm) 1 bedroom condo for sale at the base cherngtalay 1 bed plus f.6 pool view high floor 34 sqm only 1 unit/floor details: 1 bedroom(s) 1 bathroom(s) 34 sqm property type: condo beach 2.82 km thai quota off plan 2026 low rise floor 6 park view pool view private pool rooftop terrace private garden ca"", ""tags"": [""cam fee:฿2,006/mo"", ""sinking fund:฿20,400"", ""updated: 1 week ago""], ""location_text"": ""Choeng Thale, Thalang, Phuket"", ""url"": ""https://www.fazwaz.com/property-sales/1-bedroom-condo-for-sale-at-the-base-cherngtalay-in-choeng-thale-phuket-u5646853""}",2026-04-21 09:04:06.260725,2026-04-21 09:04:06.260725,1
485,fazwaz,2-bedroom-villa-for-sale-at-kimera-pool-villa-in-chalong-phuket-u78403,https://www.fazwaz.com/property-sales/2-bedroom-villa-for-sale-at-kimera-pool-villa-in-chalong-phuket-u78403,Kimera Pool Villa,,,chalong,"Chalong, Phuket Town, Phuket",,,villa,unknown,,,,,303.0,,,,14000000.0,46204.62,,,,,unknown,,0,,0,1,0,0,,,0,,,,,,"{""card_text"": ""see all kimera pool villa 6% guar. return for 3 years updated 3 weeks ago great price chalong, phuket town, phuket ฿14,000,000 ฿16,800,000 (฿46,200/sqm) 2 bedroom villa for sale at kimera pool villa welcome to the kimera pool villa project in chalong, phuket – a paradise on earth! this property, which has just been completed this february 2017, is ready and waiting for you. this stunning 303 sqm.."", ""tags"": [""cam fee:฿4,625/mo"", ""sinking fund:฿92,500"", ""updated: 3 weeks ago""], ""location_text"": ""Chalong, Phuket Town, Phuket"", ""url"": ""https://www.fazwaz.com/property-sales/2-bedroom-villa-for-sale-at-kimera-pool-villa-in-chalong-phuket-u78403""}",2026-04-21 09:04:06.260725,2026-04-21 09:04:06.260725,1
486,fazwaz,studio-condo-for-sale-at-serene-condominium-phuket-in-choeng-thale-phuket-u1846888,https://www.fazwaz.com/property-sales/studio-condo-for-sale-at-serene-condominium-phuket-in-choeng-thale-phuket-u1846888,Serene Condominium Phuket,,,cherng-talay,"Choeng Thale, Thalang, Phuket",,,condo,freehold,,,,,,,,,3690000.0,,,,,,unknown,,0,,0,0,1,0,,,1,,,,,,"{""card_text"": ""see all serene condominium phuket 5% guar. return for 5 years updated 2 weeks ago choeng thale, thalang, phuket ฿3,690,000 ฿3,900,000 (฿132,000/sqm) studio condo for sale at serene condominium phuket handover in q1 2026 * 2nd floor, garden view  fully furnished for rental or living freehold ownership for foreigners * guaranteed income from developer + option for self-management * roofto... details"", ""tags"": [""cam fee:฿1,680/mo"", ""sinking fund:฿16,800"", ""updated: 2 weeks ago""], ""location_text"": ""Choeng Thale, Thalang, Phuket"", ""url"": ""https://www.fazwaz.com/property-sales/studio-condo-for-sale-at-serene-condominium-phuket-in-choeng-thale-phuket-u1846888""}",2026-04-21 09:04:06.260725,2026-04-21 09:04:06.260725,1
487,fazwaz,3-bedroom-hotel-for-sale-in-choeng-thale-phuket-u5355631,https://www.fazwaz.com/property-sales/3-bedroom-hotel-for-sale-in-choeng-thale-phuket-u5355631,Tiny home profitable short term rental business,,,cherng-talay,"Choeng Thale, Thalang, Phuket",,,condo,unknown,,,,,35.0,,,,2990000.0,85428.57,,,,,short_term,,0,,0,0,1,0,,,0,,,,,,"{""card_text"": ""see all tiny home profitable short term rental business updated 1 month ago choeng thale, thalang, phuket ฿2,990,000 ฿4,200,000 (฿28,500/sqm) 3 bedroom hotel for sale in choeng thale, phuket welcome to our project casa sea salt. we have 3 stylish 35m² cottages, just a minute from bang tao beach! this cozy space offers a serene escape, ideal for families with young children and sports... details: 3"", ""tags"": [""updated: 1 month ago""], ""location_text"": ""Choeng Thale, Thalang, Phuket"", ""url"": ""https://www.fazwaz.com/property-sales/3-bedroom-hotel-for-sale-in-choeng-thale-phuket-u5355631""}",2026-04-21 09:04:06.260725,2026-04-21 09:04:06.260725,1
488,fazwaz,studio-condo-for-sale-at-sea-heaven-phase-2-in-sakhu-phuket-u5870609,https://www.fazwaz.com/property-sales/studio-condo-for-sale-at-sea-heaven-phase-2-in-sakhu-phuket-u5870609,Sea Heaven Phase 2,,,mai-khao,"Sakhu, Thalang, Phuket",,,condo,freehold,,,,,,,,,5032000.0,,,,,,unknown,,0,,0,0,0,0,,,0,,,,,,"{""card_text"": ""see all sea heaven phase 2 7% guar. return for 5 years updated 1 week ago sakhu, thalang, phuket ฿5,032,000 (฿136,000/sqm) studio condo for sale at sea heaven phase 2 sea haven phase 2 (wyndham)   ready to move in | freehold | 150 m from nai thon beach | unique kitchen contract. unit is available for sale in the premium sea haven phase 2 (wyndham) complex... details: studio 1 bathroom(s) 37 sqm pr"", ""tags"": [""cam fee:฿2,220/mo"", ""sinking fund:฿22,200"", ""updated: 1 week ago""], ""location_text"": ""Sakhu, Thalang, Phuket"", ""url"": ""https://www.fazwaz.com/property-sales/studio-condo-for-sale-at-sea-heaven-phase-2-in-sakhu-phuket-u5870609""}",2026-04-21 09:04:06.276711,2026-04-21 09:04:06.276711,1
489,fazwaz,studio-condo-for-sale-at-royal-place-in-kathu-phuket-u1049860,https://www.fazwaz.com/property-sales/studio-condo-for-sale-at-royal-place-in-kathu-phuket-u1049860,Royal Place,,,kathu,"Kathu, Kathu, Phuket",,,land,unknown,,,,,,,,,2290000.0,,,,,,unknown,,0,,0,0,0,0,,,0,,,,,,"{""card_text"": ""see all royal place updated 3 weeks ago kathu, kathu, phuket ฿2,290,000 (฿61,900/sqm) studio condo for sale at royal place best location in phuket island. shop, eat, leisure within walking distance. ditch the car and be green, royal place is the place to be details: studio 1 bathroom(s) 37 sqm property type: condo foreign quota year built 2012 low rise floor 3 mountain view unblocked open view bal"", ""tags"": [""est. rent:฿13,300/mo| roi:7%"", ""cam fee:฿1,480/mo"", ""updated: 3 weeks ago""], ""location_text"": ""Kathu, Kathu, Phuket"", ""url"": ""https://www.fazwaz.com/property-sales/studio-condo-for-sale-at-royal-place-in-kathu-phuket-u1049860""}",2026-04-21 09:04:06.279028,2026-04-21 09:04:06.279028,1
490,fazwaz,3-bedroom-condo-for-sale-at-patong-harbor-view-in-patong-phuket-u5550169,https://www.fazwaz.com/property-sales/3-bedroom-condo-for-sale-at-patong-harbor-view-in-patong-phuket-u5550169,Patong Harbor View,,,patong,"Patong, Kathu, Phuket",,,condo,unknown,,,,,,,,,9000000.0,,,,,,unknown,,0,,0,1,1,0,,,0,,,,,,"{""card_text"": ""see all patong harbor view updated 1 month ago patong, kathu, phuket ฿9,000,000 (฿5,290/sqm) 3 bedroom condo for sale at patong harbor view experience luxury living in the heart of patong with this spacious 3-bedroom, 2-bathroom apartment at patong harbor view. details: 3 bedroom(s) 2 bathroom(s) 1,699.99 sqm property type: condo beach 2.96 km year built 2010 low rise floor 5 mountain view pool vi"", ""tags"": [""est. rent:฿453,000/mo| roi:60%"", ""cam fee:฿76,500/mo"", ""updated: 1 month ago""], ""location_text"": ""Patong, Kathu, Phuket"", ""url"": ""https://www.fazwaz.com/property-sales/3-bedroom-condo-for-sale-at-patong-harbor-view-in-patong-phuket-u5550169""}",2026-04-21 09:04:06.279028,2026-04-21 09:04:06.279028,1
491,fazwaz,4-bedroom-villa-for-sale-at-botanica-the-residence-phase-4-in-thep-krasattri-phuket-u5782052,https://www.fazwaz.com/property-sales/4-bedroom-villa-for-sale-at-botanica-the-residence-phase-4-in-thep-krasattri-phuket-u5782052,Botanica The Residence (Phase 4),,,thalang,"Thep Krasattri, Thalang, Phuket",,,villa,unknown,,,,,,,,,27500000.0,,,,,,unknown,,0,,0,1,1,0,,,0,,,,,,"{""card_text"": ""see all botanica the residence (phase 4) updated 2 weeks ago thep krasattri, thalang, phuket ฿27,500,000 ฿31,500,000 (฿98,200/sqm) 4 bedroom villa for sale at botanica the residence (phase 4) nestled in the heart of layan, this stunning 4-bedrooms 4-bathrooms villa offers the perfect blend of timeless balinese and thai architectural styles. immerse yourself in the tranquility of this oasis... deta"", ""tags"": [""est. rent:฿252,000/mo| roi:11%"", ""cam fee:฿7,000/mo"", ""updated: 2 weeks ago""], ""location_text"": ""Thep Krasattri, Thalang, Phuket"", ""url"": ""https://www.fazwaz.com/property-sales/4-bedroom-villa-for-sale-at-botanica-the-residence-phase-4-in-thep-krasattri-phuket-u5782052""}",2026-04-21 09:04:06.279028,2026-04-21 09:04:06.279028,1
492,fazwaz,3-bedroom-villa-for-sale-in-rawai-phuket-u1932556,https://www.fazwaz.com/property-sales/3-bedroom-villa-for-sale-in-rawai-phuket-u1932556,Mediterranean Style Villa for Sale & Rent in Prime Location,,,rawai,"Rawai, Phuket Town, Phuket",,,villa,unknown,,,,,,,,,25000000.0,,,,,,unknown,,0,,0,1,0,0,,,0,,,,,,"{""card_text"": ""see all mediterranean style villa for sale & rent in prime location updated 2 months ago rawai, phuket town, phuket ฿25,000,000 (฿80,600/sqm) 3 bedroom villa for sale in rawai, phuket this new villa in rawai brings a new design to phuket with a fully equipped kitchen, pool, office space, wash&dryer as well as a sea view of rawai beach details: 3 bedroom(s) 3.5 bathroom(s) 310 sqm property type: vi"", ""tags"": [""updated: 2 months ago""], ""location_text"": ""Rawai, Phuket Town, Phuket"", ""url"": ""https://www.fazwaz.com/property-sales/3-bedroom-villa-for-sale-in-rawai-phuket-u1932556""}",2026-04-21 09:04:06.287296,2026-04-21 09:04:06.287296,1
493,fazwaz,3-bedroom-townhouse-for-sale-at-laguna-park-in-choeng-thale-phuket-u1903836,https://www.fazwaz.com/property-sales/3-bedroom-townhouse-for-sale-at-laguna-park-in-choeng-thale-phuket-u1903836,Laguna Park,,,cherng-talay,"Choeng Thale, Thalang, Phuket",,,villa,unknown,,,,,,,,,12800000.0,,,,,,unknown,,0,,0,0,0,0,,,0,,,,,,"{""card_text"": ""see all laguna park updated 2 months ago choeng thale, thalang, phuket ฿12,800,000 ฿13,500,000 (฿53,300/sqm) 3 bedroom townhouse for sale at laguna park laguna park is a quality and modern townhouse and villa development with an extensive range of facilities and 5-star services from the professional team. moreover, numerous privileges are available fo... details: 3 bedroom(s) 4 bathroom(s) 240 sqm"", ""tags"": [""rent:฿100,000/mo| roi:9%"", ""cam fee:฿8,400/mo"", ""updated: 2 months ago""], ""location_text"": ""Choeng Thale, Thalang, Phuket"", ""url"": ""https://www.fazwaz.com/property-sales/3-bedroom-townhouse-for-sale-at-laguna-park-in-choeng-thale-phuket-u1903836""}",2026-04-21 09:04:06.288300,2026-04-21 09:04:06.288300,1
494,fazwaz,5-bedroom-villa-for-sale-in-thep-krasattri-phuket-u6075463,https://www.fazwaz.com/property-sales/5-bedroom-villa-for-sale-in-thep-krasattri-phuket-u6075463,Newly Renovated Luxury 5-Bedroom Pool Villa — Bang Jo,,,thalang,"Thep Krasattri, Thalang, Phuket",,,villa,unknown,,,,,,,,,38888888.0,,,,,,unknown,,0,,0,1,1,0,,,0,,,,,,"{""card_text"": ""see all newly renovated luxury 5-bedroom pool villa — bang jo updated 2 weeks ago thep krasattri, thalang, phuket ฿38,888,888 (฿67,000/sqm) 5 bedroom villa for sale in thep krasattri, phuket overview\nthis beautifully fully renovated 5-bedroom pool villa in bang jo, phuket offers a perfect blend of modern elegance, generous living space, and a peaceful residential setting. designed for com... detai"", ""tags"": [""updated: 2 weeks ago""], ""location_text"": ""Thep Krasattri, Thalang, Phuket"", ""url"": ""https://www.fazwaz.com/property-sales/5-bedroom-villa-for-sale-in-thep-krasattri-phuket-u6075463""}",2026-04-21 09:04:06.289984,2026-04-21 09:04:06.289984,1
495,fazwaz,1-bedroom-condo-for-sale-at-the-title-heritage-bang-tao-in-choeng-thale-phuket-u6059122,https://www.fazwaz.com/property-sales/1-bedroom-condo-for-sale-at-the-title-heritage-bang-tao-in-choeng-thale-phuket-u6059122,The Title Heritage Bang-Tao,,,cherng-talay,"Choeng Thale, Thalang, Phuket",,,condo,leasehold,,,,,,,,,4990000.0,,,,,,unknown,,0,,0,0,0,0,,,1,,,,,,"{""card_text"": ""see all the title heritage bang-tao updated 3 weeks ago choeng thale, thalang, phuket ฿4,990,000 ฿5,580,000 (฿119,000/sqm) 1 bedroom condo for sale at the title heritage bang-tao reduced to 4.99 mln thb for a quick sale!\nprice: 5,730,000 thb (~$176,000)\ndeveloper price for comparable unit: 6,218,100 thb (~$191,000)\ndiscount: 488,100 thb ($15,000)\n \nthis is a rare opportun... details: 1 bedroom(s) "", ""tags"": [""cam fee:฿3,570/mo"", ""sinking fund:฿35,700"", ""updated: 3 weeks ago""], ""location_text"": ""Choeng Thale, Thalang, Phuket"", ""url"": ""https://www.fazwaz.com/property-sales/1-bedroom-condo-for-sale-at-the-title-heritage-bang-tao-in-choeng-thale-phuket-u6059122""}",2026-04-21 09:04:06.292438,2026-04-21 09:04:06.292438,1
496,fazwaz,2-bedroom-condo-for-sale-at-kora-beach-resort-phuket-in-choeng-thale-phuket-u6052829,https://www.fazwaz.com/property-sales/2-bedroom-condo-for-sale-at-kora-beach-resort-phuket-in-choeng-thale-phuket-u6052829,Kora Beach Resort Phuket,,,cherng-talay,"Choeng Thale, Thalang, Phuket",,,condo,leasehold,,,,,,,,,18500000.0,,,,,,unknown,,0,,0,1,0,1,,,0,,,,,,"{""card_text"": ""see all kora beach resort phuket updated 1 week ago choeng thale, thalang, phuket ฿18,500,000 ฿19,200,000 (฿161,000/sqm) 2 bedroom condo for sale at kora beach resort phuket sea & pool views elegant design, move-in ready  5 lifestyle by kora hotel:• pools • fitness• spa• restaurant• rooftop bar details: 2 bedroom(s) 2 bathroom(s) 115 sqm property type: condo beach 0.52 km leasehold year built 2025"", ""tags"": [""est. rent:฿94,500/mo| roi:6%"", ""cam fee:฿6,900/mo"", ""sinking fund:฿92,000"", ""updated: 1 week ago""], ""location_text"": ""Choeng Thale, Thalang, Phuket"", ""url"": ""https://www.fazwaz.com/property-sales/2-bedroom-condo-for-sale-at-kora-beach-resort-phuket-in-choeng-thale-phuket-u6052829""}",2026-04-21 09:04:06.292438,2026-04-21 09:04:06.292438,1
497,fazwaz,3-bedroom-villa-for-sale-at-delta-villas-in-pa-khlok-phuket-u28061,https://www.fazwaz.com/property-sales/3-bedroom-villa-for-sale-at-delta-villas-in-pa-khlok-phuket-u28061,Delta Villas,,,pa-khlok,"Pa Khlok, Thalang, Phuket",,,villa,unknown,,,,,,,,,14900000.0,,,,,,unknown,,0,,0,1,1,0,,,0,,,,,,"{""card_text"": ""see all delta villas updated 3 weeks ago pa khlok, thalang, phuket ฿14,900,000 (฿33,100/sqm) 3 bedroom villa for sale at delta villas delta villa, a modern villa in the pakhlok area, is located near ao por pier in 5 minutes by car. with a convenient location, you can get access to town and other places quickly. the villa comes with... details: 3 bedroom(s) 4 bathroom(s) 450 sqm property type: vill"", ""tags"": [""rent:฿99,000/mo| roi:8%"", ""updated: 3 weeks ago""], ""location_text"": ""Pa Khlok, Thalang, Phuket"", ""url"": ""https://www.fazwaz.com/property-sales/3-bedroom-villa-for-sale-at-delta-villas-in-pa-khlok-phuket-u28061""}",2026-04-21 09:04:06.292438,2026-04-21 09:04:06.292438,1
498,fazwaz,1-bedroom-condo-for-sale-at-noon-village-tower-i-in-chalong-phuket-u28467,https://www.fazwaz.com/property-sales/1-bedroom-condo-for-sale-at-noon-village-tower-i-in-chalong-phuket-u28467,NOON Village Tower I,,,chalong,"Chalong, Phuket Town, Phuket",,,villa,unknown,,,,,41.0,,,,3900000.0,95121.95,,,,,unknown,,0,,0,1,0,0,,,0,,,,,,"{""card_text"": ""see all noon village tower i updated 2 days ago chalong, phuket town, phuket ฿3,900,000 (฿95,200/sqm) 1 bedroom condo for sale at noon village tower i one bedroom apartment in the popular noon village tower 1 condo in chalong. freshly renovated, this 41 sqm apartment with balcony. the property has a rooftop pool with amazing views of chalong bay, an... details: 1 bedroom(s) 1 bathroom(s) 41 sqm pr"", ""tags"": [""est. rent:฿27,200/mo| roi:8%"", ""cam fee:฿2,460/mo"", ""sinking fund:฿20,500"", ""updated: 2 days ago""], ""location_text"": ""Chalong, Phuket Town, Phuket"", ""url"": ""https://www.fazwaz.com/property-sales/1-bedroom-condo-for-sale-at-noon-village-tower-i-in-chalong-phuket-u28467""}",2026-04-21 09:04:06.292438,2026-04-21 09:04:06.292438,1
499,fazwaz,4-bedroom-townhouse-for-sale-at-baan-chalongsuk-phuket-in-ratsada-phuket-u2016293,https://www.fazwaz.com/property-sales/4-bedroom-townhouse-for-sale-at-baan-chalongsuk-phuket-in-ratsada-phuket-u2016293,Baan Chalongsuk Phuket,,,phuket-town,"Ratsada, Phuket Town, Phuket",,,house,unknown,,,,5.0,,,,,5590000.0,,,,,,unknown,,0,,0,0,0,0,,,0,,,,,,"{""card_text"": ""see all baan chalongsuk phuket updated 2 weeks ago ratsada, phuket town, phuket ฿5,590,000 ฿5,600,000 (฿27,900/sqm) 4 bedroom townhouse for sale at baan chalongsuk phuket townhouse 3 floors.  renovation is almost finished.   3 big bedrooms  1 small bedroom 1 dressing room or you can turn it to bedroom. 5 bathrooms. details: 4 bedroom(s) 5 bathroom(s) 200 sqm property type: townhouse year built 201"", ""tags"": [""updated: 2 weeks ago""], ""location_text"": ""Ratsada, Phuket Town, Phuket"", ""url"": ""https://www.fazwaz.com/property-sales/4-bedroom-townhouse-for-sale-at-baan-chalongsuk-phuket-in-ratsada-phuket-u2016293""}",2026-04-21 09:04:06.292438,2026-04-21 09:04:06.292438,1
500,fazwaz,29-bedroom-hotel-for-sale-in-wichit-phuket-u6144531,https://www.fazwaz.com/property-sales/29-bedroom-hotel-for-sale-in-wichit-phuket-u6144531,Apartment/Hotel in Borae near Ao Yon beach and Panwa Cape,,,phuket-town,"Wichit, Phuket Town, Phuket",,,condo,unknown,,,,,,,,,20000000.0,,,,,,unknown,,0,,0,0,0,0,,,0,,,,,,"{""card_text"": ""see all apartment/hotel in borae near ao yon beach and panwa cape listed 3 weeks ago updated 3 weeks ago wichit, phuket town, phuket ฿20,000,000 (฿25,000/sqm) 29 bedroom hotel for sale in wichit, phuket 5-storey apartment building for sale borae near aoyon beach and panwa cape, phuket | income-generating investment\na well-located 5-storey apartment building in the borae area, near ao yon, cap... d"", ""tags"": [""updated: 3 weeks ago""], ""location_text"": ""Wichit, Phuket Town, Phuket"", ""url"": ""https://www.fazwaz.com/property-sales/29-bedroom-hotel-for-sale-in-wichit-phuket-u6144531""}",2026-04-21 09:04:06.292438,2026-04-21 09:04:06.292438,1
501,fazwaz,4-bedroom-house-for-sale-at-anasiri-paklok-in-pa-khlok-phuket-u5358325,https://www.fazwaz.com/property-sales/4-bedroom-house-for-sale-at-anasiri-paklok-in-pa-khlok-phuket-u5358325,Anasiri Paklok,,,pa-khlok,"Pa Khlok, Thalang, Phuket",,,house,unknown,,,4.0,3.0,137.0,,,,8200000.0,59854.01,,,,,unknown,,0,,0,0,1,0,,,0,,,,,,"{""card_text"": ""see all anasiri paklok updated 1 day ago pa khlok, thalang, phuket ฿8,200,000 (฿44,100/sqm) 4 bedroom house for sale at anasiri paklok this property is a 137 sqm house with 4 bedrooms and 3 bathrooms that is available for rent. it is part of the project in pa khlok, phuket. details: 4 bedroom(s) 3 bathroom(s) 186 sqm property type: house year built 2024 mountain view garden view garden access priv"", ""tags"": [""rent:฿45,000/mo| roi:7%"", ""cam fee:฿10,458/mo"", ""updated: 1 day ago""], ""location_text"": ""Pa Khlok, Thalang, Phuket"", ""url"": ""https://www.fazwaz.com/property-sales/4-bedroom-house-for-sale-at-anasiri-paklok-in-pa-khlok-phuket-u5358325""}",2026-04-21 09:04:06.312343,2026-04-21 09:04:06.312343,1
502,fazwaz,2-bedroom-condo-for-sale-at-saturdays-residence-in-rawai-phuket-u5974660,https://www.fazwaz.com/property-sales/2-bedroom-condo-for-sale-at-saturdays-residence-in-rawai-phuket-u5974660,Saturdays Residence,,,rawai,"Rawai, Phuket Town, Phuket",,,condo,unknown,,,,,,,,,9900000.0,,,,,,unknown,,0,,0,1,1,0,,,0,,,,,,"{""card_text"": ""see all saturdays residence 6% guar. return for 2 years updated 3 days ago rawai, phuket town, phuket ฿9,900,000 ฿10,500,000 (฿110,000/sqm) 2 bedroom condo for sale at saturdays residence property features:\n\nfully equipped kitchen\ndishwasher, oven, microwave\nrobot vacuum cleaner\nwashing machine and dryer, iron, hairdryer, and other essentials\nair conditioners are serviced and in excell... details:"", ""tags"": [""cam fee:฿5,400/mo"", ""sinking fund:฿45,000"", ""updated: 3 days ago""], ""location_text"": ""Rawai, Phuket Town, Phuket"", ""url"": ""https://www.fazwaz.com/property-sales/2-bedroom-condo-for-sale-at-saturdays-residence-in-rawai-phuket-u5974660""}",2026-04-21 09:04:06.318347,2026-04-21 09:04:06.318347,1
503,fazwaz,3-bedroom-villa-for-sale-in-rawai-phuket-u6181222,https://www.fazwaz.com/property-sales/3-bedroom-villa-for-sale-in-rawai-phuket-u6181222,Spacious Single-Storey Pool Villa With Large Compound,,,rawai,"Rawai, Phuket Town, Phuket",,,villa,unknown,,,,,,,,,13800000.0,,,,,,unknown,,0,,0,1,0,0,,,0,,,,,,"{""card_text"": ""see all spacious single-storey pool villa with large compound updated 3 days ago rawai, phuket town, phuket ฿13,800,000 (฿34,500/sqm) 3 bedroom villa for sale in rawai, phuket huge 400 square meter land — perfect for families! details: 3 bedroom(s) 2 bathroom(s) 400 sqm property type: villa covered parking pets\n                    : cats and dogs (small only) tenant-occupied until jun 1, 2026 upda"", ""tags"": [""updated: 3 days ago""], ""location_text"": ""Rawai, Phuket Town, Phuket"", ""url"": ""https://www.fazwaz.com/property-sales/3-bedroom-villa-for-sale-in-rawai-phuket-u6181222""}",2026-04-21 09:04:06.318347,2026-04-21 09:04:06.318347,1
504,fazwaz,1-bedroom-condo-for-sale-at-the-aqua-in-choeng-thale-phuket-u1883346,https://www.fazwaz.com/property-sales/1-bedroom-condo-for-sale-at-the-aqua-in-choeng-thale-phuket-u1883346,The Aqua,,,cherng-talay,"Choeng Thale, Thalang, Phuket",,,condo,unknown,,,,,,,,,8990000.0,,,,,,unknown,,0,,0,0,0,0,,,1,,,,,,"{""card_text"": ""see all the aqua updated 2 days ago choeng thale, thalang, phuket ฿8,990,000 (฿184,000/sqm) 1 bedroom condo for sale at the aqua offplan with completion august 2025, all units sold out.... details: 1 bedroom(s) 1 bathroom(s) 49 sqm property type: condo beach 1.81 km foreign quota year built 2025 low rise floor 4 sea view marina view beachfront beach access balcony est. rent: ฿66,600/mo | roi: 9% c"", ""tags"": [""est. rent:฿66,600/mo| roi:9%"", ""cam fee:฿2,695/mo"", ""sinking fund:฿24,500"", ""updated: 2 days ago""], ""location_text"": ""Choeng Thale, Thalang, Phuket"", ""url"": ""https://www.fazwaz.com/property-sales/1-bedroom-condo-for-sale-at-the-aqua-in-choeng-thale-phuket-u1883346""}",2026-04-21 09:04:06.318347,2026-04-21 09:04:06.318347,1
505,fazwaz,1-bedroom-penthouse-for-sale-at-mida-grande-resort-condominiums-in-choeng-thale-phuket-u5765106,https://www.fazwaz.com/property-sales/1-bedroom-penthouse-for-sale-at-mida-grande-resort-condominiums-in-choeng-thale-phuket-u5765106,Mida Grande Resort Condominiums,,,cherng-talay,"Choeng Thale, Thalang, Phuket",,,house,unknown,,,,,9.0,,,,9800000.0,1088888.89,,,,,unknown,,0,,0,1,1,0,,,0,,,,,,"{""card_text"": ""see all mida grande resort condominiums 7% guar. return for 3 years updated 4 weeks ago choeng thale, thalang, phuket ฿9,800,000 ฿15,900,000 (฿105,000/sqm) 1 bedroom penthouse for sale at mida grande resort condominiums discover this rare 92.9 m² 2-bedroom, 2-bathroom condominium at the prestigious mida grande resort phuket (formerly the panora phuket), just a short walk from surin beach.\nthis cor"", ""tags"": [""cam fee:฿4,650/mo"", ""sinking fund:฿46,500"", ""updated: 4 weeks ago""], ""location_text"": ""Choeng Thale, Thalang, Phuket"", ""url"": ""https://www.fazwaz.com/property-sales/1-bedroom-penthouse-for-sale-at-mida-grande-resort-condominiums-in-choeng-thale-phuket-u5765106""}",2026-04-21 09:04:06.324587,2026-04-21 09:04:06.324587,1
506,fazwaz,4-bedroom-villa-for-sale-at-anchan-flora-in-thep-krasattri-phuket-u5937988,https://www.fazwaz.com/property-sales/4-bedroom-villa-for-sale-at-anchan-flora-in-thep-krasattri-phuket-u5937988,Anchan Flora,,,thalang,"Thep Krasattri, Thalang, Phuket",,,villa,unknown,,,,,,,,,39900000.0,,,,,,unknown,,0,,0,1,1,0,,,0,,,,,,"{""card_text"": ""see all anchan flora updated 2 months ago thep krasattri, thalang, phuket ฿39,900,000 (฿88,500/sqm) 4 bedroom villa for sale at anchan flora brand new luxury villa in a gated community. everything you need for a wonderful stay. garage for 3 cars. gated community with 24-hour security.available from january 10th. details: 4 bedroom(s) 4 bathroom(s) 451 sqm property type: villa year built 2025 pool "", ""tags"": [""rent:฿249,000/mo| roi:7%"", ""cam fee:฿14,800/mo"", ""sinking fund:฿64,800,000"", ""updated: 2 months ago""], ""location_text"": ""Thep Krasattri, Thalang, Phuket"", ""url"": ""https://www.fazwaz.com/property-sales/4-bedroom-villa-for-sale-at-anchan-flora-in-thep-krasattri-phuket-u5937988""}",2026-04-21 09:04:06.324587,2026-04-21 09:04:06.324587,1
507,fazwaz,4-bedroom-villa-for-sale-at-grand-view-residence-lagoon-in-choeng-thale-phuket-u5859992,https://www.fazwaz.com/property-sales/4-bedroom-villa-for-sale-at-grand-view-residence-lagoon-in-choeng-thale-phuket-u5859992,Grand View Residence Lagoon,,,cherng-talay,"Choeng Thale, Thalang, Phuket",,,villa,unknown,,,4.0,4.0,420.0,,,,45000000.0,107142.86,,,,,unknown,,0,,0,1,1,0,,,0,,,,,,"{""card_text"": ""see all grand view residence lagoon updated 2 weeks ago choeng thale, thalang, phuket ฿45,000,000 (฿107,000/sqm) 4 bedroom villa for sale at grand view residence lagoon this property is a 420 sqm villa with 4 bedrooms and 4 bathrooms that is available for sale. it is part of the grand view residence lagoon project in choeng thale, phuket. pea... details: 4 bedroom(s) 4.5 bathroom(s) 420 sqm proper"", ""tags"": [""est. rent:฿365,000/mo| roi:10%"", ""cam fee:฿10,300/mo"", ""sinking fund:฿100,000"", ""updated: 2 weeks ago""], ""location_text"": ""Choeng Thale, Thalang, Phuket"", ""url"": ""https://www.fazwaz.com/property-sales/4-bedroom-villa-for-sale-at-grand-view-residence-lagoon-in-choeng-thale-phuket-u5859992""}",2026-04-21 09:04:06.328569,2026-04-21 09:04:06.328569,1
508,fazwaz,4-bedroom-house-for-sale-at-supalai-pride-phuket-heroines-monument-paklok-in-pa-khlok-phuket-u6122885,https://www.fazwaz.com/property-sales/4-bedroom-house-for-sale-at-supalai-pride-phuket-heroines-monument-paklok-in-pa-khlok-phuket-u6122885,Supalai Pride Phuket Heroines Monument - Paklok,,,pa-khlok,"Pa Khlok, Thalang, Phuket",,,house,unknown,,,4.0,4.0,220.0,,,,7890000.0,35863.64,,,,,unknown,,0,,0,0,1,0,,,0,,,,,,"{""card_text"": ""see all supalai pride phuket heroines monument - paklok listed 3 weeks ago pa khlok, thalang, phuket ฿7,890,000 (฿35,900/sqm) 4 bedroom house for sale at supalai pride phuket heroines monument - paklok this property is a 220 sqm house with 4 bedrooms and 4 bathrooms that is available for sale. it is part of the supalai pride phuket heroines monument - paklok project in pa khlok, phuket. you can..."", ""tags"": [], ""location_text"": ""Pa Khlok, Thalang, Phuket"", ""url"": ""https://www.fazwaz.com/property-sales/4-bedroom-house-for-sale-at-supalai-pride-phuket-heroines-monument-paklok-in-pa-khlok-phuket-u6122885""}",2026-04-21 09:04:06.328569,2026-04-21 09:04:06.328569,1
509,fazwaz,studio-condo-for-sale-at-nai-harn-beach-condominium-in-rawai-phuket-u5900964,https://www.fazwaz.com/property-sales/studio-condo-for-sale-at-nai-harn-beach-condominium-in-rawai-phuket-u5900964,Nai Harn Beach Condominium,,,rawai,"Rawai, Phuket Town, Phuket",,,condo,unknown,,,,,,,,,4800000.0,,,,,,unknown,,0,,0,1,1,0,,,0,,,,,,"{""card_text"": ""see all nai harn beach condominium updated 4 days ago rawai, phuket town, phuket ฿4,800,000 (฿84,200/sqm) studio condo for sale at nai harn beach condominium a cozy studio on the ground floor with direct access to the terrace and pool. an ideal option for families with children and those who love a resort atmosphere. layout and equipment: total area: 57 m&... details: studio 1 bathroom(s) 57 sqm p"", ""tags"": [""rent:฿45,000/mo| roi:11%"", ""cam fee:฿3,990/mo"", ""updated: 4 days ago""], ""location_text"": ""Rawai, Phuket Town, Phuket"", ""url"": ""https://www.fazwaz.com/property-sales/studio-condo-for-sale-at-nai-harn-beach-condominium-in-rawai-phuket-u5900964""}",2026-04-21 09:04:06.328569,2026-04-21 09:04:06.328569,1
510,fazwaz,2-bedroom-penthouse-for-sale-at-bangtao-beach-gardens-in-choeng-thale-phuket-u6060630,https://www.fazwaz.com/property-sales/2-bedroom-penthouse-for-sale-at-bangtao-beach-gardens-in-choeng-thale-phuket-u6060630,Bangtao Beach Gardens,,,cherng-talay,"Choeng Thale, Thalang, Phuket",,,house,unknown,,,,,,,,,13500000.0,,,,,,unknown,,0,,0,1,1,0,,,0,,,,,,"{""card_text"": ""see all bangtao beach gardens updated 1 month ago choeng thale, thalang, phuket ฿13,500,000 ฿1,030,000,000 (฿56,200/sqm) 2 bedroom penthouse for sale at bangtao beach gardens bangtao beach garden is a condominium-resort style located near bangtao beach and close to all amenities such as laguna phuket, boat avenue, tesco lotus express surin beach, the plaza surin, and surin... details: 2 bedroom(s)"", ""tags"": [""est. rent:฿200,000/mo| roi:18%"", ""cam fee:฿594,000/mo"", ""updated: 1 month ago""], ""location_text"": ""Choeng Thale, Thalang, Phuket"", ""url"": ""https://www.fazwaz.com/property-sales/2-bedroom-penthouse-for-sale-at-bangtao-beach-gardens-in-choeng-thale-phuket-u6060630""}",2026-04-21 09:04:06.328569,2026-04-21 09:04:06.328569,1
511,fazwaz,studio-condo-for-sale-at-the-base-rise-in-wichit-phuket-u5629121,https://www.fazwaz.com/property-sales/studio-condo-for-sale-at-the-base-rise-in-wichit-phuket-u5629121,The Base Rise,,,phuket-town,"Wichit, Phuket Town, Phuket",,,condo,unknown,,,,,,,,,2600000.0,,,,,,unknown,,0,,0,1,1,0,,,0,,,,,,"{""card_text"": ""see all the base rise updated 3 days ago wichit, phuket town, phuket ฿2,600,000 (฿104,000/sqm) studio condo for sale at the base rise uniquely your story\nstart each day anew with a bright ray of sunshine, where every dawn inspires life...the base rise conveniently situated in a resort condominium at the heart of phuket where everyth... details: studio 1 bathroom(s) 25 sqm property type: condo thai"", ""tags"": [""est. rent:฿15,700/mo| roi:7%"", ""updated: 3 days ago""], ""location_text"": ""Wichit, Phuket Town, Phuket"", ""url"": ""https://www.fazwaz.com/property-sales/studio-condo-for-sale-at-the-base-rise-in-wichit-phuket-u5629121""}",2026-04-21 09:04:12.901959,2026-04-21 09:04:12.901959,1
512,fazwaz,studio-condo-for-sale-at-777-beach-condo-in-mai-khao-phuket-u5892181,https://www.fazwaz.com/property-sales/studio-condo-for-sale-at-777-beach-condo-in-mai-khao-phuket-u5892181,777 Beach Condo,,,mai-khao,"Mai Khao, Thalang, Phuket",,,condo,leasehold,,,,,,,,,1400000.0,,,,,,unknown,,0,,0,1,0,1,,,0,,,,,,"{""card_text"": ""see all 777 beach condo updated 1 month ago mai khao, thalang, phuket ฿1,400,000 (฿56,000/sqm) studio condo for sale at 777 beach condo 777 beach condo, a modern condominium providing great conveniences for residents with a full range of facilities such as a large swimming pool, fitness center, spa, restaurants, shops, tennis courts,... details: studio 1 bathroom(s) 25 sqm property type: condo bea"", ""tags"": [""est. rent:฿10,600/mo| roi:9%"", ""cam fee:฿1,500/mo"", ""sinking fund:฿15,000"", ""updated: 1 month ago""], ""location_text"": ""Mai Khao, Thalang, Phuket"", ""url"": ""https://www.fazwaz.com/property-sales/studio-condo-for-sale-at-777-beach-condo-in-mai-khao-phuket-u5892181""}",2026-04-21 09:04:12.903804,2026-04-21 09:04:12.903804,1
513,fazwaz,1-bedroom-apartment-for-sale-at-rawai-beach-condominium-in-rawai-phuket-u5658508,https://www.fazwaz.com/property-sales/1-bedroom-apartment-for-sale-at-rawai-beach-condominium-in-rawai-phuket-u5658508,Rawai Beach Condominium,,,rawai,"Rawai, Phuket Town, Phuket",,,condo,leasehold,,,,,,,,,2800000.0,,,,,,unknown,,0,,0,1,1,0,,,0,,,,,,"{""card_text"": ""see all rawai beach condominium 7% guar. return for 3 years updated 3 weeks ago rawai, phuket town, phuket ฿2,800,000 (฿77,800/sqm) 1 bedroom apartment for sale at rawai beach condominium rawai beach condo \n \ntop 5th floor \n36 sq m \nnew furniture \nbeautiful view \nleashold \nswimming pool \n \nwalking distance to yanui beach ⛱️ details: 1 bedroom(s) 1 bathroom(s) 36 sqm property type: apartment beach "", ""tags"": [""cam fee:฿2,160/mo"", ""sinking fund:฿21,600"", ""updated: 3 weeks ago""], ""location_text"": ""Rawai, Phuket Town, Phuket"", ""url"": ""https://www.fazwaz.com/property-sales/1-bedroom-apartment-for-sale-at-rawai-beach-condominium-in-rawai-phuket-u5658508""}",2026-04-21 09:04:12.903804,2026-04-21 09:04:12.903804,1
514,fazwaz,2-bedroom-condo-for-sale-at-space-cherngtalay-condominium-in-choeng-thale-phuket-u5826825,https://www.fazwaz.com/property-sales/2-bedroom-condo-for-sale-at-space-cherngtalay-condominium-in-choeng-thale-phuket-u5826825,Space Cherngtalay Condominium,,,cherng-talay,"Choeng Thale, Thalang, Phuket",,,condo,freehold,,,,,,,,,7800000.0,,,,,,unknown,,0,,0,1,0,0,,,0,,,,,,"{""card_text"": ""see all space cherngtalay condominium updated 22 hours ago choeng thale, thalang, phuket ฿7,800,000 (฿136,000/sqm) 2 bedroom condo for sale at space cherngtalay condominium modern 2-bedroom, 2-bathroom foreign freehold unit in one of cherng talay’s most desirable locations. just minutes from boat avenue, laguna phuket, porto de phuket, and bang tao beach. perfect f... details: 2 bedroom(s) 2 bathr"", ""tags"": [""rent:฿60,000/mo| roi:9%"", ""cam fee:฿2,858/mo"", ""updated: 22 hours ago""], ""location_text"": ""Choeng Thale, Thalang, Phuket"", ""url"": ""https://www.fazwaz.com/property-sales/2-bedroom-condo-for-sale-at-space-cherngtalay-condominium-in-choeng-thale-phuket-u5826825""}",2026-04-21 09:04:12.903804,2026-04-21 09:04:12.903804,1
515,fazwaz,2-bedroom-apartment-for-sale-at-the-title-halo-1-in-sakhu-phuket-u1744388,https://www.fazwaz.com/property-sales/2-bedroom-apartment-for-sale-at-the-title-halo-1-in-sakhu-phuket-u1744388,The Title Halo 1,,,mai-khao,"Sakhu, Thalang, Phuket",,,condo,leasehold,,,,,,,,,6950000.0,,,,,,unknown,,0,,0,0,0,0,,,0,,,,,,"{""card_text"": ""see all the title halo 1 updated 1 day ago sakhu, thalang, phuket ฿6,950,000 ฿7,200,000 (฿118,000/sqm) 2 bedroom apartment for sale at the title halo 1 7th floor (high ceilings - 2.8 m), big balcony, corner apartment - no neighbors above or to the side. dawn side (sunny in the morning, but not hot in the afternoon). spacious balcony protected from di... details: 2 bedroom(s) 2 bathroom(s) 59 sqm p"", ""tags"": [""est. rent:฿50,200/mo| roi:9%"", ""cam fee:฿3,540/mo"", ""sinking fund:฿35,400"", ""updated: 1 day ago""], ""location_text"": ""Sakhu, Thalang, Phuket"", ""url"": ""https://www.fazwaz.com/property-sales/2-bedroom-apartment-for-sale-at-the-title-halo-1-in-sakhu-phuket-u1744388""}",2026-04-21 09:04:12.903804,2026-04-21 09:04:12.903804,1
516,fazwaz,studio-condo-for-sale-at-nai-harn-beach-condominium-in-rawai-phuket-u6030798,https://www.fazwaz.com/property-sales/studio-condo-for-sale-at-nai-harn-beach-condominium-in-rawai-phuket-u6030798,Nai Harn Beach Condominium,,,rawai,"Rawai, Phuket Town, Phuket",,,condo,unknown,,,,,58.0,,,,4600000.0,79310.34,,,,,unknown,,0,,0,0,0,0,,,0,,,,,,"{""card_text"": ""see all nai harn beach condominium updated 4 days ago rawai, phuket town, phuket ฿4,600,000 ฿4,800,000 (฿79,200/sqm) studio condo for sale at nai harn beach condominium this 58 sqm studio unit on the 7th (top) floor of nai harn beach condo offers a rare combination of space, privacy, and open sea views in one of southern phuket’s most desirable reside... details: studio 1 bathroom(s) 58.05 sqm pro"", ""tags"": [""rent:฿35,000/mo| roi:9%"", ""cam fee:฿4,064/mo"", ""updated: 4 days ago""], ""location_text"": ""Rawai, Phuket Town, Phuket"", ""url"": ""https://www.fazwaz.com/property-sales/studio-condo-for-sale-at-nai-harn-beach-condominium-in-rawai-phuket-u6030798""}",2026-04-21 09:04:12.917637,2026-04-21 09:04:12.917637,1
517,fazwaz,1-bedroom-condo-for-sale-at-utopia-loft-in-rawai-phuket-u2003572,https://www.fazwaz.com/property-sales/1-bedroom-condo-for-sale-at-utopia-loft-in-rawai-phuket-u2003572,Utopia Loft,,,rawai,"Rawai, Phuket Town, Phuket",,,condo,leasehold,,,,,,,,,2990000.0,,,,,,unknown,,0,,0,1,0,0,,,0,,,,,,"{""card_text"": ""see all utopia loft updated 1 week ago rawai, phuket town, phuket ฿2,990,000 (฿85,500/sqm) 1 bedroom condo for sale at utopia loft discover modern loft-style living with this exceptional 1-bedroom duplex condo for sale in nai harn’s highly sought-after utopia loft. ideally located just a short walk from nai harn lake and le... details: 1 bedroom(s) 1 bathroom(s) 35 sqm property type: condo beach 1"", ""tags"": [""est. rent:฿24,000/mo| roi:10%"", ""cam fee:฿1,750/mo"", ""sinking fund:฿17,500"", ""updated: 1 week ago""], ""location_text"": ""Rawai, Phuket Town, Phuket"", ""url"": ""https://www.fazwaz.com/property-sales/1-bedroom-condo-for-sale-at-utopia-loft-in-rawai-phuket-u2003572""}",2026-04-21 09:04:12.917637,2026-04-21 09:04:12.917637,1
518,fazwaz,1-bedroom-apartment-for-sale-at-twinpalms-residences-by-montazure-in-kamala-phuket-u1701638,https://www.fazwaz.com/property-sales/1-bedroom-apartment-for-sale-at-twinpalms-residences-by-montazure-in-kamala-phuket-u1701638,Twinpalms Residences by Montazure,,,kamala,"Kamala, Kathu, Phuket",,,condo,unknown,,,,,,,,,49900000.0,,,,,,unknown,,0,,0,0,0,0,,,0,,,,,,"{""card_text"": ""see all twinpalms residences by montazure updated 1 day ago kamala, kathu, phuket ฿49,900,000 (฿279,000/sqm) 1 bedroom apartment for sale at twinpalms residences by montazure discover amazing investment opportunity and luxury living at its finest in this exquisite one-bedroom apartment nestled exactly on the one of most beautifull beaches in phuket -  kamala beach.&nb... details: 1 bedroom(s) 1 ba"", ""tags"": [""cam fee:฿14,320/mo"", ""sinking fund:฿125,300"", ""updated: 1 day ago""], ""location_text"": ""Kamala, Kathu, Phuket"", ""url"": ""https://www.fazwaz.com/property-sales/1-bedroom-apartment-for-sale-at-twinpalms-residences-by-montazure-in-kamala-phuket-u1701638""}",2026-04-21 09:04:12.917637,2026-04-21 09:04:12.917637,1
519,fazwaz,retail-space-for-sale-at-boat-avenue-in-choeng-thale-phuket-u5815626,https://www.fazwaz.com/property-sales/retail-space-for-sale-at-boat-avenue-in-choeng-thale-phuket-u5815626,Boat Avenue,,,cherng-talay,"Choeng Thale, Thalang, Phuket",,,condo,unknown,,,,,,,,,2500000.0,,,,,,unknown,,0,,0,0,0,0,,,1,,,,,,"{""card_text"": ""see all boat avenue updated 3 weeks ago choeng thale, thalang, phuket ฿2,500,000 ฿3,900,000 (฿18,100/sqm) retail space for sale at boat avenue here’s your opportunity to secure an exceptional space in phuket’s most sought-after location. bring your business idea to life here!   please note that the price is the key selling p... details: 138 sqm property type: retail space beach 2.07 km off plan lo"", ""tags"": [""updated: 3 weeks ago""], ""location_text"": ""Choeng Thale, Thalang, Phuket"", ""url"": ""https://www.fazwaz.com/property-sales/retail-space-for-sale-at-boat-avenue-in-choeng-thale-phuket-u5815626""}",2026-04-21 09:04:12.917637,2026-04-21 09:04:12.917637,1
520,fazwaz,4-bedroom-villa-for-sale-at-laguna-village-residences-phase-2-in-choeng-thale-phuket-u2001261,https://www.fazwaz.com/property-sales/4-bedroom-villa-for-sale-at-laguna-village-residences-phase-2-in-choeng-thale-phuket-u2001261,Laguna Village Residences Phase 2,,,cherng-talay,"Choeng Thale, Thalang, Phuket",,,villa,unknown,,,,,,,,,48000000.0,,,,,,unknown,,0,,0,1,1,0,,,0,,,,,,"{""card_text"": ""see all laguna village residences phase 2 updated 4 days ago choeng thale, thalang, phuket ฿48,000,000 ฿50,000,000 (฿87,600/sqm) 4 bedroom villa for sale at laguna village residences phase 2 located in the picturesque laguna community of phuket, enjoy the high-end living quality of the banyan tree group. - a spacious land area of ​​1,100 square meters, with a 450-square-meter two-s... details: 4 b"", ""tags"": [""est. rent:฿389,000/mo| roi:10%"", ""updated: 4 days ago""], ""location_text"": ""Choeng Thale, Thalang, Phuket"", ""url"": ""https://www.fazwaz.com/property-sales/4-bedroom-villa-for-sale-at-laguna-village-residences-phase-2-in-choeng-thale-phuket-u2001261""}",2026-04-21 09:04:12.917637,2026-04-21 09:04:12.917637,1
521,fazwaz,2-bedroom-condo-for-sale-at-ayana-heights-seaview-residence-in-choeng-thale-phuket-u6067796,https://www.fazwaz.com/property-sales/2-bedroom-condo-for-sale-at-ayana-heights-seaview-residence-in-choeng-thale-phuket-u6067796,AYANA Heights Seaview Residence,,,cherng-talay,"Choeng Thale, Thalang, Phuket",,,condo,unknown,,,,,,,,,14000000.0,,,,,,unknown,,0,,0,0,1,0,,,1,,,,,,"{""card_text"": ""see all ayana heights seaview residence updated 3 hours ago choeng thale, thalang, phuket ฿14,000,000 ฿14,950,000 (฿185,000/sqm) 2 bedroom condo for sale at ayana heights seaview residence a two-bedroom apartment with sea views in the ayana complex, located on the second line of layan beach. the complex's elevated location offers some of the most beautiful panoramic sea views.  a g... details: 2 b"", ""tags"": [""cam fee:฿4,531/mo"", ""sinking fund:฿60,408"", ""updated: 3 hours ago""], ""location_text"": ""Choeng Thale, Thalang, Phuket"", ""url"": ""https://www.fazwaz.com/property-sales/2-bedroom-condo-for-sale-at-ayana-heights-seaview-residence-in-choeng-thale-phuket-u6067796""}",2026-04-21 09:04:12.917637,2026-04-21 09:04:12.917637,1
522,fazwaz,land-for-sale-in-chalong-phuket-u6156806,https://www.fazwaz.com/property-sales/land-for-sale-in-chalong-phuket-u6156806,Charming Hillside land plot Heart of Chalong for sale 5 MB,,,chalong,"Chalong, Phuket Town, Phuket",,,villa,unknown,,,,,,,,,5000000.0,,,,,,unknown,,0,,0,1,0,0,,,0,,,,,,"{""card_text"": ""see all charming hillside land plot heart of chalong for sale 5 mb listed 2 weeks ago updated 2 weeks ago chalong, phuket town, phuket ฿5,000,000 (฿66,900/sqm) land for sale in chalong, phuket charming hillside land plot heart of chalong – ideal for pool villa development\na rare opportunity to own a well-shaped hillside plot in a peaceful yet highly convenient location just behind cha... details: "", ""tags"": [""updated: 2 weeks ago""], ""location_text"": ""Chalong, Phuket Town, Phuket"", ""url"": ""https://www.fazwaz.com/property-sales/land-for-sale-in-chalong-phuket-u6156806""}",2026-04-21 09:04:12.917637,2026-04-21 09:04:12.917637,1
523,fazwaz,studio-condo-for-sale-at-the-one-naiharn-in-rawai-phuket-u5363007,https://www.fazwaz.com/property-sales/studio-condo-for-sale-at-the-one-naiharn-in-rawai-phuket-u5363007,The One Naiharn,,,rawai,"Rawai, Phuket Town, Phuket",,,condo,unknown,,,,,,,,,3900000.0,,,,,,unknown,,0,,0,1,0,0,,,0,,,,,,"{""card_text"": ""see all the one naiharn updated 3 days ago rawai, phuket town, phuket ฿3,900,000 (฿144,000/sqm) studio condo for sale at the one naiharn the one naiharn, a unique luxury condominium, distinctive with a location near naiharn beach, a pristine beach considered the second most beautiful beach in southeast asia. it is known for its crystal... details: studio 1 bathroom(s) 27 sqm property type: condo b"", ""tags"": [""cam fee:฿1,620/mo"", ""sinking fund:฿21,600"", ""updated: 3 days ago""], ""location_text"": ""Rawai, Phuket Town, Phuket"", ""url"": ""https://www.fazwaz.com/property-sales/studio-condo-for-sale-at-the-one-naiharn-in-rawai-phuket-u5363007""}",2026-04-21 09:04:12.933582,2026-04-21 09:04:12.933582,1
524,fazwaz,4-bedroom-villa-for-sale-at-laguna-village-townhome-in-choeng-thale-phuket-u6050479,https://www.fazwaz.com/property-sales/4-bedroom-villa-for-sale-at-laguna-village-townhome-in-choeng-thale-phuket-u6050479,Laguna Village Townhome,,,cherng-talay,"Choeng Thale, Thalang, Phuket",,,villa,unknown,,,,,,,,,28500000.0,,,,,,unknown,,0,,0,1,1,0,,,0,,,,,,"{""card_text"": ""laguna village townhome updated 1 month ago choeng thale, thalang, phuket ฿28,500,000 (฿61,300/sqm) 4 bedroom villa for sale at laguna village townhome this recently renovated four-bedroom villa offers a perfect blend of modern elegance and tropical serenity, set within the prestigious laguna village community.   step inside to discover sleek po... details: 4 bedroom(s) 3 bathroom(s) 465 sqm prope"", ""tags"": [""est. rent:฿281,000/mo| roi:12%"", ""cam fee:฿5,000/mo"", ""updated: 1 month ago""], ""location_text"": ""Choeng Thale, Thalang, Phuket"", ""url"": ""https://www.fazwaz.com/property-sales/4-bedroom-villa-for-sale-at-laguna-village-townhome-in-choeng-thale-phuket-u6050479""}",2026-04-21 09:04:12.933582,2026-04-21 09:04:12.933582,1
525,fazwaz,4-bedroom-house-for-sale-in-wichit-phuket-u5939551,https://www.fazwaz.com/property-sales/4-bedroom-house-for-sale-in-wichit-phuket-u5939551,House in Downtown for Rent and Sale,,,phuket-town,"Wichit, Phuket Town, Phuket",,,house,unknown,,,,,,,,,15000000.0,,,,,,unknown,,0,,0,0,0,0,,,0,,,,,,"{""card_text"": ""see all house in downtown for rent and sale updated 1 week ago wichit, phuket town, phuket ฿15,000,000 (฿78,100/sqm) 4 bedroom house for sale in wichit, phuket big plot area in phuket downtown house for sale in phuket downtown only 5.7 kilometers to central festival only 4.7 kilometers to bcis international school only 4.1 kilometers to oak meadow internatio... details: 4 bedroom(s) 4 bathroom(s) "", ""tags"": [""updated: 1 week ago""], ""location_text"": ""Wichit, Phuket Town, Phuket"", ""url"": ""https://www.fazwaz.com/property-sales/4-bedroom-house-for-sale-in-wichit-phuket-u5939551""}",2026-04-21 09:04:12.933582,2026-04-21 09:04:12.933582,1
526,fazwaz,studio-condo-for-sale-at-aristo-2-in-choeng-thale-phuket-u5549249,https://www.fazwaz.com/property-sales/studio-condo-for-sale-at-aristo-2-in-choeng-thale-phuket-u5549249,Aristo 2,,,cherng-talay,"Choeng Thale, Thalang, Phuket",,,condo,unknown,,,,,30.0,,,,3850000.0,128333.33,,,,,unknown,,0,,0,0,0,0,,,0,,,,,,"{""card_text"": ""see all aristo 2 updated 3 weeks ago choeng thale, thalang, phuket ฿3,850,000 (฿128,000/sqm) studio condo for sale at aristo 2 located in the sought-after aristo 2 development, this stylish 30 sqm condo for sale in phuket is a rare opportunity to own a fully renovated and ready-to-rent property near the island’s most fa... details: studio 1 bathroom(s) 30 sqm property type: condo beach 0.73 km tha"", ""tags"": [""est. rent:฿39,500/mo| roi:12%"", ""cam fee:฿1,500/mo"", ""sinking fund:฿5,100"", ""updated: 3 weeks ago""], ""location_text"": ""Choeng Thale, Thalang, Phuket"", ""url"": ""https://www.fazwaz.com/property-sales/studio-condo-for-sale-at-aristo-2-in-choeng-thale-phuket-u5549249""}",2026-04-21 09:04:12.933582,2026-04-21 09:04:12.933582,1
527,fazwaz,2-bedroom-condo-for-sale-at-kata-ocean-view-in-karon-phuket-u5355281,https://www.fazwaz.com/property-sales/2-bedroom-condo-for-sale-at-kata-ocean-view-in-karon-phuket-u5355281,Kata Ocean View,,,karon,"Karon, Phuket Town, Phuket",,,condo,unknown,,,,,,,,,7500000.0,,,,,,unknown,,0,,0,1,0,0,,,0,,,,,,"{""card_text"": ""see all kata ocean view updated 8 hours ago karon, phuket town, phuket ฿7,500,000 ฿9,200,000 (฿97,400/sqm) 2 bedroom condo for sale at kata ocean view own your slice of paradise in one of the most picturesque locations on phuket! key features of the apartment:two-bedroom layout: spacious apartments featuring two cozy bedrooms and two modern bathroom... details: 2 bedroom(s) 1.5 bathroom(s) 77 sqm "", ""tags"": [""est. rent:฿51,600/mo| roi:8%"", ""cam fee:฿4,620/mo"", ""sinking fund:฿4,620"", ""updated: 8 hours ago""], ""location_text"": ""Karon, Phuket Town, Phuket"", ""url"": ""https://www.fazwaz.com/property-sales/2-bedroom-condo-for-sale-at-kata-ocean-view-in-karon-phuket-u5355281""}",2026-04-21 09:04:12.933582,2026-04-21 09:04:12.933582,1
528,fazwaz,3-bedroom-villa-for-sale-at-patak-villa-in-chalong-phuket-u5338721,https://www.fazwaz.com/property-sales/3-bedroom-villa-for-sale-at-patak-villa-in-chalong-phuket-u5338721,Patak Villa,,,chalong,"Chalong, Phuket Town, Phuket",,,villa,unknown,,,3.0,3.0,2.0,,,,14900000.0,7450000.0,,,,,unknown,,0,,0,1,1,0,,,0,,,,,,"{""card_text"": ""see all patak villa updated 1 month ago chalong, phuket town, phuket ฿14,900,000 (฿54,600/sqm) 3 bedroom villa for sale at patak villa land size: 56.80 sq. wah (227.2 sqm)usable area: 273 sqm\n🛋️ fully furnished⛱️ saltwater pool with natural stone finishing🛌 3 bedrooms (1 can be converted into a home office)🛁 3 bathrooms🧺 separate... details: 3 bedroom(s) 3 bathroom(s) 273 sqm property type: villa "", ""tags"": [""rent:฿120,000/mo| roi:10%"", ""updated: 1 month ago""], ""location_text"": ""Chalong, Phuket Town, Phuket"", ""url"": ""https://www.fazwaz.com/property-sales/3-bedroom-villa-for-sale-at-patak-villa-in-chalong-phuket-u5338721""}",2026-04-21 09:04:12.933582,2026-04-21 09:04:12.933582,1
529,fazwaz,3-bedroom-apartment-for-sale-at-seaview-residence-in-karon-phuket-u1671060,https://www.fazwaz.com/property-sales/3-bedroom-apartment-for-sale-at-seaview-residence-in-karon-phuket-u1671060,Seaview Residence,,,karon,"Karon, Phuket Town, Phuket",,,condo,leasehold,,,3.0,,,,,,24000000.0,,,,,,unknown,,0,,0,0,0,0,,,0,,,,,,"{""card_text"": ""seaview residence updated 2 months ago karon, phuket town, phuket ฿24,000,000 (฿100,000/sqm) 3 bedroom apartment for sale at seaview residence seaview 3 bedrooms apartment by the beach details: 3 bedroom(s) 4 bathroom(s) 240 sqm property type: apartment beach 0.63 km leasehold year built 2014 low rise floor 3 sea view mountain view beachfront terrace balcony tenant-occupied until dec 26, 2026 rent"", ""tags"": [""rent:฿84,000/mo| roi:4%"", ""updated: 2 months ago""], ""location_text"": ""Karon, Phuket Town, Phuket"", ""url"": ""https://www.fazwaz.com/property-sales/3-bedroom-apartment-for-sale-at-seaview-residence-in-karon-phuket-u1671060""}",2026-04-21 09:04:12.933582,2026-04-21 09:04:12.933582,1
530,fazwaz,4-bedroom-townhouse-for-sale-at-laguna-village-townhome-in-choeng-thale-phuket-u5684918,https://www.fazwaz.com/property-sales/4-bedroom-townhouse-for-sale-at-laguna-village-townhome-in-choeng-thale-phuket-u5684918,Laguna Village Townhome,,,cherng-talay,"Choeng Thale, Thalang, Phuket",,,villa,unknown,,,,,,,,,27000000.0,,,,,,unknown,,0,,0,1,1,0,,,0,,,,,,"{""card_text"": ""see all laguna village townhome updated 1 month ago choeng thale, thalang, phuket ฿27,000,000 (฿56,300/sqm) 4 bedroom townhouse for sale at laguna village townhome this recently renovated four-bedroom villa offers a perfect blend of modern elegance and tropical serenity, set within the prestigious laguna village community.   step inside to discover sleek po... details: 4 bedroom(s) 3 bathroom(s) 4"", ""tags"": [""cam fee:฿5,000/mo"", ""updated: 1 month ago""], ""location_text"": ""Choeng Thale, Thalang, Phuket"", ""url"": ""https://www.fazwaz.com/property-sales/4-bedroom-townhouse-for-sale-at-laguna-village-townhome-in-choeng-thale-phuket-u5684918""}",2026-04-21 09:04:12.933582,2026-04-21 09:04:12.933582,1
531,fazwaz,2-bedroom-apartment-for-sale-at-the-title-legendary-bang-tao-in-choeng-thale-phuket-u5343204,https://www.fazwaz.com/property-sales/2-bedroom-apartment-for-sale-at-the-title-legendary-bang-tao-in-choeng-thale-phuket-u5343204,The Title Legendary-Bang Tao,,,cherng-talay,"Choeng Thale, Thalang, Phuket",,,condo,unknown,,,,,,,,,8300000.0,,,,,,unknown,,0,,0,1,0,0,,,0,,,,,,"{""card_text"": ""see all the title legendary-bang tao updated 2 days ago choeng thale, thalang, phuket ฿8,300,000 (฿138,000/sqm) 2 bedroom apartment for sale at the title legendary-bang tao the title legendary-bang tao \ndiscover the legendary splendor of the title legendary-bang tao. this remarkable project, consisting of 9 buildings, each with 7 stories, stands as an awe-inspiring... details: 2 bedroom(s) 1 bathr"", ""tags"": [""est. rent:฿62,900/mo| roi:9%"", ""cam fee:฿4,500/mo"", ""sinking fund:฿42,000"", ""updated: 2 days ago""], ""location_text"": ""Choeng Thale, Thalang, Phuket"", ""url"": ""https://www.fazwaz.com/property-sales/2-bedroom-apartment-for-sale-at-the-title-legendary-bang-tao-in-choeng-thale-phuket-u5343204""}",2026-04-21 09:04:12.949243,2026-04-21 09:04:12.949243,1
532,fazwaz,land-for-sale-in-karon-phuket-u1146862,https://www.fazwaz.com/property-sales/land-for-sale-in-karon-phuket-u1146862,Land for Sale in Katadaman,,,karon,"Karon, Phuket Town, Phuket",,,land,unknown,,,,,19936.0,,,,311512500.0,15625.63,,,,,unknown,,0,,0,0,0,0,,,0,,,,,,"{""card_text"": ""see all land for sale in katadaman updated 5 days ago karon, phuket town, phuket ฿311,512,500 (฿15,600/sqm) land for sale in karon, phuket \""are you in the market for a land plot in karon, phuket? look no further – this 19,936 sqm plot is exactly what you are looking for! you can purchase this beautiful piece of land for a bargain b... details: 19,936 sqm property type: land beach 0.99 km mountain "", ""tags"": [""updated: 5 days ago""], ""location_text"": ""Karon, Phuket Town, Phuket"", ""url"": ""https://www.fazwaz.com/property-sales/land-for-sale-in-karon-phuket-u1146862""}",2026-04-21 09:04:12.949243,2026-04-21 09:04:12.949243,1
533,fazwaz,3-bedroom-house-for-sale-at-supalai-primo-chalong-phuket-in-chalong-phuket-u6122858,https://www.fazwaz.com/property-sales/3-bedroom-house-for-sale-at-supalai-primo-chalong-phuket-in-chalong-phuket-u6122858,Supalai Primo Chalong Phuket,,,chalong,"Chalong, Phuket Town, Phuket",,,house,unknown,,,3.0,2.0,130.0,,,,6350000.0,48846.15,,,,,unknown,,0,,0,0,1,0,,,0,,,,,,"{""card_text"": ""see all supalai primo chalong phuket listed 3 weeks ago chalong, phuket town, phuket ฿6,350,000 (฿48,800/sqm) 3 bedroom house for sale at supalai primo chalong phuket this property is a 130 sqm house with 3 bedrooms and 2 bathrooms that is available for sale. it is part of the supalai primo chalong phuket project in chalong, phuket. you can buy this house for... details: 3 bedroom(s) 2 bathroom(s)"", ""tags"": [""est. rent:฿57,300/mo| roi:11%"", ""cam fee:฿1,200/mo""], ""location_text"": ""Chalong, Phuket Town, Phuket"", ""url"": ""https://www.fazwaz.com/property-sales/3-bedroom-house-for-sale-at-supalai-primo-chalong-phuket-in-chalong-phuket-u6122858""}",2026-04-21 09:04:12.949243,2026-04-21 09:04:12.949243,1
534,fazwaz,1-bedroom-apartment-for-sale-at-the-ozone-oasis-condominium-in-choeng-thale-phuket-u5353807,https://www.fazwaz.com/property-sales/1-bedroom-apartment-for-sale-at-the-ozone-oasis-condominium-in-choeng-thale-phuket-u5353807,The Ozone Oasis Condominium,,,cherng-talay,"Choeng Thale, Thalang, Phuket",,,condo,unknown,,,,,36.0,,,,3900000.0,108333.33,,,,,unknown,,0,,0,1,1,0,,,0,,,,,,"{""card_text"": ""see all the ozone oasis condominium updated 1 week ago choeng thale, thalang, phuket ฿3,900,000 ฿4,200,000 (฿108,000/sqm) 1 bedroom apartment for sale at the ozone oasis condominium great deal from the owner – assignment sale!pool-access apartment in the ozone oasis complex, laguna area, phuket36 sq.m, fully furnishedon-site amenities:\n\n tennis court\n multiple swimmin... details: 1 bedroom(s) 1 ba"", ""tags"": [""cam fee:฿2,340/mo"", ""sinking fund:฿23,400"", ""updated: 1 week ago""], ""location_text"": ""Choeng Thale, Thalang, Phuket"", ""url"": ""https://www.fazwaz.com/property-sales/1-bedroom-apartment-for-sale-at-the-ozone-oasis-condominium-in-choeng-thale-phuket-u5353807""}",2026-04-21 09:04:12.949243,2026-04-21 09:04:12.949243,1
535,fazwaz,6-bedroom-villa-for-sale-at-como-point-yamu-in-pa-khlok-phuket-u6100453,https://www.fazwaz.com/property-sales/6-bedroom-villa-for-sale-at-como-point-yamu-in-pa-khlok-phuket-u6100453,Como Point Yamu,,,pa-khlok,"Pa Khlok, Thalang, Phuket",,,villa,unknown,,,,,,,,,243675000.0,,,,,,unknown,,0,,0,1,0,0,,,0,,,,,,"{""card_text"": ""see all como point yamu updated 2 weeks ago pa khlok, thalang, phuket ฿243,675,000 (฿107,000/sqm) 6 bedroom villa for sale at como point yamu luxury ocean view pool villa in cape yamu \n \nif you’re looking for an intimate and luxurious place to stay in the beautiful island of phuket, this villa is the perfect balance of luxur... details: 6 bedroom(s) 8 bathroom(s) 2,280 sqm property type: villa bea"", ""tags"": [""updated: 2 weeks ago""], ""location_text"": ""Pa Khlok, Thalang, Phuket"", ""url"": ""https://www.fazwaz.com/property-sales/6-bedroom-villa-for-sale-at-como-point-yamu-in-pa-khlok-phuket-u6100453""}",2026-04-21 09:04:12.949243,2026-04-21 09:04:12.949243,1
536,fazwaz,studio-condo-for-sale-at-the-vip-mercury-wyndham-la-vita-phuket-in-rawai-phuket-u5879839,https://www.fazwaz.com/property-sales/studio-condo-for-sale-at-the-vip-mercury-wyndham-la-vita-phuket-in-rawai-phuket-u5879839,The VIP Mercury - Wyndham La Vita Phuket,,,rawai,"Rawai, Phuket Town, Phuket",,,condo,unknown,,,,,6.0,,,,4500000.0,750000.0,,,,,unknown,,0,,0,1,1,0,,,0,,,,,,"{""card_text"": ""see all the vip mercury - wyndham la vita phuket 6% guar. return for 2 years updated 4 days ago rawai, phuket town, phuket ฿4,500,000 (฿150,000/sqm) studio condo for sale at the vip mercury - wyndham la vita phuket discover the charm of this stylish 29.6 sqm studio in the prestigious wyndham la vita project in phuket. this brand-new, fully furnished unit exudes coziness and provides all the essent"", ""tags"": [""cam fee:฿1,800/mo"", ""sinking fund:฿12,000"", ""updated: 4 days ago""], ""location_text"": ""Rawai, Phuket Town, Phuket"", ""url"": ""https://www.fazwaz.com/property-sales/studio-condo-for-sale-at-the-vip-mercury-wyndham-la-vita-phuket-in-rawai-phuket-u5879839""}",2026-04-21 09:04:12.949243,2026-04-21 09:04:12.949243,1
537,fazwaz,4-bedroom-villa-for-sale-at-baan-chai-lei-in-patong-phuket-u1408958,https://www.fazwaz.com/property-sales/4-bedroom-villa-for-sale-at-baan-chai-lei-in-patong-phuket-u1408958,Baan Chai Lei,,,patong,"Patong, Kathu, Phuket",,,villa,unknown,,,,,,,,,55000000.0,,,,,,unknown,,0,,0,1,0,0,,,0,,,,,,"{""card_text"": ""see all baan chai lei updated 1 day ago patong, kathu, phuket ฿55,000,000 (฿124,000/sqm) 4 bedroom villa for sale at baan chai lei location: situated in the greenery of the beautiful hillside of patong, featuring spectacular views of the andaman sea. baan chai lei is one of the most famous locations of phuket island at the northe... details: 4 bedroom(s) 5 bathroom(s) 443 sqm property type: villa "", ""tags"": [""updated: 1 day ago""], ""location_text"": ""Patong, Kathu, Phuket"", ""url"": ""https://www.fazwaz.com/property-sales/4-bedroom-villa-for-sale-at-baan-chai-lei-in-patong-phuket-u1408958""}",2026-04-21 09:04:12.949243,2026-04-21 09:04:12.949243,1
538,fazwaz,4-bedroom-house-for-sale-at-supalai-palm-spring-banpon-phuket-in-si-sunthon-phuket-u5746431,https://www.fazwaz.com/property-sales/4-bedroom-house-for-sale-at-supalai-palm-spring-banpon-phuket-in-si-sunthon-phuket-u5746431,Supalai Palm Spring Banpon Phuket,,,layan,"Si Sunthon, Thalang, Phuket",,,house,unknown,,,4.0,,,,,,11500000.0,,,,,,unknown,,0,,0,0,1,0,,,0,,,,,,"{""card_text"": ""see all supalai palm spring banpon phuket updated 2 weeks ago si sunthon, thalang, phuket ฿11,500,000 (฿50,000/sqm) 4 bedroom house for sale at supalai palm spring banpon phuket supalai palm springs banpon, phuket 🌴 this beautifully designed home is officially listed with 4 bedrooms, but in reality offers 5 — the spacious second-floor living area has been converted int... details: 4 bedroom(s) 3 b"", ""tags"": [""est. rent:฿87,600/mo| roi:9%"", ""updated: 2 weeks ago""], ""location_text"": ""Si Sunthon, Thalang, Phuket"", ""url"": ""https://www.fazwaz.com/property-sales/4-bedroom-house-for-sale-at-supalai-palm-spring-banpon-phuket-in-si-sunthon-phuket-u5746431""}",2026-04-21 09:04:12.949243,2026-04-21 09:04:12.949243,1
539,fazwaz,5-bedroom-villa-for-sale-at-the-cape-residences-in-pa-khlok-phuket-u81689,https://www.fazwaz.com/property-sales/5-bedroom-villa-for-sale-at-the-cape-residences-in-pa-khlok-phuket-u81689,The Cape Residences,,,pa-khlok,"Pa Khlok, Thalang, Phuket",,,villa,unknown,,,,,,,,,302240000.0,,,,,,unknown,,0,,0,1,0,1,,,0,,,,,,"{""card_text"": ""see all the cape residences updated 4 weeks ago pa khlok, thalang, phuket ฿302,240,000 (฿144,000/sqm) 5 bedroom villa for sale at the cape residences the cape residencesrelax with the melodies of the ocean waves and immerse your happiness at \""the cape residences.\"" it is a luxury villa amidst the beauty of the sea, sand, and sky. the project offers... details: 5 bedroom(s) 7 bathroom(s) 2,100 sqm p"", ""tags"": [""est. rent:฿747,000/mo| roi:3%"", ""updated: 4 weeks ago""], ""location_text"": ""Pa Khlok, Thalang, Phuket"", ""url"": ""https://www.fazwaz.com/property-sales/5-bedroom-villa-for-sale-at-the-cape-residences-in-pa-khlok-phuket-u81689""}",2026-04-21 09:04:12.964910,2026-04-21 09:04:12.964910,1
540,fazwaz,3-bedroom-house-for-sale-at-habitia-kohkaew-phuket-in-ko-kaeo-phuket-u5937056,https://www.fazwaz.com/property-sales/3-bedroom-house-for-sale-at-habitia-kohkaew-phuket-in-ko-kaeo-phuket-u5937056,Habitia Kohkaew Phuket,,,phuket-town,"Ko Kaeo, Phuket Town, Phuket",,,house,unknown,,,,,,,,,5490000.0,,,,,,unknown,,0,,0,1,1,0,,,0,,,,,,"{""card_text"": ""see all habitia kohkaew phuket updated 3 weeks ago ko kaeo, phuket town, phuket ฿5,490,000 (฿45,700/sqm) 3 bedroom house for sale at habitia kohkaew phuket market fresh 1min\nbritish international school 2-4min\nrobinson 12min\ncentral phuket 15 min\npatong beach 20min\nphuket arrport 30-40min details: 3 bedroom(s) 2 bathroom(s) 120 sqm property type: house year built 2011 unblocked open view pool acce"", ""tags"": [""rent:฿45,000/mo| roi:10%"", ""cam fee:฿1,404/mo"", ""updated: 3 weeks ago""], ""location_text"": ""Ko Kaeo, Phuket Town, Phuket"", ""url"": ""https://www.fazwaz.com/property-sales/3-bedroom-house-for-sale-at-habitia-kohkaew-phuket-in-ko-kaeo-phuket-u5937056""}",2026-04-21 09:04:12.964910,2026-04-21 09:04:12.964910,1
541,fazwaz,1-bedroom-condo-for-sale-at-the-title-residencies-in-sakhu-phuket-u5341457,https://www.fazwaz.com/property-sales/1-bedroom-condo-for-sale-at-the-title-residencies-in-sakhu-phuket-u5341457,The Title Residencies,,,mai-khao,"Sakhu, Thalang, Phuket",,,condo,unknown,,,,,,,,,4490000.0,,,,,,unknown,,0,,0,0,0,0,,,0,,,,,,"{""card_text"": ""see all the title residencies updated 2 weeks ago sakhu, thalang, phuket ฿4,490,000 (฿97,600/sqm) 1 bedroom condo for sale at the title residencies the title residenciesthe new experience you can get from a new vacation rental like no other like \""the title residencies.\"" it gives the scent of unique from the introduction of special designs and con... details: 1 bedroom(s) 1 bathroom(s) 46 sqm prope"", ""tags"": [""rent:฿25,000/mo| roi:7%"", ""cam fee:฿2,070/mo"", ""sinking fund:฿18,400"", ""updated: 2 weeks ago""], ""location_text"": ""Sakhu, Thalang, Phuket"", ""url"": ""https://www.fazwaz.com/property-sales/1-bedroom-condo-for-sale-at-the-title-residencies-in-sakhu-phuket-u5341457""}",2026-04-21 09:04:19.069354,2026-04-21 09:04:19.069354,1
542,fazwaz,2-bedroom-condo-for-sale-at-twinpalms-residences-by-montazure-in-kamala-phuket-u5585794,https://www.fazwaz.com/property-sales/2-bedroom-condo-for-sale-at-twinpalms-residences-by-montazure-in-kamala-phuket-u5585794,Twinpalms Residences by Montazure,,,kamala,"Kamala, Kathu, Phuket",,,condo,unknown,,,,,,,,,105000000.0,,,,,,unknown,,0,,0,1,0,0,,,0,,,,,,"{""card_text"": ""see all twinpalms residences by montazure updated 1 day ago kamala, kathu, phuket ฿105,000,000 (฿313,000/sqm) 2 bedroom condo for sale at twinpalms residences by montazure seaside serenity meets luxurious living, presenting a rare opportunity to own a piece of paradise: kamala beachfront suites. this exclusive beachfront property, newly on the market, offers an unmatche... details: 2 bedroom(s) 3 "", ""tags"": [""cam fee:฿26,821/mo"", ""sinking fund:฿234,682"", ""updated: 1 day ago""], ""location_text"": ""Kamala, Kathu, Phuket"", ""url"": ""https://www.fazwaz.com/property-sales/2-bedroom-condo-for-sale-at-twinpalms-residences-by-montazure-in-kamala-phuket-u5585794""}",2026-04-21 09:04:19.069354,2026-04-21 09:04:19.069354,1
543,fazwaz,2-bedroom-condo-for-sale-at-nai-harn-beach-condominium-in-rawai-phuket-u5364296,https://www.fazwaz.com/property-sales/2-bedroom-condo-for-sale-at-nai-harn-beach-condominium-in-rawai-phuket-u5364296,Nai Harn Beach Condominium,,,rawai,"Rawai, Phuket Town, Phuket",,,condo,leasehold,,,2.0,2.0,112.0,,,,6850000.0,61160.71,,,,,unknown,,0,,0,1,1,1,,,0,,,,,,"{""card_text"": ""see all nai harn beach condominium updated 4 days ago rawai, phuket town, phuket ฿6,850,000 (฿61,200/sqm) 2 bedroom condo for sale at nai harn beach condominium nai harn beach condo   2 bedroom apartment.   1 floor, pool access, 112 sq.m. fully furnished, 2 bedroom, 2 bathroom, 4 swimming pools, restaurant, mini market, gym. details: 2 bedroom(s) 2 bathroom(s) 112 sqm property type: condo beach 1."", ""tags"": [""est. rent:฿59,400/mo| roi:10%"", ""cam fee:฿7,840/mo"", ""updated: 4 days ago""], ""location_text"": ""Rawai, Phuket Town, Phuket"", ""url"": ""https://www.fazwaz.com/property-sales/2-bedroom-condo-for-sale-at-nai-harn-beach-condominium-in-rawai-phuket-u5364296""}",2026-04-21 09:04:19.069354,2026-04-21 09:04:19.069354,1
544,fazwaz,2-bedroom-condo-for-sale-at-the-park-surin-in-choeng-thale-phuket-u6042691,https://www.fazwaz.com/property-sales/2-bedroom-condo-for-sale-at-the-park-surin-in-choeng-thale-phuket-u6042691,The Park Surin,,,cherng-talay,"Choeng Thale, Thalang, Phuket",,,condo,unknown,,,,,,,,,9000000.0,,,,,,unknown,,0,,0,0,0,0,,,0,,,,,,"{""card_text"": ""see all the park surin updated 2 weeks ago choeng thale, thalang, phuket ฿9,000,000 ฿11,900,000 (฿91,800/sqm) 2 bedroom condo for sale at the park surin experience the great sky, wind, and sunshine at the \""surin park\"" condominium project that will make all your searches end. the project comes with an exclusive quiet location, provides privacy, and is... details: 2 bedroom(s) 2 bathroom(s) 98 sqm p"", ""tags"": [""est. rent:฿52,300/mo| roi:7%"", ""cam fee:฿9,604/mo"", ""updated: 2 weeks ago""], ""location_text"": ""Choeng Thale, Thalang, Phuket"", ""url"": ""https://www.fazwaz.com/property-sales/2-bedroom-condo-for-sale-at-the-park-surin-in-choeng-thale-phuket-u6042691""}",2026-04-21 09:04:19.069354,2026-04-21 09:04:19.069354,1
545,fazwaz,1-bedroom-condo-for-sale-at-sky-park-in-choeng-thale-phuket-u5623075,https://www.fazwaz.com/property-sales/1-bedroom-condo-for-sale-at-sky-park-in-choeng-thale-phuket-u5623075,Sky Park,,,cherng-talay,"Choeng Thale, Thalang, Phuket",,,condo,unknown,,,,,,,,,6300000.0,,,,,,unknown,,0,,0,1,0,0,,,0,,,,,,"{""card_text"": ""see all sky park updated 5 days ago choeng thale, thalang, phuket ฿6,300,000 (฿162,000/sqm) 1 bedroom condo for sale at sky park sky park, the latest beachfront condominium from laguna phuket group. set amid lush nature, you can enjoy the magnificent view of laguna phuket golf course, lake, and the andaman sea. the facilities a... details: 1 bedroom(s) 1 bathroom(s) 39 sqm property type: condo bea"", ""tags"": [""est. rent:฿31,600/mo| roi:6%"", ""cam fee:฿2,340/mo"", ""sinking fund:฿3,900"", ""updated: 5 days ago""], ""location_text"": ""Choeng Thale, Thalang, Phuket"", ""url"": ""https://www.fazwaz.com/property-sales/1-bedroom-condo-for-sale-at-sky-park-in-choeng-thale-phuket-u5623075""}",2026-04-21 09:04:19.084997,2026-04-21 09:04:19.084997,1
546,fazwaz,4-bedroom-villa-for-sale-at-les-palmares-villas-in-choeng-thale-phuket-u5732943,https://www.fazwaz.com/property-sales/4-bedroom-villa-for-sale-at-les-palmares-villas-in-choeng-thale-phuket-u5732943,Les Palmares Villas,,,cherng-talay,"Choeng Thale, Thalang, Phuket",,,villa,unknown,,,,,,,,,35000000.0,,,,,,unknown,,0,,0,1,0,0,,,0,,,,,,"{""card_text"": ""see all les palmares villas updated 2 weeks ago choeng thale, thalang, phuket ฿35,000,000 (฿63,600/sqm) 4 bedroom villa for sale at les palmares villas dear agent available for rent and sale 4-bedroom villa in bang tao. villa after renovation, new oven and stove, refrigerator and dishwasher, sofa and tv. new deck board near the pool, new sun loungers... details: 4 bedroom(s) 4 bathroom(s) 550 sqm "", ""tags"": [""rent:฿165,000/mo| roi:6%"", ""cam fee:฿19,000/mo"", ""updated: 2 weeks ago""], ""location_text"": ""Choeng Thale, Thalang, Phuket"", ""url"": ""https://www.fazwaz.com/property-sales/4-bedroom-villa-for-sale-at-les-palmares-villas-in-choeng-thale-phuket-u5732943""}",2026-04-21 09:04:19.084997,2026-04-21 09:04:19.084997,1
547,fazwaz,3-bedroom-apartment-for-sale-at-layan-gardens-in-choeng-thale-phuket-u75361,https://www.fazwaz.com/property-sales/3-bedroom-apartment-for-sale-at-layan-gardens-in-choeng-thale-phuket-u75361,Layan Gardens,,,cherng-talay,"Choeng Thale, Thalang, Phuket",,,condo,unknown,,,3.0,3.0,220.0,,,,23000000.0,104545.45,,,,,unknown,,0,,0,1,1,0,,,0,,,,,,"{""card_text"": ""see all layan gardens updated 1 month ago choeng thale, thalang, phuket ฿23,000,000 (฿105,000/sqm) 3 bedroom apartment for sale at layan gardens are you looking for a place to call home that has all the bells and whistles? then look no further than this 220 sqm 3 bed 3 bath apartment, part of the illustrious layan gardens project in choeng tha... details: 3 bedroom(s) 3 bathroom(s) 220 sqm propert"", ""tags"": [""rent:฿95,000/mo| roi:5%"", ""cam fee:฿15,840/mo"", ""updated: 1 month ago""], ""location_text"": ""Choeng Thale, Thalang, Phuket"", ""url"": ""https://www.fazwaz.com/property-sales/3-bedroom-apartment-for-sale-at-layan-gardens-in-choeng-thale-phuket-u75361""}",2026-04-21 09:04:19.084997,2026-04-21 09:04:19.084997,1
548,fazwaz,1-bedroom-condo-for-sale-at-the-green-places-condominium-in-ratsada-phuket-u5875800,https://www.fazwaz.com/property-sales/1-bedroom-condo-for-sale-at-the-green-places-condominium-in-ratsada-phuket-u5875800,The Green Places Condominium,,,phuket-town,"Ratsada, Phuket Town, Phuket",,,condo,unknown,,,,,,,,,1900000.0,,,,,,unknown,,0,,0,0,0,0,,,0,,,,,,"{""card_text"": ""see all the green places condominium 6% guar. return for 3 years updated 4 weeks ago ratsada, phuket town, phuket ฿1,900,000 (฿45,300/sqm) 1 bedroom condo for sale at the green places condominium enjoy comfortable living and surround yourself with nature in a modern condominium at the green place condominium. the project is located in the beautiful valley in the heart of phuket city. every bui... "", ""tags"": [""cam fee:฿1,050/mo"", ""updated: 4 weeks ago""], ""location_text"": ""Ratsada, Phuket Town, Phuket"", ""url"": ""https://www.fazwaz.com/property-sales/1-bedroom-condo-for-sale-at-the-green-places-condominium-in-ratsada-phuket-u5875800""}",2026-04-21 09:04:19.084997,2026-04-21 09:04:19.084997,1
549,fazwaz,4-bedroom-villa-for-sale-at-sugar-villa-in-kamala-phuket-u19944,https://www.fazwaz.com/property-sales/4-bedroom-villa-for-sale-at-sugar-villa-in-kamala-phuket-u19944,Sugar Villa,,,kamala,"Kamala, Kathu, Phuket",,,villa,unknown,,,,,,,,,37000000.0,,,,,,unknown,,0,,0,1,1,0,,,1,,,,,,"{""card_text"": ""see all sugar villa updated 1 month ago kamala, kathu, phuket ฿37,000,000 ฿38,288,812 (฿56,300/sqm) 4 bedroom villa for sale at sugar villa imagine the sweetest living experience through the vibrance of the deep blue sea, greenery, and fresh air. your imagination has come to the reality at sugar villa, a luxurious villa project in the kam... details: 4 bedroom(s) 5 bathroom(s) 657 sqm property typ"", ""tags"": [""rent:฿350,000/mo| roi:11%"", ""cam fee:฿10,000/mo"", ""updated: 1 month ago""], ""location_text"": ""Kamala, Kathu, Phuket"", ""url"": ""https://www.fazwaz.com/property-sales/4-bedroom-villa-for-sale-at-sugar-villa-in-kamala-phuket-u19944""}",2026-04-21 09:04:19.084997,2026-04-21 09:04:19.084997,1
550,fazwaz,3-bedroom-house-for-sale-at-baan-prangthong-in-wichit-phuket-u776178,https://www.fazwaz.com/property-sales/3-bedroom-house-for-sale-at-baan-prangthong-in-wichit-phuket-u776178,Baan Prangthong,,,phuket-town,"Wichit, Phuket Town, Phuket",,,house,unknown,,,,,,,,,9337269.0,,,,,,unknown,,0,,0,0,1,0,,,0,,,,,,"{""card_text"": ""see all baan prangthong updated 1 month ago wichit, phuket town, phuket ฿9,337,269 ฿13,072,176 (฿41,500/sqm) 3 bedroom house for sale at baan prangthong this is a very nice house in a safe area nearby phuket town. ideal to spend your retirement or also for expats. swiss owner. details: 3 bedroom(s) 3 bathroom(s) 225 sqm property type: house year built 2007 park view garden view fully renovated roo"", ""tags"": [""rent:฿35,000/mo| roi:4%"", ""cam fee:฿55/mo"", ""updated: 1 month ago""], ""location_text"": ""Wichit, Phuket Town, Phuket"", ""url"": ""https://www.fazwaz.com/property-sales/3-bedroom-house-for-sale-at-baan-prangthong-in-wichit-phuket-u776178""}",2026-04-21 09:04:19.084997,2026-04-21 09:04:19.084997,1
551,fazwaz,1-bedroom-condo-for-sale-at-mida-grande-resort-condominiums-in-choeng-thale-phuket-u6010752,https://www.fazwaz.com/property-sales/1-bedroom-condo-for-sale-at-mida-grande-resort-condominiums-in-choeng-thale-phuket-u6010752,Mida Grande Resort Condominiums,,,cherng-talay,"Choeng Thale, Thalang, Phuket",,,condo,leasehold,,,1.0,,36.0,,,,5500000.0,152777.78,,,,,unknown,,0,,0,1,0,0,,,0,,,,,,"{""card_text"": ""see all mida grande resort condominiums 7% guar. return for 3 years updated 1 day ago choeng thale, thalang, phuket ฿5,500,000 (฿153,000/sqm) 1 bedroom condo for sale at mida grande resort condominiums a highly attractive 1-bedroom condominium for sale in mida grande surin, located in building 5 on the 5th floor, offering a beautiful sea view.\nproperty details:\n\nsize: 36 sqm\nlayout: 1 bedr... deta"", ""tags"": [""cam fee:฿1,800/mo"", ""sinking fund:฿18,000"", ""updated: 1 day ago""], ""location_text"": ""Choeng Thale, Thalang, Phuket"", ""url"": ""https://www.fazwaz.com/property-sales/1-bedroom-condo-for-sale-at-mida-grande-resort-condominiums-in-choeng-thale-phuket-u6010752""}",2026-04-21 09:04:19.100972,2026-04-21 09:04:19.100972,1
552,fazwaz,2-bedroom-condo-for-sale-at-essence-residence-in-rawai-phuket-u1687170,https://www.fazwaz.com/property-sales/2-bedroom-condo-for-sale-at-essence-residence-in-rawai-phuket-u1687170,Essence Residence,,,rawai,"Rawai, Phuket Town, Phuket",,,house,unknown,,,,,,,,,11500000.0,,,,,,unknown,,0,,0,0,0,0,,,1,,,,,,"{""card_text"": ""see all essence residence updated 3 days ago rawai, phuket town, phuket ฿11,500,000 (฿116,000/sqm) 2 bedroom condo for sale at essence residence introducing essence: where luxury meets comfort\nexperience a new level of deluxe living at the prestigious essence club house, located near the picturesque rawai promenade. this exclusive project boas... details: 2 bedroom(s) 2 bathroom(s) 98.79 sqm prope"", ""tags"": [""cam fee:฿7,903/mo"", ""sinking fund:฿59,274"", ""updated: 3 days ago""], ""location_text"": ""Rawai, Phuket Town, Phuket"", ""url"": ""https://www.fazwaz.com/property-sales/2-bedroom-condo-for-sale-at-essence-residence-in-rawai-phuket-u1687170""}",2026-04-21 09:04:19.100972,2026-04-21 09:04:19.100972,1
553,fazwaz,7-bedroom-villa-for-sale-at-cape-amarin-in-kamala-phuket-u5822065,https://www.fazwaz.com/property-sales/7-bedroom-villa-for-sale-at-cape-amarin-in-kamala-phuket-u5822065,Cape Amarin,,,kamala,"Kamala, Kathu, Phuket",,,villa,unknown,,,,,,,,,198000000.0,,,,,,unknown,,0,,0,1,0,0,,,0,,,,,,"{""card_text"": ""see all cape amarin updated 2 weeks ago kamala, kathu, phuket ฿198,000,000 (฿189,000/sqm) 7 bedroom villa for sale at cape amarin ● iconic oceanfront residence on millionaires’ mile ● oceanfront villa with private beach access● two villas – seven bedrooms total ● two infinity-edge swimming pools (... details: 7 bedroom(s) 7 bathroom(s) 1,050 sqm property type: villa sea view mountain view oceanfro"", ""tags"": [""updated: 2 weeks ago""], ""location_text"": ""Kamala, Kathu, Phuket"", ""url"": ""https://www.fazwaz.com/property-sales/7-bedroom-villa-for-sale-at-cape-amarin-in-kamala-phuket-u5822065""}",2026-04-21 09:04:19.100972,2026-04-21 09:04:19.100972,1
554,fazwaz,1-bedroom-condo-for-sale-at-the-city-phuket-in-kathu-phuket-u6180911,https://www.fazwaz.com/property-sales/1-bedroom-condo-for-sale-at-the-city-phuket-in-kathu-phuket-u6180911,The City Phuket,,,kathu,"Kathu, Kathu, Phuket",,,condo,leasehold,,,,,39.0,,,,3800000.0,97435.9,,,,,unknown,,0,,0,1,0,0,,,0,,,,,,"{""card_text"": ""see all the city phuket updated 6 days ago kathu, kathu, phuket ฿3,800,000 (฿97,400/sqm) 1 bedroom condo for sale at the city phuket modern 1-bedroom apartment for sale in the city phuket (2024), developed by world corporation company limited. the unit offers 39 sqm of living space and is located on the 5 floor. fully furnished and... details: 1 bedroom(s) 1 bathroom(s) 39 sqm property type: condo"", ""tags"": [""est. rent:฿23,300/mo| roi:7%"", ""cam fee:฿2,340/mo"", ""sinking fund:฿19,500"", ""updated: 6 days ago""], ""location_text"": ""Kathu, Kathu, Phuket"", ""url"": ""https://www.fazwaz.com/property-sales/1-bedroom-condo-for-sale-at-the-city-phuket-in-kathu-phuket-u6180911""}",2026-04-21 09:04:19.100972,2026-04-21 09:04:19.100972,1
555,fazwaz,2-bedroom-condo-for-sale-at-the-title-cielo-rawai-in-rawai-phuket-u6165454,https://www.fazwaz.com/property-sales/2-bedroom-condo-for-sale-at-the-title-cielo-rawai-in-rawai-phuket-u6165454,The Title Cielo Rawai,,,rawai,"Rawai, Phuket Town, Phuket",,,condo,leasehold,,,2.0,,,,,,8550000.0,,,,,,unknown,,0,,0,0,0,0,,,1,,,,,,"{""card_text"": ""see all the title cielo rawai listed 2 weeks ago updated 2 weeks ago rawai, phuket town, phuket ฿8,550,000 (฿153,000/sqm) 2 bedroom condo for sale at the title cielo rawai 2 bedroom small size good price details: 2 bedroom(s) 1 bathroom(s) 56 sqm property type: condo beach 0.39 km leasehold off plan 2026 low rise floor 5 cam fee: ฿4,760/mo sinking fund: ฿47,600 updated: 2 weeks ago request details"", ""tags"": [""cam fee:฿4,760/mo"", ""sinking fund:฿47,600"", ""updated: 2 weeks ago""], ""location_text"": ""Rawai, Phuket Town, Phuket"", ""url"": ""https://www.fazwaz.com/property-sales/2-bedroom-condo-for-sale-at-the-title-cielo-rawai-in-rawai-phuket-u6165454""}",2026-04-21 09:04:19.100972,2026-04-21 09:04:19.100972,1
556,fazwaz,1-bedroom-condo-for-sale-at-absolute-twin-sands-resort-spa-in-patong-phuket-u74212,https://www.fazwaz.com/property-sales/1-bedroom-condo-for-sale-at-absolute-twin-sands-resort-spa-in-patong-phuket-u74212,Absolute Twin Sands Resort & Spa,,,patong,"Patong, Kathu, Phuket",,,condo,unknown,,,,,,,,,10450000.0,,,,,,unknown,,0,,0,0,0,0,,,0,,,,,,"{""card_text"": ""see all absolute twin sands resort & spa 6% guar. return for 6 years updated 5 days ago patong, kathu, phuket ฿10,450,000 ฿11,450,000 (฿128,000/sqm) 1 bedroom condo for sale at absolute twin sands resort & spa tri trang is an idyllic area close to beaches, restaurants, shopping and nightlife. the sunset over merlin beach can be seen from the balcony and the condo is located in the corner of the bu"", ""tags"": [""cam fee:฿80/mo"", ""sinking fund:฿49,140"", ""updated: 5 days ago""], ""location_text"": ""Patong, Kathu, Phuket"", ""url"": ""https://www.fazwaz.com/property-sales/1-bedroom-condo-for-sale-at-absolute-twin-sands-resort-spa-in-patong-phuket-u74212""}",2026-04-21 09:04:19.116924,2026-04-21 09:04:19.116924,1
557,fazwaz,3-bedroom-condo-for-sale-at-sai-rougn-residence-in-patong-phuket-u1841494,https://www.fazwaz.com/property-sales/3-bedroom-condo-for-sale-at-sai-rougn-residence-in-patong-phuket-u1841494,Sai Rougn Residence,,,patong,"Patong, Kathu, Phuket",,,condo,leasehold,,,,,,,,,7990000.0,,,,,,unknown,,0,,0,0,1,0,,,0,,,,,,"{""card_text"": ""see all sai rougn residence updated 2 days ago patong, kathu, phuket ฿7,990,000 (฿79,900/sqm) 3 bedroom condo for sale at sai rougn residence nestled in the vibrant hills of patong, this condominium is located in a thai-design complex on patong hill. the property offers prime access to a wide array of tourist destinations and essential amen... details: 3 bedroom(s) 2 bathroom(s) 100 sqm property t"", ""tags"": [""cam fee:฿4,000/mo"", ""updated: 2 days ago""], ""location_text"": ""Patong, Kathu, Phuket"", ""url"": ""https://www.fazwaz.com/property-sales/3-bedroom-condo-for-sale-at-sai-rougn-residence-in-patong-phuket-u1841494""}",2026-04-21 09:04:19.116924,2026-04-21 09:04:19.116924,1
558,fazwaz,3-bedroom-villa-for-sale-at-intira-villas-2-in-rawai-phuket-u5758459,https://www.fazwaz.com/property-sales/3-bedroom-villa-for-sale-at-intira-villas-2-in-rawai-phuket-u5758459,Intira Villas 2,,,rawai,"Rawai, Phuket Town, Phuket",,,villa,unknown,,,,,,,,,13900000.0,,,,,,unknown,,0,,0,1,0,0,,,0,,,,,,"{""card_text"": ""see all intira villas 2 updated 3 weeks ago rawai, phuket town, phuket ฿13,900,000 (฿77,200/sqm) 3 bedroom villa for sale at intira villas 2 interior highlights:\nthe interior of this villa has been meticulously designed and renovated to offer a luxurious and comfortable living space. with three spacious bedrooms and four modern bathrooms,... details: 3 bedroom(s) 4 bathroom(s) 180 sqm property typ"", ""tags"": [""rent:฿110,000/mo| roi:9%"", ""updated: 3 weeks ago""], ""location_text"": ""Rawai, Phuket Town, Phuket"", ""url"": ""https://www.fazwaz.com/property-sales/3-bedroom-villa-for-sale-at-intira-villas-2-in-rawai-phuket-u5758459""}",2026-04-21 09:04:19.116924,2026-04-21 09:04:19.116924,1
559,fazwaz,2-bedroom-condo-for-sale-at-the-standard-residences-in-choeng-thale-phuket-u5649849,https://www.fazwaz.com/property-sales/2-bedroom-condo-for-sale-at-the-standard-residences-in-choeng-thale-phuket-u5649849,The Standard Residences,,,cherng-talay,"Choeng Thale, Thalang, Phuket",,,condo,unknown,,,,,,,,,18000000.0,,,,,,unknown,,0,,0,1,0,0,,,1,,,,,,"{""card_text"": ""see all the standard residences updated 1 week ago choeng thale, thalang, phuket ฿18,000,000 (฿180,000/sqm) 2 bedroom condo for sale at the standard residences best pric!!! only 18.2 mb details: 2 bedroom(s) 2 bathroom(s) 100 sqm property type: condo thai quota off plan 2026 low rise floor 6 pool view unblocked open view ocean access private pool pool access cam fee: ฿8,000/mo sinking fund: ฿50,00"", ""tags"": [""cam fee:฿8,000/mo"", ""sinking fund:฿50,000"", ""updated: 1 week ago""], ""location_text"": ""Choeng Thale, Thalang, Phuket"", ""url"": ""https://www.fazwaz.com/property-sales/2-bedroom-condo-for-sale-at-the-standard-residences-in-choeng-thale-phuket-u5649849""}",2026-04-21 09:04:19.116924,2026-04-21 09:04:19.116924,1
560,fazwaz,1-bedroom-condo-for-sale-at-dcondo-reef-phuket-in-kathu-phuket-u5676440,https://www.fazwaz.com/property-sales/1-bedroom-condo-for-sale-at-dcondo-reef-phuket-in-kathu-phuket-u5676440,Dcondo Reef Phuket,,,kathu,"Kathu, Kathu, Phuket",,,condo,unknown,,,,,,,,,2690000.0,,,,,,unknown,,0,,0,1,1,0,,,0,,,,,,"{""card_text"": ""see all dcondo reef phuket updated 1 month ago kathu, kathu, phuket ฿2,690,000 (฿96,100/sqm) 1 bedroom condo for sale at dcondo reef phuket modern 1-bedroom condo with pool access   location: d condo reef, kathu, phuket  this contemporary studio unit features a peaceful 1st-floor location in building a, overlooking the pool... details: 1 bedroom(s) 1 bathroom(s) 28 sqm property type: condo thai qu"", ""tags"": [""rent:฿19,000/mo| roi:8%"", ""cam fee:฿1,540/mo"", ""sinking fund:฿14,000"", ""updated: 1 month ago""], ""location_text"": ""Kathu, Kathu, Phuket"", ""url"": ""https://www.fazwaz.com/property-sales/1-bedroom-condo-for-sale-at-dcondo-reef-phuket-in-kathu-phuket-u5676440""}",2026-04-21 09:04:19.116924,2026-04-21 09:04:19.116924,1
561,fazwaz,3-bedroom-villa-for-sale-at-two-villas-tara-in-choeng-thale-phuket-u1389714,https://www.fazwaz.com/property-sales/3-bedroom-villa-for-sale-at-two-villas-tara-in-choeng-thale-phuket-u1389714,Two Villas Tara,,,cherng-talay,"Choeng Thale, Thalang, Phuket",,,villa,unknown,,,,,,,,,21200000.0,,,,,,unknown,,0,,0,1,1,0,,,0,,,,,,"{""card_text"": ""two villas tara updated 2 months ago choeng thale, thalang, phuket ฿21,200,000 (฿79,400/sqm) 3 bedroom villa for sale at two villas tara on sale is this beautiful private pool villa in layan. the villa has a main house with big kitchen, dining area, a spacious living room with big television and 2 master bedrooms. a third master bedroo... details: 3 bedroom(s) 3 bathroom(s) 267 sqm property type: "", ""tags"": [""est. rent:฿100,000/mo| roi:6%"", ""cam fee:฿6,000/mo"", ""updated: 2 months ago""], ""location_text"": ""Choeng Thale, Thalang, Phuket"", ""url"": ""https://www.fazwaz.com/property-sales/3-bedroom-villa-for-sale-at-two-villas-tara-in-choeng-thale-phuket-u1389714""}",2026-04-21 09:04:19.116924,2026-04-21 09:04:19.116924,1
562,fazwaz,3-bedroom-villa-for-sale-in-patong-phuket-u1376176,https://www.fazwaz.com/property-sales/3-bedroom-villa-for-sale-in-patong-phuket-u1376176,Partial Sea View Thai Styles House Patong,,,patong,"Patong, Kathu, Phuket",,,villa,unknown,,,,,,,,,23000000.0,,,,,,unknown,,0,,0,0,1,0,,,0,,,,,,"{""card_text"": ""see all partial sea view thai styles house patong updated 1 day ago patong, kathu, phuket ฿23,000,000 (฿100,000/sqm) 3 bedroom villa for sale in patong, phuket this villa is well situated in patong. the elegant layout and design allow you to enjoy a comfortable holiday. only 1.3km away from patong beach, with easy access to junction shopping mall, patong cen... details: 3 bedroom(s) 3 bathroom(s) "", ""tags"": [""updated: 1 day ago""], ""location_text"": ""Patong, Kathu, Phuket"", ""url"": ""https://www.fazwaz.com/property-sales/3-bedroom-villa-for-sale-in-patong-phuket-u1376176""}",2026-04-21 09:04:19.116924,2026-04-21 09:04:19.116924,1
563,fazwaz,10-bedroom-villa-for-sale-in-rawai-phuket-u1760886,https://www.fazwaz.com/property-sales/10-bedroom-villa-for-sale-in-rawai-phuket-u1760886,Big 10 Bedrooms Fully Renovated Villa 4 Minutes to Naiharn,,,rawai,"Rawai, Phuket Town, Phuket",,,villa,unknown,,,,,,,,,59000000.0,,,,,,unknown,,0,,0,1,0,0,,,0,,,,,,"{""card_text"": ""see all big 10 bedrooms fully renovated villa 4 minutes to naiharn updated 1 week ago rawai, phuket town, phuket ฿59,000,000 (฿73,700/sqm) 10 bedroom villa for sale in rawai, phuket 𝗩𝗮𝘀𝘁 𝗥𝗲𝘀𝗼𝗿𝘁 𝗦𝘁𝘆𝗹𝗲 𝗠𝗮𝗻𝘀𝗶𝗼𝗻 𝟭𝟬 𝗕𝗲𝗱𝗿𝗼𝗼𝗺𝘀 𝗣𝗼𝗼𝗹 𝗩𝗶𝗹𝗹𝗮| 𝗡𝗲𝘀𝘁𝗲𝗱 𝗶𝗻 𝗮 𝟯,𝟮𝟬𝟬 𝘀𝗾𝗺 𝗼𝗿 𝟮 𝗥𝗮𝗶 𝗼𝗳 𝗹𝗮𝗻𝗱 | 𝗠𝗼𝘂𝗻𝘁𝗮𝗶𝗻 𝗩𝗶𝗲𝘄 𝗙𝘂𝗹𝗹𝘆 𝗥𝗲𝗻𝗼𝘃𝗮𝘁𝗲𝗱  𝗷𝘂𝘀𝘁 𝟱 𝗠𝗶𝗻𝘂𝘁𝗲𝘀 𝗗𝗿𝗶𝘃𝗲 𝘁𝗼 𝗡𝗮𝗶 𝗛𝗮𝗿𝗻 𝗕𝗲𝗮𝗰𝗵 𝗶𝗻 𝘁𝗵𝗲 𝗦𝗼𝘂𝘁𝗵 𝗖𝗼𝗮𝘀𝘁 𝗼𝗳 𝗣𝗵𝘂𝗸𝗲𝘁, 𝗖𝗼𝗺𝗽... details: 10 bedroom"", ""tags"": [""updated: 1 week ago""], ""location_text"": ""Rawai, Phuket Town, Phuket"", ""url"": ""https://www.fazwaz.com/property-sales/10-bedroom-villa-for-sale-in-rawai-phuket-u1760886""}",2026-04-21 09:04:19.132646,2026-04-21 09:04:19.132646,1
564,fazwaz,2-bedroom-condo-for-sale-at-laguna-lakeside-in-choeng-thale-phuket-u5857683,https://www.fazwaz.com/property-sales/2-bedroom-condo-for-sale-at-laguna-lakeside-in-choeng-thale-phuket-u5857683,Laguna Lakeside,,,cherng-talay,"Choeng Thale, Thalang, Phuket",,,condo,leasehold,,,,,,,,,14200000.0,,,,,,unknown,,0,,0,0,0,0,,,0,,,,,,"{""card_text"": ""see all laguna lakeside updated 3 weeks ago choeng thale, thalang, phuket ฿14,200,000 (฿178,000/sqm) 2 bedroom condo for sale at laguna lakeside 🏡 spacious 2-bedroom condo for sale – laguna phuket\n✨ property highlights:\n\n\n📍 prime location: situated in the heart of laguna phuket, just a 10-minute walk to the beach, restaurants, and lif... details: 2 bedroom(s) 2 bathroom(s) 80 sqm property type: co"", ""tags"": [""est. rent:฿97,400/mo| roi:8%"", ""cam fee:฿4,800/mo"", ""updated: 3 weeks ago""], ""location_text"": ""Choeng Thale, Thalang, Phuket"", ""url"": ""https://www.fazwaz.com/property-sales/2-bedroom-condo-for-sale-at-laguna-lakeside-in-choeng-thale-phuket-u5857683""}",2026-04-21 09:04:19.132646,2026-04-21 09:04:19.132646,1
565,fazwaz,1-bedroom-condo-for-sale-at-calypso-garden-residences-in-rawai-phuket-u6001720,https://www.fazwaz.com/property-sales/1-bedroom-condo-for-sale-at-calypso-garden-residences-in-rawai-phuket-u6001720,Calypso Garden Residences,,,rawai,"Rawai, Phuket Town, Phuket",,,condo,freehold,,,1.0,,45.0,,,,5270000.0,117111.11,,,,,unknown,,0,,0,1,1,0,,,0,,,,,,"{""card_text"": ""see all calypso garden residences 7% guar. return for 5 years updated 6 days ago rawai, phuket town, phuket ฿5,270,000 ฿6,200,000 (฿117,000/sqm) 1 bedroom condo for sale at calypso garden residences modern sea view living | premium rawai location | 1 bedroom | 45 sqm | freehold - foreign quota\ncompleted 2020 - modern, well-maintained boutique development!only 86 units in 7-story building - exclus."", ""tags"": [""cam fee:฿3,150/mo"", ""sinking fund:฿27,000"", ""updated: 6 days ago""], ""location_text"": ""Rawai, Phuket Town, Phuket"", ""url"": ""https://www.fazwaz.com/property-sales/1-bedroom-condo-for-sale-at-calypso-garden-residences-in-rawai-phuket-u6001720""}",2026-04-21 09:04:19.132646,2026-04-21 09:04:19.132646,1
566,fazwaz,3-bedroom-villa-for-sale-at-trichada-breeze-in-choeng-thale-phuket-u5623192,https://www.fazwaz.com/property-sales/3-bedroom-villa-for-sale-at-trichada-breeze-in-choeng-thale-phuket-u5623192,Trichada Breeze,,,cherng-talay,"Choeng Thale, Thalang, Phuket",,,villa,unknown,,,3.0,3.0,243.0,,,,23950000.0,98559.67,,,,,unknown,,0,,0,1,1,0,,,0,,,,,,"{""card_text"": ""see all trichada breeze updated 2 months ago choeng thale, thalang, phuket ฿23,950,000 ฿25,800,000 (฿98,600/sqm) 3 bedroom villa for sale at trichada breeze hot sale!!! this property is a 243 sqm villa with 3 bedrooms and 3 bathrooms that is available for sale. it is part of the trichada breeze project in choeng thale, phuket. you can buy this villa for a... details: 3 bedroom(s) 3 bathroom(s) 243"", ""tags"": [""est. rent:฿230,000/mo| roi:12%"", ""updated: 2 months ago""], ""location_text"": ""Choeng Thale, Thalang, Phuket"", ""url"": ""https://www.fazwaz.com/property-sales/3-bedroom-villa-for-sale-at-trichada-breeze-in-choeng-thale-phuket-u5623192""}",2026-04-21 09:04:19.132646,2026-04-21 09:04:19.132646,1
567,fazwaz,2-bedroom-condo-for-sale-at-zcape-iii-in-wichit-phuket-u78496,https://www.fazwaz.com/property-sales/2-bedroom-condo-for-sale-at-zcape-iii-in-wichit-phuket-u78496,ZCAPE III,,,phuket-town,"Wichit, Phuket Town, Phuket",,,condo,unknown,,,,,,,,,3299900.0,,,,,,unknown,,0,,0,1,1,0,,,0,,,,,,"{""card_text"": ""see all zcape iii updated 2 weeks ago good price wichit, phuket town, phuket ฿3,299,900 ฿3,990,000 (฿82,500/sqm) 2 bedroom condo for sale at zcape iii designed to cater to the myriad needs of modern living, living in this captivating zcape iii project condo provides a lifestyle inimitable in the bustling city of wichit, phuket. this delightful forty... details: 2 bedroom(s) 1 bathroom(s) 40 sqm pr"", ""tags"": [""rent:฿23,000/mo| roi:8%"", ""cam fee:฿1,600/mo"", ""sinking fund:฿20,000"", ""updated: 2 weeks ago""], ""location_text"": ""Wichit, Phuket Town, Phuket"", ""url"": ""https://www.fazwaz.com/property-sales/2-bedroom-condo-for-sale-at-zcape-iii-in-wichit-phuket-u78496""}",2026-04-21 09:04:19.132646,2026-04-21 09:04:19.132646,1
568,fazwaz,4-bedroom-house-for-sale-at-supalai-pride-phuket-heroines-monument-paklok-in-pa-khlok-phuket-u5994265,https://www.fazwaz.com/property-sales/4-bedroom-house-for-sale-at-supalai-pride-phuket-heroines-monument-paklok-in-pa-khlok-phuket-u5994265,Supalai Pride Phuket Heroines Monument - Paklok,,,pa-khlok,"Pa Khlok, Thalang, Phuket",,,house,unknown,,,4.0,4.0,218.0,,,,8900000.0,40825.69,,,,,unknown,,0,,0,0,1,0,,,0,,,,,,"{""card_text"": ""see all supalai pride phuket heroines monument - paklok updated 3 weeks ago pa khlok, thalang, phuket ฿8,900,000 (฿40,800/sqm) 4 bedroom house for sale at supalai pride phuket heroines monument - paklok supalai pride phuket heroines monument 4 bedrooms 4 bathroom house in north side  usage area 218 sqm plot size 70.2 sqw. only 10 minutes to robinson thalang only 5 minutes to thala beach only 10..."", ""tags"": [""updated: 3 weeks ago""], ""location_text"": ""Pa Khlok, Thalang, Phuket"", ""url"": ""https://www.fazwaz.com/property-sales/4-bedroom-house-for-sale-at-supalai-pride-phuket-heroines-monument-paklok-in-pa-khlok-phuket-u5994265""}",2026-04-21 09:04:19.132646,2026-04-21 09:04:19.132646,1
569,fazwaz,1-bedroom-house-for-sale-in-kamala-phuket-u68525,https://www.fazwaz.com/property-sales/1-bedroom-house-for-sale-in-kamala-phuket-u68525,1 Bedroom House in Peaceful Kamala,,,kamala,"Kamala, Kathu, Phuket",,,house,unknown,,,,,56.0,,,,2500000.0,44642.86,,,,,unknown,,0,,0,0,1,0,,,0,,,,,,"{""card_text"": ""see all 1 bedroom house in peaceful kamala updated 3 weeks ago great price kamala, kathu, phuket ฿2,500,000 (฿44,600/sqm) 1 bedroom house for sale in kamala, phuket welcome to the opportunity of a lifetime! nestled away in the heart of kamala, phuket, this 56 sqm house is an excellent example of a well-priced asset for both first-time buyers and established prope... details: 1 bedroom(s) 1 bathroo"", ""tags"": [""updated: 3 weeks ago""], ""location_text"": ""Kamala, Kathu, Phuket"", ""url"": ""https://www.fazwaz.com/property-sales/1-bedroom-house-for-sale-in-kamala-phuket-u68525""}",2026-04-21 09:04:19.132646,2026-04-21 09:04:19.132646,1
570,fazwaz,2-bedroom-penthouse-for-sale-at-twinpalms-residences-by-montazure-in-kamala-phuket-u5995096,https://www.fazwaz.com/property-sales/2-bedroom-penthouse-for-sale-at-twinpalms-residences-by-montazure-in-kamala-phuket-u5995096,Twinpalms Residences by Montazure,,,kamala,"Kamala, Kathu, Phuket",,,house,unknown,,,,,,,,,72000000.0,,,,,,unknown,,0,,0,0,0,0,,,0,,,,,,"{""card_text"": ""see all twinpalms residences by montazure updated 1 day ago kamala, kathu, phuket ฿72,000,000 (฿180,000/sqm) 2 bedroom penthouse for sale at twinpalms residences by montazure twinpalms residences by montazure, a super high-end residence hotel on kamala beach that offers the aesthetics of living with an outstanding location in front of kamala beach. enjoy the andaman sea's... details: 2 bedroom(s) "", ""tags"": [""cam fee:฿32,000/mo"", ""sinking fund:฿280,000"", ""updated: 1 day ago""], ""location_text"": ""Kamala, Kathu, Phuket"", ""url"": ""https://www.fazwaz.com/property-sales/2-bedroom-penthouse-for-sale-at-twinpalms-residences-by-montazure-in-kamala-phuket-u5995096""}",2026-04-21 09:04:19.148500,2026-04-21 09:04:19.148500,1
571,fazwaz,4-bedroom-villa-for-sale-at-laguna-village-townhome-in-choeng-thale-phuket-u6022511,https://www.fazwaz.com/property-sales/4-bedroom-villa-for-sale-at-laguna-village-townhome-in-choeng-thale-phuket-u6022511,Laguna Village Townhome,,,cherng-talay,"Choeng Thale, Thalang, Phuket",,,villa,unknown,,,3.0,,,,,,26900000.0,,,,,,unknown,,0,,0,1,1,0,,,0,,,,,,"{""card_text"": ""see all laguna village townhome updated 1 month ago choeng thale, thalang, phuket ฿26,900,000 ฿28,000,000 (฿57,900/sqm) 4 bedroom villa for sale at laguna village townhome this two-storey villa features 3 bedrooms, an office space. a beautiful private swimming pool with a well-maintained garden and a spacious poolside terrace. the villa is designed with a large living a... details: 4 bedroom(s) 3 "", ""tags"": [""est. rent:฿266,000/mo| roi:12%"", ""cam fee:฿3,772/mo"", ""updated: 1 month ago""], ""location_text"": ""Choeng Thale, Thalang, Phuket"", ""url"": ""https://www.fazwaz.com/property-sales/4-bedroom-villa-for-sale-at-laguna-village-townhome-in-choeng-thale-phuket-u6022511""}",2026-04-21 09:04:24.323375,2026-04-21 09:04:24.323375,1
572,fazwaz,3-bedroom-villa-for-sale-in-choeng-thale-phuket-u5667730,https://www.fazwaz.com/property-sales/3-bedroom-villa-for-sale-in-choeng-thale-phuket-u5667730,Botanica Villa (Stand Alone),,,cherng-talay,"Choeng Thale, Thalang, Phuket",,,villa,unknown,,,,,,,,,24500000.0,,,,,,unknown,,0,,0,1,1,0,,,0,,,,,,"{""card_text"": ""see all botanica villa (stand alone) updated 1 month ago choeng thale, thalang, phuket ฿24,500,000 (฿81,900/sqm) 3 bedroom villa for sale in choeng thale, phuket this brand-new botanica pool villa is located in the highly sought-after cherng talay area, offering the perfect blend of privacy and convenience. unlike typical botanica developments, this is a stand... details: 3 bedroom(s) 4 bathroom(s"", ""tags"": [""updated: 1 month ago""], ""location_text"": ""Choeng Thale, Thalang, Phuket"", ""url"": ""https://www.fazwaz.com/property-sales/3-bedroom-villa-for-sale-in-choeng-thale-phuket-u5667730""}",2026-04-21 09:04:24.323375,2026-04-21 09:04:24.323375,1
573,fazwaz,studio-condo-for-sale-at-harmony-condominium-in-rawai-phuket-u6050217,https://www.fazwaz.com/property-sales/studio-condo-for-sale-at-harmony-condominium-in-rawai-phuket-u6050217,Harmony Condominium,,,rawai,"Rawai, Phuket Town, Phuket",,,condo,unknown,,,,,,,,,4400000.0,,,,,,unknown,,0,,0,1,0,0,,,0,,,,,,"{""card_text"": ""see all harmony condominium rawai, phuket town, phuket ฿4,400,000 (฿131,000/sqm) studio condo for sale at harmony condominium harmony is thoughtfulness in every detail. harmony of new technologies and construction experience, modern design and classic facades, comfort and minimalism.\nsome of the features of the project... details: studio 1 bathroom(s) 33.70 sqm property type: condo year built 2025"", ""tags"": [""rent:฿70,000/mo| roi:19%"", ""cam fee:฿2,696/mo"", ""sinking fund:฿20,220""], ""location_text"": ""Rawai, Phuket Town, Phuket"", ""url"": ""https://www.fazwaz.com/property-sales/studio-condo-for-sale-at-harmony-condominium-in-rawai-phuket-u6050217""}",2026-04-21 09:04:24.323375,2026-04-21 09:04:24.323375,1
574,fazwaz,3-bedroom-villa-for-sale-in-mai-khao-phuket-u5964659,https://www.fazwaz.com/property-sales/3-bedroom-villa-for-sale-in-mai-khao-phuket-u5964659,NAVAYA Beach Access Pool Villa with Stunning Sea View,,,mai-khao,"Mai Khao, Thalang, Phuket",,,villa,unknown,,,,,,,,,15000000.0,,,,,,unknown,,0,,0,1,0,0,,,1,,,,,,"{""card_text"": ""navaya beach access pool villa with stunning sea view video tour updated 2 months ago mai khao, thalang, phuket ฿15,000,000 (฿36,500/sqm) 3 bedroom villa for sale in mai khao, phuket virtual tour available\nthis two-storey luxury pool villa is located just a few steps from a beautiful sandy beach, offering sea views and a relaxed coastal lifestyle.\nthe location is id... details: 3 bedroom(s) 3 bath"", ""tags"": [""updated: 2 months ago""], ""location_text"": ""Mai Khao, Thalang, Phuket"", ""url"": ""https://www.fazwaz.com/property-sales/3-bedroom-villa-for-sale-in-mai-khao-phuket-u5964659""}",2026-04-21 09:04:24.335037,2026-04-21 09:04:24.335037,1
575,fazwaz,1-bedroom-condo-for-sale-at-citygate-in-kamala-phuket-u5950600,https://www.fazwaz.com/property-sales/1-bedroom-condo-for-sale-at-citygate-in-kamala-phuket-u5950600,CITYGATE,,,kamala,"Kamala, Kathu, Phuket",,,condo,freehold,,,1.0,,35.0,,,,4080000.0,116571.43,,,,,unknown,,0,,0,0,0,0,,,0,,,,,,"{""card_text"": ""see all citygate updated 3 weeks ago kamala, kathu, phuket ฿4,080,000 ฿4,300,000 (฿117,000/sqm) 1 bedroom condo for sale at citygate this 35 sqm freehold condominium 1 bedroom is located in the prestigious citygate condominium in kamala, phuket, completed in december 2019. \n \nsituated on the 3rd floor of the dubai buildin... details: 1 bedroom(s) 1 bathroom(s) 35 sqm property type: condo beach 1.1"", ""tags"": [""est. rent:฿31,600/mo| roi:9%"", ""cam fee:฿2,100/mo"", ""sinking fund:฿21,000"", ""updated: 3 weeks ago""], ""location_text"": ""Kamala, Kathu, Phuket"", ""url"": ""https://www.fazwaz.com/property-sales/1-bedroom-condo-for-sale-at-citygate-in-kamala-phuket-u5950600""}",2026-04-21 09:04:24.338097,2026-04-21 09:04:24.338097,1
576,fazwaz,2-bedroom-condo-for-sale-at-the-title-halo-1-in-sakhu-phuket-u5341255,https://www.fazwaz.com/property-sales/2-bedroom-condo-for-sale-at-the-title-halo-1-in-sakhu-phuket-u5341255,The Title Halo 1,,,mai-khao,"Sakhu, Thalang, Phuket",,,condo,unknown,,,,,41.0,,,,7000000.0,170731.71,,,,,unknown,,0,,0,1,1,0,,,0,,,,,,"{""card_text"": ""see all the title halo 1 updated 4 days ago sakhu, thalang, phuket ฿7,000,000 ฿8,200,000 (฿120,000/sqm) 2 bedroom condo for sale at the title halo 1 experience luxury and tranquility in this 2-bedroom, 2-bathroom condo at the title halo 1, a newly completed development by rhom bho property in sakhu, phuket. this 58.41 sqm unit is situated on the 6... details: 2 bedroom(s) 2 bathroom(s) 58.41 sqm p"", ""tags"": [""rent:฿60,000/mo| roi:10%"", ""cam fee:฿3,505/mo"", ""sinking fund:฿35,046"", ""updated: 4 days ago""], ""location_text"": ""Sakhu, Thalang, Phuket"", ""url"": ""https://www.fazwaz.com/property-sales/2-bedroom-condo-for-sale-at-the-title-halo-1-in-sakhu-phuket-u5341255""}",2026-04-21 09:04:24.338097,2026-04-21 09:04:24.338097,1
577,fazwaz,4-bedroom-house-for-sale-in-rawai-phuket-u1988940,https://www.fazwaz.com/property-sales/4-bedroom-house-for-sale-in-rawai-phuket-u1988940,Prime Area one rai land house 4bed 4 bath 5 mins to Rawai,,,rawai,"Rawai, Phuket Town, Phuket",,,villa,unknown,,,,,1600.0,,,,30000000.0,18750.0,,,,,unknown,,0,,0,1,1,0,,,0,,,,,,"{""card_text"": ""see all prime area one rai land house 4bed 4 bath 5 mins to rawai updated 5 days ago rawai, phuket town, phuket ฿30,000,000 ฿31,578,947 (฿115,000/sqm) 4 bedroom house for sale in rawai, phuket this spacious private pool villa is ideally designed for family living, set on a large 1,600 sqm land plot that offers plenty of outdoor space for children, pets, and family activities. the home featu... det"", ""tags"": [""updated: 5 days ago""], ""location_text"": ""Rawai, Phuket Town, Phuket"", ""url"": ""https://www.fazwaz.com/property-sales/4-bedroom-house-for-sale-in-rawai-phuket-u1988940""}",2026-04-21 09:04:24.338097,2026-04-21 09:04:24.338097,1
578,fazwaz,2-bedroom-apartment-for-sale-at-patong-view-apartment-house-in-patong-phuket-u628958,https://www.fazwaz.com/property-sales/2-bedroom-apartment-for-sale-at-patong-view-apartment-house-in-patong-phuket-u628958,Patong View Apartment House,,,patong,"Patong, Kathu, Phuket",,,house,leasehold,,,,,,,,,10000000.0,,,,,,unknown,,0,,0,0,0,1,,,0,,,,,,"{""card_text"": ""see all patong view apartment house updated 1 week ago patong, kathu, phuket ฿10,000,000 ฿18,000,000 (฿79,400/sqm) 2 bedroom apartment for sale at patong view apartment house fully renovated\nmodern kitchen\nhome gym\nwalk-in closet\nspacious bathroom\nsea views details: 2 bedroom(s) 1 bathroom(s) 126 sqm property type: apartment beach 2.75 km leasehold year built 2002 low rise floor 3 sea view fully r"", ""tags"": [""cam fee:฿4,000/mo"", ""updated: 1 week ago""], ""location_text"": ""Patong, Kathu, Phuket"", ""url"": ""https://www.fazwaz.com/property-sales/2-bedroom-apartment-for-sale-at-patong-view-apartment-house-in-patong-phuket-u628958""}",2026-04-21 09:04:24.338097,2026-04-21 09:04:24.338097,1
579,fazwaz,1-bedroom-condo-for-sale-at-the-title-legendary-bang-tao-in-choeng-thale-phuket-u5899065,https://www.fazwaz.com/property-sales/1-bedroom-condo-for-sale-at-the-title-legendary-bang-tao-in-choeng-thale-phuket-u5899065,The Title Legendary-Bang Tao,,,cherng-talay,"Choeng Thale, Thalang, Phuket",,,condo,leasehold,,,1.0,1.0,,,,,6300000.0,,,,,,unknown,,0,,0,1,1,0,,,0,,,,,,"{""card_text"": ""see all the title legendary-bang tao updated 1 week ago choeng thale, thalang, phuket ฿6,300,000 (฿143,000/sqm) 1 bedroom condo for sale at the title legendary-bang tao brand new 1 bed 1 bath 44 m2 building ipool view covered balconyleasehold ownership fully furnished buyer pays transfer fees details: 1 bedroom(s) 1 bathroom(s) 44 sqm property type: condo beach 2.92 km leasehold year built 2025 lo"", ""tags"": [""est. rent:฿53,500/mo| roi:10%"", ""cam fee:฿3,300/mo"", ""sinking fund:฿30,800"", ""updated: 1 week ago""], ""location_text"": ""Choeng Thale, Thalang, Phuket"", ""url"": ""https://www.fazwaz.com/property-sales/1-bedroom-condo-for-sale-at-the-title-legendary-bang-tao-in-choeng-thale-phuket-u5899065""}",2026-04-21 09:04:24.352896,2026-04-21 09:04:24.352896,1
580,fazwaz,1-bedroom-condo-for-sale-at-mida-grande-resort-condominiums-in-choeng-thale-phuket-u1121334,https://www.fazwaz.com/property-sales/1-bedroom-condo-for-sale-at-mida-grande-resort-condominiums-in-choeng-thale-phuket-u1121334,Mida Grande Resort Condominiums,,,cherng-talay,"Choeng Thale, Thalang, Phuket",,,condo,unknown,,,,,58.0,,,,5900000.0,101724.14,,,,,unknown,,0,,0,0,0,0,,,0,,,,,,"{""card_text"": ""see all mida grande resort condominiums 7% guar. return for 3 years updated 1 month ago choeng thale, thalang, phuket ฿5,900,000 ฿7,200,000 (฿102,000/sqm) 1 bedroom condo for sale at mida grande resort condominiums discover this exceptional 58 sqm corner condominium on the first floor of the prestigious mida grande phuket, perfectly positioned on elevated ground within easy walking distance of bot"", ""tags"": [""cam fee:฿2,900/mo"", ""sinking fund:฿29,000"", ""updated: 1 month ago""], ""location_text"": ""Choeng Thale, Thalang, Phuket"", ""url"": ""https://www.fazwaz.com/property-sales/1-bedroom-condo-for-sale-at-mida-grande-resort-condominiums-in-choeng-thale-phuket-u1121334""}",2026-04-21 09:04:24.353734,2026-04-21 09:04:24.353734,1
581,fazwaz,1-bedroom-condo-for-sale-at-capri-residences-in-choeng-thale-phuket-u5808017,https://www.fazwaz.com/property-sales/1-bedroom-condo-for-sale-at-capri-residences-in-choeng-thale-phuket-u5808017,Capri Residences,,,cherng-talay,"Choeng Thale, Thalang, Phuket",,,condo,unknown,,,,,,,,,4750000.0,,,,,,unknown,,0,,0,0,0,0,,,0,,,,,,"{""card_text"": ""see all capri residences updated 1 month ago choeng thale, thalang, phuket ฿4,750,000 (฿136,000/sqm) 1 bedroom condo for sale at capri residences welcome to the unparalleled world of capri residence bang tao, where the epitome of luxury living converges with the bliss of tropical paradise. tucked away in the heart of phuket, a mere 850 meters f... details: 1 bedroom(s) 1 bathroom(s) 35 sqm propert"", ""tags"": [""est. rent:฿48,500/mo| roi:12%"", ""cam fee:฿2,100/mo"", ""sinking fund:฿21,000"", ""updated: 1 month ago""], ""location_text"": ""Choeng Thale, Thalang, Phuket"", ""url"": ""https://www.fazwaz.com/property-sales/1-bedroom-condo-for-sale-at-capri-residences-in-choeng-thale-phuket-u5808017""}",2026-04-21 09:04:24.353734,2026-04-21 09:04:24.353734,1
582,fazwaz,1-bedroom-apartment-for-sale-at-cassia-phuket-in-choeng-thale-phuket-u5787712,https://www.fazwaz.com/property-sales/1-bedroom-apartment-for-sale-at-cassia-phuket-in-choeng-thale-phuket-u5787712,Cassia Phuket,,,cherng-talay,"Choeng Thale, Thalang, Phuket",,,condo,leasehold,,,,,,,,,7260000.0,,,,,,unknown,,0,,0,1,1,0,,,0,,,,,,"{""card_text"": ""see all cassia phuket 5% guar. return for 3 years updated 2 weeks ago choeng thale, thalang, phuket ฿7,260,000 (฿140,000/sqm) 1 bedroom apartment for sale at cassia phuket 2-room apartments in an apartment hotel with a lake view. they include a bedroom, a living room with a full kitchen, a separate bathroom, a mezzanine, a children's room, and a balcony. the ceiling hei... details: 1 bedroom(s) 1 "", ""tags"": [""updated: 2 weeks ago""], ""location_text"": ""Choeng Thale, Thalang, Phuket"", ""url"": ""https://www.fazwaz.com/property-sales/1-bedroom-apartment-for-sale-at-cassia-phuket-in-choeng-thale-phuket-u5787712""}",2026-04-21 09:04:24.361212,2026-04-21 09:04:24.361212,1
583,fazwaz,5-bedroom-house-for-sale-at-land-and-houses-park-in-chalong-phuket-u5367637,https://www.fazwaz.com/property-sales/5-bedroom-house-for-sale-at-land-and-houses-park-in-chalong-phuket-u5367637,Land and Houses Park,,,chalong,"Chalong, Phuket Town, Phuket",,,house,unknown,,,5.0,4.0,591.0,,,,21000000.0,35532.99,,,,,unknown,,0,,0,1,1,0,,,0,,,,,,"{""card_text"": ""see all land and houses park updated 1 month ago chalong, phuket town, phuket ฿21,000,000 (฿60,000/sqm) 5 bedroom house for sale at land and houses park lovely home in land & house park chalong available for transfer july 2025-591 sqm - 5 bedrooms, 4 bathrooms (2 ensuite) - office / playroom - 2 lounge areas - 2 indoor kitchens (remodeled, western... details: 5 bedroom(s) 4 bathroom(s) 350 sqm pro"", ""tags"": [""rent:฿135,000/mo| roi:8%"", ""cam fee:฿3,800/mo"", ""updated: 1 month ago""], ""location_text"": ""Chalong, Phuket Town, Phuket"", ""url"": ""https://www.fazwaz.com/property-sales/5-bedroom-house-for-sale-at-land-and-houses-park-in-chalong-phuket-u5367637""}",2026-04-21 09:04:24.362980,2026-04-21 09:04:24.362980,1
584,fazwaz,5-bedroom-villa-for-sale-at-surin-heights-in-choeng-thale-phuket-u6024428,https://www.fazwaz.com/property-sales/5-bedroom-villa-for-sale-at-surin-heights-in-choeng-thale-phuket-u6024428,Surin Heights,,,cherng-talay,"Choeng Thale, Thalang, Phuket",,,villa,unknown,,,6.0,,,,,,92000000.0,,,,,,unknown,,0,,0,1,0,0,,,0,,,,,,"{""card_text"": ""see all surin heights choeng thale, thalang, phuket ฿92,000,000 (฿184,000/sqm) 5 bedroom villa for sale at surin heights modern, well maintained sea view pool villa with up to 6 bedrooms, just steps down to phuket’s beautiful surin beach.\n\nthe villa has elevated views west over surin beach.  this is the close... details: 5 bedroom(s) 5 bathroom(s) 500 sqm property type: villa beach 0.94 km year bu"", ""tags"": [""cam fee:฿17,500/mo""], ""location_text"": ""Choeng Thale, Thalang, Phuket"", ""url"": ""https://www.fazwaz.com/property-sales/5-bedroom-villa-for-sale-at-surin-heights-in-choeng-thale-phuket-u6024428""}",2026-04-21 09:04:24.364647,2026-04-21 09:04:24.364647,1
585,fazwaz,studio-condo-for-sale-at-oceana-kamala-in-kamala-phuket-u5890685,https://www.fazwaz.com/property-sales/studio-condo-for-sale-at-oceana-kamala-in-kamala-phuket-u5890685,Oceana Kamala,,,kamala,"Kamala, Kathu, Phuket",,,condo,unknown,,,,,,,,,3695000.0,,,,,,unknown,,0,,0,0,0,0,,,0,,,,,,"{""card_text"": ""see all oceana kamala updated 2 weeks ago kamala, kathu, phuket ฿3,695,000 ฿4,495,000 (฿114,000/sqm) studio condo for sale at oceana kamala oceana kamala is a luxury condominium conveniently located near kamala beach, surrounded by convenient places such as restaurants, entertainment venues, and convenience stores, matching the living per... details: studio 1 bathroom(s) 32.39 sqm property type: c"", ""tags"": [""est. rent:฿36,300/mo| roi:12%"", ""cam fee:฿1,620/mo"", ""sinking fund:฿19,434"", ""updated: 2 weeks ago""], ""location_text"": ""Kamala, Kathu, Phuket"", ""url"": ""https://www.fazwaz.com/property-sales/studio-condo-for-sale-at-oceana-kamala-in-kamala-phuket-u5890685""}",2026-04-21 09:04:24.366651,2026-04-21 09:04:24.366651,1
586,fazwaz,3-bedroom-villa-for-sale-at-rawayana-villas-in-rawai-phuket-u1706920,https://www.fazwaz.com/property-sales/3-bedroom-villa-for-sale-at-rawayana-villas-in-rawai-phuket-u1706920,Rawayana Villas,,,rawai,"Rawai, Phuket Town, Phuket",,,villa,unknown,,,,,,,,,21320000.0,,,,,,unknown,,0,,0,1,1,0,,,1,,,,,,"{""card_text"": ""see all rawayana villas 6% guar. return for 5 years updated 4 days ago rawai, phuket town, phuket ฿21,320,000 (฿62,900/sqm) 3 bedroom villa for sale at rawayana villas exclusive villa project. 30 meters from the beach \nthe unique concept of the project makes it a focal point for the entire rawai area. properties here have high rental potential regardless of the... details: 3 bedroom(s) 3 bathroom("", ""tags"": [""cam fee:฿20,340/mo"", ""sinking fund:฿169,500"", ""updated: 4 days ago""], ""location_text"": ""Rawai, Phuket Town, Phuket"", ""url"": ""https://www.fazwaz.com/property-sales/3-bedroom-villa-for-sale-at-rawayana-villas-in-rawai-phuket-u1706920""}",2026-04-21 09:04:24.366651,2026-04-21 09:04:24.366651,1
587,fazwaz,10-bedroom-villa-for-sale-in-rawai-phuket-u1884248,https://www.fazwaz.com/property-sales/10-bedroom-villa-for-sale-in-rawai-phuket-u1884248,Villa with Ocean View in Rawai for Sale/Rent,,,rawai,"Rawai, Phuket Town, Phuket",,,villa,unknown,,,,,,,,,38000000.0,,,,,,unknown,,0,,0,1,1,0,,,0,,,,,,"{""card_text"": ""see all villa with ocean view in rawai for sale/rent updated 4 weeks ago rawai, phuket town, phuket ฿38,000,000 (฿40,000/sqm) 10 bedroom villa for sale in rawai, phuket for sale and rent directly with owners. discover the unparalleled grandeur of our newly renovated villa in rawai phuket, an expansive haven designed to host groups of 16 or more. boasting 8 spacious b... details: 10 bedroom(s) 13 b"", ""tags"": [""updated: 4 weeks ago""], ""location_text"": ""Rawai, Phuket Town, Phuket"", ""url"": ""https://www.fazwaz.com/property-sales/10-bedroom-villa-for-sale-in-rawai-phuket-u1884248""}",2026-04-21 09:04:24.366651,2026-04-21 09:04:24.366651,1
588,fazwaz,5-bedroom-villa-for-sale-in-chalong-phuket-u5348018,https://www.fazwaz.com/property-sales/5-bedroom-villa-for-sale-in-chalong-phuket-u5348018,Exclusive Toscana-Style Private Pool Villa Near Big Buddha,,,chalong,"Chalong, Phuket Town, Phuket",,,villa,unknown,,,,,,,,,36000000.0,,,,,,unknown,,0,,0,1,0,0,,,0,,,,,,"{""card_text"": ""see all exclusive toscana-style private pool villa near big buddha updated 2 weeks ago chalong, phuket town, phuket ฿36,000,000 (฿35,000/sqm) 5 bedroom villa for sale in chalong, phuket exclusive toscana-style private pool villa near big buddha – diohana home yot sanae  discover the charm of tuscany in phuket with this fully renovated luxury villa, set on a rare and... details: 5 bedroom(s) 6 bath"", ""tags"": [""updated: 2 weeks ago""], ""location_text"": ""Chalong, Phuket Town, Phuket"", ""url"": ""https://www.fazwaz.com/property-sales/5-bedroom-villa-for-sale-in-chalong-phuket-u5348018""}",2026-04-21 09:04:24.366651,2026-04-21 09:04:24.366651,1
589,fazwaz,2-bedroom-condo-for-sale-at-zcape-i-in-choeng-thale-phuket-u5957518,https://www.fazwaz.com/property-sales/2-bedroom-condo-for-sale-at-zcape-i-in-choeng-thale-phuket-u5957518,Zcape I,,,cherng-talay,"Choeng Thale, Thalang, Phuket",,,condo,unknown,,,,,,,,,4000000.0,,,,,,unknown,,0,,0,0,1,0,,,0,,,,,,"{""card_text"": ""see all zcape i updated 4 weeks ago choeng thale, thalang, phuket ฿4,000,000 (฿95,200/sqm) 2 bedroom condo for sale at zcape i this exclusive 2-bedroom corner unit is the only unit of its kind on the 4th floor, offering enhanced privacy and natural light. positioned at the quiet backside of the building, the unit enjoys peace... details: 2 bedroom(s) 1 bathroom(s) 42 sqm property type: condo beach"", ""tags"": [""rent:฿30,000/mo| roi:9%"", ""cam fee:฿1,596/mo"", ""updated: 4 weeks ago""], ""location_text"": ""Choeng Thale, Thalang, Phuket"", ""url"": ""https://www.fazwaz.com/property-sales/2-bedroom-condo-for-sale-at-zcape-i-in-choeng-thale-phuket-u5957518""}",2026-04-21 09:04:24.366651,2026-04-21 09:04:24.366651,1
590,fazwaz,4-bedroom-house-for-sale-at-baan-suan-thai-in-wichit-phuket-u1813842,https://www.fazwaz.com/property-sales/4-bedroom-house-for-sale-at-baan-suan-thai-in-wichit-phuket-u1813842,Baan Suan Thai,,,phuket-town,"Wichit, Phuket Town, Phuket",,,house,unknown,,,4.0,5.0,200.0,,,,45000000.0,225000.0,,,,,unknown,,0,,0,0,1,0,,,0,,,,,,"{""card_text"": ""see all baan suan thai updated 4 hours ago wichit, phuket town, phuket ฿45,000,000 (฿225,000/sqm) 4 bedroom house for sale at baan suan thai this property is a 200 sqm house with 4 bedrooms and 5 bathrooms that is available for sale. it is part of the baan suan thai  project in wichit, phuket. you can buy this house for a ba... details: 4 bedroom(s) 5 bathroom(s) 200 sqm property type: house low r"", ""tags"": [""rent:฿90,000/mo| roi:2%"", ""updated: 4 hours ago""], ""location_text"": ""Wichit, Phuket Town, Phuket"", ""url"": ""https://www.fazwaz.com/property-sales/4-bedroom-house-for-sale-at-baan-suan-thai-in-wichit-phuket-u1813842""}",2026-04-21 09:04:24.366651,2026-04-21 09:04:24.366651,1
591,fazwaz,2-bedroom-condo-for-sale-at-rawai-condominium-in-rawai-phuket-u1830070,https://www.fazwaz.com/property-sales/2-bedroom-condo-for-sale-at-rawai-condominium-in-rawai-phuket-u1830070,Rawai Condominium,,,rawai,"Rawai, Phuket Town, Phuket",,,condo,unknown,,,,,,,,,7500000.0,,,,,,unknown,,0,,0,1,1,0,,,0,,,,,,"{""card_text"": ""see all rawai condominium updated 1 week ago rawai, phuket town, phuket ฿7,500,000 (฿54,400/sqm) 2 bedroom condo for sale at rawai condominium e1 can be your next home sweet home for your entire life. the rawai condominium is close to rawai beach and nai han beach also rawai area is for those who love healthy and city life. details: 2 bedroom(s) 2 bathroom(s) 138 sqm property type: condo beach 2.6"", ""tags"": [""est. rent:฿43,800/mo| roi:7%"", ""cam fee:฿4,554/mo"", ""updated: 1 week ago""], ""location_text"": ""Rawai, Phuket Town, Phuket"", ""url"": ""https://www.fazwaz.com/property-sales/2-bedroom-condo-for-sale-at-rawai-condominium-in-rawai-phuket-u1830070""}",2026-04-21 09:04:24.366651,2026-04-21 09:04:24.366651,1
592,fazwaz,1-bedroom-condo-for-sale-at-laguna-lakeside-in-choeng-thale-phuket-u5703190,https://www.fazwaz.com/property-sales/1-bedroom-condo-for-sale-at-laguna-lakeside-in-choeng-thale-phuket-u5703190,Laguna Lakeside,,,cherng-talay,"Choeng Thale, Thalang, Phuket",,,condo,leasehold,,,1.0,1.0,40.0,,,,6900000.0,172500.0,,,,,unknown,,0,,0,0,1,0,,,0,,,,,,"{""card_text"": ""see all laguna lakeside updated 1 week ago choeng thale, thalang, phuket ฿6,900,000 ฿11,000,000 (฿115,000/sqm) 1 bedroom condo for sale at laguna lakeside this property is a 40 sqm condo with 1 bedroom and 1 bathroom that is available for sale. it is part of the laguna lakeside project in choeng thale, phuket and was comple... details: 1 bedroom(s) 1 bathroom(s) 60 sqm property type: condo leaseho"", ""tags"": [""est. rent:฿49,300/mo| roi:9%"", ""cam fee:฿50/mo"", ""updated: 1 week ago""], ""location_text"": ""Choeng Thale, Thalang, Phuket"", ""url"": ""https://www.fazwaz.com/property-sales/1-bedroom-condo-for-sale-at-laguna-lakeside-in-choeng-thale-phuket-u5703190""}",2026-04-21 09:04:24.366651,2026-04-21 09:04:24.366651,1
593,fazwaz,2-bedroom-apartment-for-sale-at-laguna-lakeside-in-choeng-thale-phuket-u2015212,https://www.fazwaz.com/property-sales/2-bedroom-apartment-for-sale-at-laguna-lakeside-in-choeng-thale-phuket-u2015212,Laguna Lakeside,,,cherng-talay,"Choeng Thale, Thalang, Phuket",,,condo,leasehold,,,,,,,,,11000000.0,,,,,,unknown,,0,,0,1,0,0,,,0,,,,,,"{""card_text"": ""see all laguna lakeside updated 1 month ago choeng thale, thalang, phuket ฿11,000,000 (฿196,000/sqm) 2 bedroom apartment for sale at laguna lakeside laguna lakeside is a condo and apartment project located in choeng thale, phuket and it is scheduled for completion in jun 2024. it has 114 units across 7 floors and was developed by , who is also beh... details: 2 bedroom(s) 2 bathroom(s) 56 sqm prop"", ""tags"": [""rent:฿66,000/mo| roi:7%"", ""updated: 1 month ago""], ""location_text"": ""Choeng Thale, Thalang, Phuket"", ""url"": ""https://www.fazwaz.com/property-sales/2-bedroom-apartment-for-sale-at-laguna-lakeside-in-choeng-thale-phuket-u2015212""}",2026-04-21 09:04:24.383087,2026-04-21 09:04:24.383087,1
594,fazwaz,studio-condo-for-sale-at-aristo-2-in-choeng-thale-phuket-u5878680,https://www.fazwaz.com/property-sales/studio-condo-for-sale-at-aristo-2-in-choeng-thale-phuket-u5878680,Aristo 2,,,cherng-talay,"Choeng Thale, Thalang, Phuket",,,condo,freehold,,,,,28.0,,,,3100000.0,110714.29,,,,,unknown,,0,,0,1,0,0,,,0,,,,,,"{""card_text"": ""see all aristo 2 updated 2 months ago choeng thale, thalang, phuket ฿3,100,000 (฿111,000/sqm) studio condo for sale at aristo 2 for sale: studio condo/apartment – the aristo 2, surin beach   a modern 28 sq.m. freehold studio located on the 3rd floor in the sought-after the aristo condo 2, just a short walk from two... details: studio 1 bathroom(s) 28 sqm property type: condo beach 0.73 km foreign "", ""tags"": [""est. rent:฿31,800/mo| roi:12%"", ""cam fee:฿1,400/mo"", ""sinking fund:฿4,760"", ""updated: 2 months ago""], ""location_text"": ""Choeng Thale, Thalang, Phuket"", ""url"": ""https://www.fazwaz.com/property-sales/studio-condo-for-sale-at-aristo-2-in-choeng-thale-phuket-u5878680""}",2026-04-21 09:04:24.383087,2026-04-21 09:04:24.383087,1
595,fazwaz,1-bedroom-apartment-for-sale-at-nai-harn-beach-condominium-in-rawai-phuket-u5662971,https://www.fazwaz.com/property-sales/1-bedroom-apartment-for-sale-at-nai-harn-beach-condominium-in-rawai-phuket-u5662971,Nai Harn Beach Condominium,,,rawai,"Rawai, Phuket Town, Phuket",,,condo,unknown,,,,,,,,,3950000.0,,,,,,unknown,,0,,0,0,0,0,,,0,,,,,,"{""card_text"": ""see all nai harn beach condominium updated 4 days ago rawai, phuket town, phuket ฿3,950,000 (฿79,000/sqm) 1 bedroom apartment for sale at nai harn beach condominium nai harn beach condo, a new low-rise condominium project in modern style, delivered fully furnished with a full set of high-end furniture. it is surrounded by a pleasantly tranquil area in soi suan wa... details: 1 bedroom(s) 1 bathroo"", ""tags"": [""est. rent:฿37,500/mo| roi:11%"", ""cam fee:฿3,500/mo"", ""updated: 4 days ago""], ""location_text"": ""Rawai, Phuket Town, Phuket"", ""url"": ""https://www.fazwaz.com/property-sales/1-bedroom-apartment-for-sale-at-nai-harn-beach-condominium-in-rawai-phuket-u5662971""}",2026-04-21 09:04:24.383087,2026-04-21 09:04:24.383087,1
596,fazwaz,1-bedroom-condo-for-sale-at-palmetto-condo-in-karon-phuket-u5895895,https://www.fazwaz.com/property-sales/1-bedroom-condo-for-sale-at-palmetto-condo-in-karon-phuket-u5895895,Palmetto Condo,,,karon,"Karon, Phuket Town, Phuket",,,condo,unknown,,,,,,,,,4375000.0,,,,,,unknown,,0,,0,1,0,0,,,0,,,,,,"{""card_text"": ""see all palmetto condo updated 2 months ago karon, phuket town, phuket ฿4,375,000 (฿112,000/sqm) 1 bedroom condo for sale at palmetto condo for sale: sea view apartment at palmetto condominium — karon beach project: palmetto condominium1 building • 6 floors • only 30 units just 800 meters from karon beach (12-minute walk)... details: 1 bedroom(s) 1 bathroom(s) 39 sqm property type: condo beach 1.7"", ""tags"": [""cam fee:฿2,340/mo"", ""sinking fund:฿19,500"", ""updated: 2 months ago""], ""location_text"": ""Karon, Phuket Town, Phuket"", ""url"": ""https://www.fazwaz.com/property-sales/1-bedroom-condo-for-sale-at-palmetto-condo-in-karon-phuket-u5895895""}",2026-04-21 09:04:24.383087,2026-04-21 09:04:24.383087,1
597,fazwaz,1-bedroom-condo-for-sale-at-mida-grande-resort-condominiums-in-choeng-thale-phuket-u6010748,https://www.fazwaz.com/property-sales/1-bedroom-condo-for-sale-at-mida-grande-resort-condominiums-in-choeng-thale-phuket-u6010748,Mida Grande Resort Condominiums,,,cherng-talay,"Choeng Thale, Thalang, Phuket",,,condo,leasehold,,,1.0,,36.0,,,,5500000.0,152777.78,,,,,unknown,,0,,0,1,0,0,,,0,,,,,,"{""card_text"": ""see all mida grande resort condominiums 7% guar. return for 3 years updated 1 day ago choeng thale, thalang, phuket ฿5,500,000 (฿153,000/sqm) 1 bedroom condo for sale at mida grande resort condominiums a highly attractive 1-bedroom condominium for sale in mida grande surin, located in building 5 on the 5th floor, offering a beautiful sea view.\nproperty details:\n\nsize: 36 sqm\nlayout: 1 bedr... deta"", ""tags"": [""cam fee:฿1,800/mo"", ""sinking fund:฿18,000"", ""updated: 1 day ago""], ""location_text"": ""Choeng Thale, Thalang, Phuket"", ""url"": ""https://www.fazwaz.com/property-sales/1-bedroom-condo-for-sale-at-mida-grande-resort-condominiums-in-choeng-thale-phuket-u6010748""}",2026-04-21 09:04:24.394779,2026-04-21 09:04:24.394779,1
598,fazwaz,10-bedroom-villa-for-sale-at-the-cape-residences-in-pa-khlok-phuket-u6189681,https://www.fazwaz.com/property-sales/10-bedroom-villa-for-sale-at-the-cape-residences-in-pa-khlok-phuket-u6189681,The Cape Residences,,,pa-khlok,"Pa Khlok, Thalang, Phuket",,,villa,unknown,,,,,,,,,578000000.0,,,,,,unknown,,0,,0,0,0,0,,,0,,,,,,"{""card_text"": ""see all the cape residences updated 6 days ago pa khlok, thalang, phuket ฿578,000,000 (฿150,000/sqm) 10 bedroom villa for sale at the cape residences the cape residencesrelax with the melodies of the ocean waves and immerse your happiness at \""the cape residences.\"" it is a luxury villa amidst the beauty of the sea, sand, and sky. the project offers... details: 10 bedroom(s) 12 bathroom(s) 3,845 sqm"", ""tags"": [""updated: 6 days ago""], ""location_text"": ""Pa Khlok, Thalang, Phuket"", ""url"": ""https://www.fazwaz.com/property-sales/10-bedroom-villa-for-sale-at-the-cape-residences-in-pa-khlok-phuket-u6189681""}",2026-04-21 09:04:24.396507,2026-04-21 09:04:24.396507,1
599,fazwaz,studio-condo-for-sale-at-the-marin-phuket-in-kamala-phuket-u1891415,https://www.fazwaz.com/property-sales/studio-condo-for-sale-at-the-marin-phuket-in-kamala-phuket-u1891415,The Marin Phuket,,,kamala,"Kamala, Kathu, Phuket",,,condo,unknown,,,,,,,,,5220000.0,,,,,,unknown,,0,,0,1,0,0,,,0,,,,,,"{""card_text"": ""see all the marin phuket updated 1 week ago kamala, kathu, phuket ฿5,220,000 ฿6,400,000 (฿130,000/sqm) studio condo for sale at the marin phuket the marin phuketget away from the chaos to tranquil nature and complete privacy at the marin phuket, the luxurious modern condominium resort embraced by nature in kamala, phuket. the province, one of... details: studio 1 bathroom(s) 40 sqm property type: "", ""tags"": [""cam fee:฿2,400/mo"", ""sinking fund:฿24,000"", ""updated: 1 week ago""], ""location_text"": ""Kamala, Kathu, Phuket"", ""url"": ""https://www.fazwaz.com/property-sales/studio-condo-for-sale-at-the-marin-phuket-in-kamala-phuket-u1891415""}",2026-04-21 09:04:24.398259,2026-04-21 09:04:24.398259,1
